; generated by PrusaSlicer 2.9.6 on 2026-07-25 at 14:41:37 UTC

; 

; external perimeters extrusion width = 0.42mm
; perimeters extrusion width = 0.44mm
; infill extrusion width = 0.44mm
; solid infill extrusion width = 0.44mm
; top infill extrusion width = 0.40mm
; support material extrusion width = 0.36mm
; first layer extrusion width = 0.42mm

M201 X500 Y500 Z100 E5000 ; sets maximum accelerations, mm/sec^2
M203 X500 Y500 Z10 E60 ; sets maximum feedrates, mm / sec
M204 S500 T1000 ; sets acceleration (S) and retract acceleration (R), mm/sec^2
M205 X8.00 Y8.00 Z0.40 E5.00 ; sets the jerk limits, mm/sec
M205 S0 T0 ; sets the minimum extruding and travel feed rate, mm/sec

; printing object 2.5 mm-spacer.stl id:0 copy 0
; stop printing object 2.5 mm-spacer.stl id:0 copy 0

;TYPE:Custom
G90 ; use absolute coordinates
M83 ; extruder relative mode
M104 S160 ; set temporary nozzle temp to prevent oozing during homing
M140 S70 ; set final bed temp
G4 S30 ; allow partial nozzle warmup
G28 ; home all axis
G1 Z50 F240
G1 X2.0 Y10 F3000
M104 S240 ; set final nozzle temp
M190 S70 ; wait for bed temp to stabilize
M109 S240 ; wait for nozzle temp to stabilize
G1 Z0.28 F240
G92 E0
G1 X2.0 Y140 E10 F1500 ; prime the nozzle
G1 X2.3 Y140 F5000
G92 E0
G1 X2.3 Y10 E10 F1200 ; prime the nozzle
G92 E0
G21 ; set units to millimeters
G90 ; use absolute coordinates
M83 ; use relative distances for extrusion
; Filament gcode
M107
;LAYER_CHANGE
;Z:0.2
;HEIGHT:0.2
G1 E-5 F3600
G1 Z.2 F9000
G1 X105.188 Y104.491
G1 E5 F2400
M204 S500
;TYPE:Skirt/Brim
;WIDTH:0.42
G1 F900
G1 X106.694 Y103.478 E.05691
G1 X107.963 Y102.976 E.04279
G1 X109.28 Y102.722 E.04205
G1 X110.59 Y102.712 E.04108
G1 X111.882 Y102.935 E.04111
G1 X113.113 Y103.386 E.04111
G1 X114.244 Y104.049 E.04111
G1 X115.238 Y104.904 E.04111
G1 X116.064 Y105.922 E.0411
G1 X116.695 Y107.072 E.04113
G1 X117.11 Y108.315 E.04109
G1 X117.296 Y109.613 E.04111
G1 X117.296 Y110.387 E.02427
G1 X117.11 Y111.685 E.04111
G1 X116.695 Y112.928 E.04109
G1 X115.765 Y114.489 E.05697
G1 X114.85 Y115.468 E.04202
G1 X113.795 Y116.247 E.04112
G1 X112.619 Y116.825 E.04109
G1 X111.358 Y117.184 E.04111
G1 X110.59 Y117.288 E.0243
G1 X109.333 Y117.281 E.03941
G1 X107.992 Y117.033 E.04276
G1 X106.768 Y116.563 E.04111
G1 X105.648 Y115.881 E.04112
G1 X104.668 Y115.011 E.04109
G1 X103.859 Y113.979 E.04111
G1 X103.247 Y112.82 E.04109
G1 X102.852 Y111.569 E.04113
G1 X102.686 Y109.731 E.05786
G1 X102.852 Y108.431 E.04109
G1 X103.247 Y107.18 E.04113
G1 X103.859 Y106.021 E.04109
G1 X104.314 Y105.395 E.02426
G1 X105.146 Y104.534 E.03754
G1 X105.407 Y104.803 F9000
G1 F900
G1 X105.463 Y104.749 E.00244
G1 X106.473 Y104.024 E.03898
G1 X107.597 Y103.492 E.03899
G1 X108.797 Y103.168 E.03897
G1 X110.574 Y103.088 E.05577
G1 X111.798 Y103.303 E.03897
G1 X112.471 Y103.521 E.02218
G1 X113.588 Y104.068 E.039
G1 X114.589 Y104.805 E.03897
G1 X115.443 Y105.709 E.03899
G1 X116.122 Y106.751 E.039
G1 X116.603 Y107.897 E.03897
G1 X116.921 Y109.647 E.05577
G1 X116.873 Y110.889 E.03897
G1 X116.603 Y112.103 E.03899
G1 X116.122 Y113.249 E.03897
G1 X115.443 Y114.291 E.039
G1 X114.589 Y115.195 E.03899
G1 X113.588 Y115.932 E.03897
G1 X112.471 Y116.479 E.039
G1 X111.274 Y116.817 E.039
G1 X110.574 Y116.912 E.02215
G1 X109.33 Y116.904 E.03901
G1 X108.108 Y116.675 E.03898
G1 X106.947 Y116.231 E.03897
G1 X105.883 Y115.586 E.03901
G1 X104.632 Y114.396 E.05414
G1 X103.906 Y113.324 E.04059
G1 X103.411 Y112.183 E.039
G1 X103.127 Y110.973 E.03897
G1 X103.063 Y109.731 E.03899
G1 X103.223 Y108.498 E.03898
G1 X103.6 Y107.313 E.03899
G1 X104.182 Y106.214 E.03899
G1 X104.918 Y105.276 E.03738
G1 X105.363 Y104.845 E.01942
G1 X105.636 Y105.108 F9000
G1 F900
G1 X105.698 Y105.044 E.00279
G1 X106.652 Y104.356 E.03688
G1 X107.713 Y103.85 E.03686
G1 X108.848 Y103.542 E.03687
G1 X110.557 Y103.465 E.05364
G1 X111.714 Y103.671 E.03685
G1 X112.817 Y104.08 E.03688
G1 X113.829 Y104.679 E.03687
G1 X114.717 Y105.449 E.03685
G1 X115.454 Y106.366 E.03689
G1 X116.015 Y107.399 E.03686
G1 X116.24 Y107.997 E.02003
G1 X116.497 Y109.145 E.03689
G1 X116.545 Y110.32 E.03687
G1 X116.383 Y111.484 E.03685
G1 X116.015 Y112.601 E.03687
G1 X115.454 Y113.635 E.03688
G1 X114.328 Y114.923 E.05364
G1 X113.38 Y115.618 E.03686
G1 X112.322 Y116.132 E.03688
G1 X111.19 Y116.449 E.03686
G1 X110.557 Y116.535 E.02003
G1 X109.381 Y116.53 E.03687
G1 X108.225 Y116.316 E.03686
G1 X107.125 Y115.898 E.0369
G1 X105.698 Y114.956 E.05361
G1 X104.882 Y114.109 E.03688
G1 X104.23 Y113.13 E.03688
G1 X103.764 Y112.051 E.03685
G1 X103.498 Y110.906 E.03686
G1 X103.44 Y110.269 E.02006
G1 X103.498 Y109.094 E.03689
G1 X103.764 Y107.949 E.03686
G1 X104.23 Y106.87 E.03685
G1 X104.882 Y105.891 E.03688
G1 X105.595 Y105.151 E.03222
G1 X105.852 Y105.417 F9000
G1 F900
G1 X105.933 Y105.339 E.00353
G1 X106.83 Y104.688 E.03475
G1 X107.83 Y104.209 E.03477
G1 X108.898 Y103.916 E.03472
G1 X110.54 Y103.842 E.05154
G1 X111.631 Y104.038 E.03476
G1 X112.669 Y104.426 E.03475
G1 X113.621 Y104.993 E.03474
G1 X114.068 Y105.35 E.01794
G1 X114.833 Y106.152 E.03475
G1 X115.442 Y107.078 E.03475
G1 X115.876 Y108.098 E.03476
G1 X116.17 Y109.714 E.0515
G1 X116.121 Y110.821 E.03474
G1 X115.876 Y111.902 E.03475
G1 X115.442 Y112.922 E.03476
G1 X114.833 Y113.848 E.03475
G1 X114.068 Y114.65 E.03475
G1 X113.172 Y115.303 E.03476
G1 X112.174 Y115.785 E.03475
G1 X111.106 Y116.081 E.03475
G1 X110.54 Y116.158 E.01791
G1 X109.431 Y116.157 E.03477
G1 X108.341 Y115.957 E.03475
G1 X107.304 Y115.566 E.03475
G1 X106.353 Y114.997 E.03475
G1 X105.2 Y113.9 E.0499
G1 X104.554 Y112.937 E.03636
G1 X104.117 Y111.918 E.03476
G1 X103.869 Y110.838 E.03474
G1 X103.817 Y109.731 E.03475
G1 X103.965 Y108.633 E.03474
G1 X104.306 Y107.578 E.03476
G1 X104.83 Y106.601 E.03476
G1 X105.486 Y105.773 E.03312
G1 X105.809 Y105.458 E.01415
G1 E-3.5 F3600
;WIPE_START
G1 F7200
G1 X105.852 Y105.417 E-.02822
G1 X105.933 Y105.339 E-.05341
G1 X106.83 Y104.688 E-.52646
G1 X107.83 Y104.209 E-.52668
G1 X108.572 Y104.005 E-.36523
;WIPE_END
; printing object 2.5 mm-spacer.stl id:0 copy 0
G1 X108.566 Y108.736 F9000
G1 E5 F2400
;TYPE:External perimeter
;WIDTH:0.419999
G1 F900
G1 X108.58 Y108.717 E.00074
G1 X108.928 Y108.416 E.01443
G1 X109.338 Y108.207 E.01443
G1 X109.891 Y108.102 E.01765
G1 X110.247 Y108.107 E.01116
G1 X110.692 Y108.223 E.01442
G1 X111.164 Y108.5 E.01716
G1 X111.438 Y108.751 E.01165
G1 X111.695 Y109.133 E.01444
G1 X111.862 Y109.638 E.01668
G1 X111.903 Y110.023 E.01214
G1 X111.843 Y110.479 E.01442
G1 X111.642 Y110.955 E.0162
G1 X111.408 Y111.283 E.01263
G1 X111.06 Y111.584 E.01443
G1 X110.61 Y111.803 E.01569
G1 X110.202 Y111.898 E.01313
G1 X109.741 Y111.893 E.01446
G1 X109.273 Y111.766 E.0152
G1 X108.891 Y111.559 E.01362
G1 X108.572 Y111.27 E.0135
G1 X108.307 Y110.897 E.01435
G1 X108.134 Y110.435 E.01547
G1 X108.084 Y109.977 E.01445
G1 X108.145 Y109.521 E.01442
G1 X108.314 Y109.092 E.01446
G1 X108.532 Y108.785 E.01181
G1 X108.283 Y108.484 F9000
;TYPE:Perimeter
;WIDTH:0.437594
G1 F900
G1 X108.324 Y108.428 E.00228
;WIDTH:0.443402
G1 X108.747 Y108.071 E.01843
G1 X109.246 Y107.832 E.01842
;WIDTH:0.438238
G1 X109.786 Y107.715 E.01816
;WIDTH:0.442186
G1 X110.34 Y107.73 E.0184
G1 X110.871 Y107.882 E.01834
;WIDTH:0.43899
G1 X111.354 Y108.152 E.01822
;WIDTH:0.44108
G1 X111.757 Y108.531 E.01832
G1 X112.035 Y108.951 E.01668
;WIDTH:0.433896
G1 X112.218 Y109.436 E.01685
;WIDTH:0.442124
G1 X112.288 Y110.069 E.02114
;WIDTH:0.440082
G1 X112.203 Y110.616 E.01828
;WIDTH:0.440834
G1 X111.993 Y111.128 E.01831
G1 X111.665 Y111.573 E.01829
;WIDTH:0.439196
G1 X111.239 Y111.925 E.01821
;WIDTH:0.44864
G1 X110.703 Y112.183 E.02007
G1 X110.202 Y112.285 E.01725
;WIDTH:0.43842
G1 X109.649 Y112.267 E.0182
;WIDTH:0.44744
G1 X109.091 Y112.112 E.01948
G1 X108.635 Y111.847 E.01774
;WIDTH:0.439248
G1 X108.257 Y111.494 E.01704
;WIDTH:0.446126
G1 X107.924 Y110.997 E.02006
G1 X107.752 Y110.481 E.01824
;WIDTH:0.437186
G1 X107.702 Y109.931 E.01811
;WIDTH:0.44473
G1 X107.781 Y109.383 E.0185
G1 X107.997 Y108.874 E.01847
;WIDTH:0.437594
G1 X108.247 Y108.533 E.01388
G1 X107.95 Y108.273 F9000
;TYPE:External perimeter
;WIDTH:0.419999
G1 F900
G1 X108.033 Y108.174 E.00405
G1 X108.417 Y107.832 E.01612
G1 X108.906 Y107.544 E.01779
G1 X109.362 Y107.39 E.01509
G1 X109.735 Y107.333 E.01183
G1 X110.245 Y107.331 E.01599
G1 X110.79 Y107.435 E.0174
G1 X111.235 Y107.618 E.01509
G1 X111.567 Y107.829 E.01233
G1 X111.948 Y108.163 E.01589
G1 X112.281 Y108.592 E.01703
G1 X112.496 Y109.023 E.0151
G1 X112.639 Y109.52 E.01622
G1 X112.68 Y110.035 E.0162
G1 X112.643 Y110.445 E.01291
G1 X112.574 Y110.718 E.00883
G1 X112.381 Y111.215 E.01672
G1 X112.063 Y111.709 E.01842
G1 X111.696 Y112.078 E.01632
G1 X111.451 Y112.247 E.00933
G1 X110.981 Y112.49 E.01659
G1 X110.416 Y112.65 E.01841
G1 X109.909 Y112.684 E.01593
G1 X109.597 Y112.649 E.00984
G1 X109.087 Y112.521 E.01649
G1 X108.563 Y112.271 E.0182
G1 X108.164 Y111.966 E.01575
G1 X107.966 Y111.749 E.00921
G1 X107.646 Y111.292 E.01749
G1 X107.417 Y110.754 E.01833
G1 X107.322 Y110.276 E.01528
G1 X107.316 Y109.931 E.01082
G1 X107.378 Y109.417 E.01623
G1 X107.559 Y108.866 E.01818
G1 X107.801 Y108.45 E.01509
G1 X107.911 Y108.319 E.00536
;LAYER_CHANGE
;Z:0.28
;HEIGHT:0.08
;BEFORE_LAYER_CHANGE
G92 E0
;0.28


G1 E-3.5 F3600
;WIPE_START
G1 F7200
G1 X107.95 Y108.273 E-.02865
G1 X108.033 Y108.174 E-.06137
G1 X108.417 Y107.832 E-.24425
G1 X108.906 Y107.544 E-.26957
G1 X109.362 Y107.39 E-.22862
G1 X109.735 Y107.333 E-.17923
G1 X110.245 Y107.331 E-.24225
G1 X110.754 Y107.428 E-.24606
;WIPE_END
G1 Z.28 F9000
;AFTER_LAYER_CHANGE
;0.28
; stop printing object 2.5 mm-spacer.stl id:0 copy 0
G1 X104.591 Y105.108
G1 E5 F2400
;TYPE:Skirt/Brim
;WIDTH:0.42
G1 F900
G1 X105.188 Y104.491 E.0115
G1 X106.694 Y103.478 E.02432
G1 X107.963 Y102.976 E.01828
G1 X109.28 Y102.722 E.01797
G1 X110.59 Y102.712 E.01755
G1 X111.882 Y102.935 E.01757
G1 X113.113 Y103.386 E.01757
G1 X114.244 Y104.049 E.01757
G1 X115.238 Y104.904 E.01757
G1 X116.064 Y105.922 E.01756
G1 X116.695 Y107.072 E.01758
G1 X117.11 Y108.315 E.01756
G1 X117.296 Y109.613 E.01757
G1 X117.296 Y110.387 E.01037
G1 X117.11 Y111.685 E.01757
G1 X116.695 Y112.928 E.01756
G1 X115.765 Y114.489 E.02435
G1 X114.85 Y115.468 E.01795
G1 X113.795 Y116.247 E.01757
G1 X112.619 Y116.825 E.01756
G1 X111.358 Y117.184 E.01757
G1 X110.59 Y117.288 E.01038
G1 X109.333 Y117.281 E.01684
G1 X107.992 Y117.033 E.01827
G1 X106.768 Y116.563 E.01757
G1 X105.648 Y115.881 E.01757
G1 X104.668 Y115.011 E.01756
G1 X103.859 Y113.979 E.01757
G1 X103.247 Y112.82 E.01756
G1 X102.852 Y111.569 E.01758
G1 X102.686 Y109.731 E.02473
G1 X102.852 Y108.431 E.01756
G1 X103.247 Y107.18 E.01758
G1 X103.859 Y106.021 E.01756
G1 X104.314 Y105.395 E.01037
G1 X104.55 Y105.151 E.00455
G1 X104.839 Y105.377 F9000
G1 F900
G1 X104.918 Y105.276 E.00172
G1 X105.463 Y104.749 E.01016
G1 X106.473 Y104.024 E.01666
G1 X107.597 Y103.492 E.01666
G1 X108.797 Y103.168 E.01665
G1 X110.574 Y103.088 E.02383
G1 X111.798 Y103.303 E.01665
G1 X112.471 Y103.521 E.00948
G1 X113.588 Y104.068 E.01666
G1 X114.589 Y104.805 E.01665
G1 X115.443 Y105.709 E.01666
G1 X116.122 Y106.751 E.01666
G1 X116.603 Y107.897 E.01665
G1 X116.921 Y109.647 E.02383
G1 X116.873 Y110.889 E.01665
G1 X116.603 Y112.103 E.01666
G1 X116.122 Y113.249 E.01665
G1 X115.443 Y114.291 E.01666
G1 X114.589 Y115.195 E.01666
G1 X113.588 Y115.932 E.01665
G1 X112.471 Y116.479 E.01666
G1 X111.274 Y116.817 E.01666
G1 X110.574 Y116.912 E.00946
G1 X109.33 Y116.904 E.01667
G1 X108.108 Y116.675 E.01666
G1 X106.947 Y116.231 E.01665
G1 X105.883 Y115.586 E.01667
G1 X104.632 Y114.396 E.02313
G1 X103.906 Y113.324 E.01735
G1 X103.411 Y112.183 E.01666
G1 X103.127 Y110.973 E.01665
G1 X103.063 Y109.731 E.01666
G1 X103.223 Y108.498 E.01666
G1 X103.6 Y107.313 E.01666
G1 X104.182 Y106.214 E.01666
G1 X104.802 Y105.424 E.01346
G1 X105.076 Y105.689 F9000
G1 F900
G1 X105.698 Y105.044 E.01201
G1 X106.652 Y104.356 E.01576
G1 X107.713 Y103.85 E.01575
G1 X108.848 Y103.542 E.01576
G1 X110.557 Y103.465 E.02292
G1 X111.714 Y103.671 E.01575
G1 X112.817 Y104.08 E.01576
G1 X113.829 Y104.679 E.01576
G1 X114.717 Y105.449 E.01575
G1 X115.454 Y106.366 E.01576
G1 X116.015 Y107.399 E.01575
G1 X116.24 Y107.997 E.00856
G1 X116.497 Y109.145 E.01576
G1 X116.545 Y110.32 E.01576
G1 X116.383 Y111.484 E.01575
G1 X116.015 Y112.601 E.01576
G1 X115.454 Y113.635 E.01576
G1 X114.328 Y114.923 E.02292
G1 X113.38 Y115.618 E.01575
G1 X112.322 Y116.132 E.01576
G1 X111.19 Y116.449 E.01575
G1 X110.557 Y116.535 E.00856
G1 X109.381 Y116.53 E.01576
G1 X108.225 Y116.316 E.01575
G1 X107.125 Y115.898 E.01577
G1 X105.698 Y114.956 E.02291
G1 X104.882 Y114.109 E.01576
G1 X104.23 Y113.13 E.01576
G1 X103.764 Y112.051 E.01575
G1 X103.498 Y110.906 E.01575
G1 X103.44 Y110.269 E.00857
G1 X103.498 Y109.094 E.01576
G1 X103.764 Y107.949 E.01575
G1 X104.23 Y106.87 E.01575
G1 X104.882 Y105.891 E.01576
G1 X105.035 Y105.732 E.00296
G1 X105.332 Y105.967 F9000
G1 F900
G1 X105.486 Y105.773 E.00332
G1 X105.933 Y105.339 E.00835
G1 X106.83 Y104.688 E.01485
G1 X107.83 Y104.209 E.01486
G1 X108.898 Y103.916 E.01484
G1 X110.54 Y103.842 E.02202
G1 X111.631 Y104.038 E.01485
G1 X112.669 Y104.426 E.01485
G1 X113.621 Y104.993 E.01485
G1 X114.068 Y105.35 E.00766
G1 X114.833 Y106.152 E.01485
G1 X115.442 Y107.078 E.01485
G1 X115.876 Y108.098 E.01485
G1 X116.17 Y109.714 E.02201
G1 X116.121 Y110.821 E.01485
G1 X115.876 Y111.902 E.01485
G1 X115.442 Y112.922 E.01485
G1 X114.833 Y113.848 E.01485
G1 X114.068 Y114.65 E.01485
G1 X113.172 Y115.303 E.01485
G1 X112.174 Y115.785 E.01485
G1 X111.106 Y116.081 E.01485
G1 X110.54 Y116.158 E.00765
G1 X109.431 Y116.157 E.01486
G1 X108.341 Y115.957 E.01485
G1 X107.304 Y115.566 E.01485
G1 X106.353 Y114.997 E.01485
G1 X105.2 Y113.9 E.02132
G1 X104.554 Y112.937 E.01554
G1 X104.117 Y111.918 E.01486
G1 X103.869 Y110.838 E.01485
G1 X103.817 Y109.731 E.01485
G1 X103.965 Y108.633 E.01484
G1 X104.306 Y107.578 E.01486
G1 X104.83 Y106.601 E.01485
G1 X105.294 Y106.014 E.01003
G1 E-3.5 F3600
;WIPE_START
G1 F7200
G1 X105.332 Y105.967 E-.02871
G1 X105.486 Y105.773 E-.11765
G1 X105.933 Y105.339 E-.29594
G1 X106.83 Y104.688 E-.52646
G1 X107.83 Y104.209 E-.52668
G1 X107.839 Y104.206 E-.00456
;WIPE_END
; printing object 2.5 mm-spacer.stl id:0 copy 0
G1 X108.656 Y108.815 F9000
G1 E5 F2400
;TYPE:External perimeter
;WIDTH:0.419999
G1 F900
G1 X108.73 Y108.72 E.00161
G1 X109.019 Y108.481 E.00502
G1 X109.375 Y108.3 E.00535
G1 X109.891 Y108.202 E.00704
G1 X110.236 Y108.208 E.00462
G1 X110.658 Y108.318 E.00584
G1 X111.098 Y108.575 E.00683
G1 X111.364 Y108.819 E.00484
G1 X111.607 Y109.181 E.00584
G1 X111.763 Y109.65 E.00662
G1 X111.799 Y109.983 E.00449
G1 X111.744 Y110.456 E.00638
G1 X111.563 Y110.893 E.00634
G1 X111.332 Y111.217 E.00533
G1 X111.001 Y111.502 E.00585
G1 X110.586 Y111.706 E.0062
G1 X110.188 Y111.798 E.00547
G1 X109.752 Y111.792 E.00584
G1 X109.32 Y111.677 E.00599
G1 X108.947 Y111.475 E.00568
G1 X108.624 Y111.181 E.00585
G1 X108.381 Y110.818 E.00585
G1 X108.232 Y110.409 E.00583
G1 X108.189 Y110.017 E.00528
G1 X108.244 Y109.544 E.00638
G1 X108.404 Y109.138 E.00585
G1 X108.619 Y108.862 E.00469
G1 X108.285 Y108.486 F9000
;TYPE:Perimeter
;WIDTH:0.589834
G1 F900
G1 X108.344 Y108.408 E.00186
;WIDTH:0.592424
G1 X108.792 Y108.047 E.01101
G1 X109.259 Y107.829 E.00986
;WIDTH:0.588582
G1 X109.8 Y107.715 E.01051
G1 X110.352 Y107.737 E.0105
;WIDTH:0.58574
G1 X110.884 Y107.887 E.01045
;WIDTH:0.589432
G1 X111.365 Y108.16 E.01053
;WIDTH:0.589704
G1 X111.756 Y108.528 E.01022
G1 X112.036 Y108.955 E.00972
;WIDTH:0.583152
G1 X112.217 Y109.433 E.00962
;WIDTH:0.596892
G1 X112.287 Y110.032 E.01163
;WIDTH:0.596464
G1 X112.198 Y110.629 E.01163
;WIDTH:0.597368
G1 X111.967 Y111.172 E.01139
G1 X111.655 Y111.582 E.00994
;WIDTH:0.58821
G1 X111.227 Y111.932 E.0105
;WIDTH:0.597136
G1 X110.703 Y112.183 E.01121
G1 X110.188 Y112.285 E.01013
;WIDTH:0.58753
G1 X109.636 Y112.264 E.01048
;WIDTH:0.595934
G1 X109.091 Y112.112 E.01089
G1 X108.624 Y111.839 E.01041
;WIDTH:0.586952
G1 X108.224 Y111.457 E.01048
;WIDTH:0.594602
G1 X107.922 Y110.991 E.01066
G1 X107.75 Y110.468 E.01057
;WIDTH:0.590102
G1 X107.704 Y109.968 E.00957
;WIDTH:0.593272
G1 X107.786 Y109.37 E.01157
G1 X108.004 Y108.862 E.01059
;WIDTH:0.589834
G1 X108.249 Y108.534 E.0078
G1 X107.875 Y108.208 F9000
;TYPE:External perimeter
;WIDTH:0.419999
G1 F900
G1 X107.977 Y108.087 E.00212
G1 X108.377 Y107.736 E.00713
G1 X108.859 Y107.456 E.00747
G1 X109.331 Y107.295 E.00668
G1 X109.735 Y107.232 E.00548
G1 X110.318 Y107.234 E.00781
G1 X110.81 Y107.338 E.00674
G1 X111.316 Y107.544 E.00732
G1 X111.733 Y107.819 E.00669
G1 X112.094 Y108.165 E.0067
G1 X112.388 Y108.569 E.00669
G1 X112.605 Y109.02 E.00671
G1 X112.738 Y109.502 E.0067
G1 X112.779 Y110.044 E.00728
G1 X112.742 Y110.454 E.00552
G1 X112.617 Y110.937 E.00668
G1 X112.426 Y111.352 E.00612
G1 X112.134 Y111.769 E.00682
G1 X111.765 Y112.15 E.00711
G1 X111.495 Y112.338 E.00441
G1 X111.024 Y112.581 E.0071
G1 X110.45 Y112.745 E.008
G1 X109.913 Y112.784 E.00721
G1 X109.57 Y112.746 E.00462
G1 X109.062 Y112.618 E.00702
G1 X108.521 Y112.362 E.00802
G1 X108.101 Y112.044 E.00706
G1 X107.858 Y111.777 E.00484
G1 X107.576 Y111.363 E.00671
G1 X107.327 Y110.8 E.00825
G1 X107.224 Y110.294 E.00692
G1 X107.216 Y109.968 E.00437
G1 X107.279 Y109.406 E.00758
G1 X107.464 Y108.835 E.00804
G1 X107.715 Y108.399 E.00674
G1 X107.837 Y108.254 E.00254
;LAYER_CHANGE
;Z:0.36
;HEIGHT:0.08
;BEFORE_LAYER_CHANGE
G92 E0
;0.36


G1 E-3.5 F3600
;WIPE_START
G1 F7200
G1 X107.875 Y108.208 E-.02834
G1 X107.977 Y108.087 E-.07517
G1 X108.377 Y107.736 E-.25278
G1 X108.859 Y107.456 E-.26478
G1 X109.331 Y107.295 E-.23688
G1 X109.735 Y107.232 E-.19422
G1 X110.318 Y107.234 E-.27693
G1 X110.67 Y107.308 E-.1709
;WIPE_END
G1 Z.36 F9000
;AFTER_LAYER_CHANGE
;0.36
G1 X108.656 Y108.815
G1 E5 F2400
G1 F900
G1 X108.736 Y108.712 E.00175
G1 X108.987 Y108.498 E.00442
G1 X109.375 Y108.3 E.00584
G1 X109.891 Y108.202 E.00704
G1 X110.236 Y108.208 E.00462
G1 X110.663 Y108.32 E.00591
G1 X111.098 Y108.575 E.00676
G1 X111.364 Y108.819 E.00484
G1 X111.607 Y109.181 E.00584
G1 X111.763 Y109.65 E.00662
G1 X111.803 Y110.024 E.00504
G1 X111.744 Y110.456 E.00584
G1 X111.559 Y110.898 E.00642
G1 X111.332 Y111.217 E.00525
G1 X111.001 Y111.502 E.00585
G1 X110.586 Y111.706 E.0062
G1 X110.188 Y111.798 E.00547
G1 X109.752 Y111.792 E.00584
G1 X109.32 Y111.677 E.00599
G1 X108.947 Y111.475 E.00568
G1 X108.624 Y111.181 E.00585
G1 X108.381 Y110.819 E.00584
G1 X108.232 Y110.409 E.00584
G1 X108.185 Y109.976 E.00584
G1 X108.244 Y109.544 E.00584
G1 X108.404 Y109.138 E.00585
G1 X108.619 Y108.862 E.00469
G1 X108.284 Y108.485 F9000
;TYPE:Perimeter
;WIDTH:0.587846
G1 F900
G1 X108.334 Y108.418 E.00159
;WIDTH:0.59204
G1 X108.759 Y108.065 E.01056
G1 X109.259 Y107.829 E.01057
;WIDTH:0.588582
G1 X109.8 Y107.715 E.01051
G1 X110.327 Y107.732 E.01002
;WIDTH:0.583556
G1 X110.834 Y107.865 E.00987
;WIDTH:0.58952
G1 X111.324 Y108.134 E.01064
;WIDTH:0.589704
G1 X111.756 Y108.528 E.01113
G1 X112.036 Y108.955 E.00972
;WIDTH:0.583152
G1 X112.217 Y109.433 E.00962
;WIDTH:0.591448
G1 X112.286 Y110.083 E.01249
;WIDTH:0.589004
G1 X112.198 Y110.629 E.01052
;WIDTH:0.598226
G1 X111.964 Y111.177 E.01152
G1 X111.655 Y111.582 E.00985
;WIDTH:0.58821
G1 X111.227 Y111.932 E.0105
;WIDTH:0.597134
G1 X110.703 Y112.183 E.01121
G1 X110.188 Y112.285 E.01013
;WIDTH:0.58753
G1 X109.636 Y112.264 E.01048
;WIDTH:0.595934
G1 X109.091 Y112.112 E.01089
G1 X108.624 Y111.839 E.01041
;WIDTH:0.586952
G1 X108.224 Y111.457 E.01048
;WIDTH:0.594606
G1 X107.923 Y110.993 E.01062
G1 X107.75 Y110.468 E.01062
;WIDTH:0.587212
G1 X107.702 Y109.917 E.01049
;WIDTH:0.593272
G1 X107.786 Y109.37 E.0106
G1 X108.004 Y108.862 E.01059
;WIDTH:0.587846
G1 X108.248 Y108.533 E.00777
G1 X107.875 Y108.208 F9000
;TYPE:External perimeter
;WIDTH:0.419999
G1 F900
G1 X107.967 Y108.098 E.00192
G1 X108.349 Y107.759 E.00684
G1 X108.859 Y107.456 E.00795
G1 X109.331 Y107.295 E.00668
G1 X109.735 Y107.232 E.00548
G1 X110.302 Y107.233 E.0076
G1 X110.81 Y107.338 E.00695
G1 X111.316 Y107.544 E.00732
G1 X111.733 Y107.819 E.00669
G1 X112.094 Y108.165 E.0067
G1 X112.388 Y108.569 E.00669
G1 X112.605 Y109.02 E.00671
G1 X112.738 Y109.502 E.0067
G1 X112.779 Y110.044 E.00728
G1 X112.742 Y110.454 E.00552
G1 X112.667 Y110.758 E.0042
G1 X112.473 Y111.255 E.00715
G1 X112.15 Y111.758 E.00801
G1 X111.765 Y112.15 E.00736
G1 X111.495 Y112.338 E.00441
G1 X111.024 Y112.581 E.0071
G1 X110.45 Y112.745 E.008
G1 X109.913 Y112.784 E.00721
G1 X109.57 Y112.746 E.00462
G1 X109.062 Y112.618 E.00702
G1 X108.521 Y112.362 E.00802
G1 X108.101 Y112.044 E.00706
G1 X107.858 Y111.777 E.00484
G1 X107.564 Y111.349 E.00696
G1 X107.327 Y110.8 E.00801
G1 X107.224 Y110.294 E.00692
G1 X107.216 Y109.917 E.00505
G1 X107.279 Y109.406 E.0069
G1 X107.464 Y108.835 E.00804
G1 X107.715 Y108.399 E.00674
G1 X107.836 Y108.254 E.00253
M106 S127.5
;LAYER_CHANGE
;Z:0.44
;HEIGHT:0.08
;BEFORE_LAYER_CHANGE
G92 E0
;0.44


G1 E-3.5 F3600
;WIPE_START
G1 F7200
G1 X107.875 Y108.208 E-.02865
G1 X107.967 Y108.098 E-.06812
G1 X108.349 Y107.759 E-.2426
G1 X108.859 Y107.456 E-.28178
G1 X109.331 Y107.295 E-.23688
G1 X109.735 Y107.232 E-.19422
G1 X110.302 Y107.233 E-.26933
G1 X110.67 Y107.309 E-.17842
;WIPE_END
G1 Z.44 F9000
;AFTER_LAYER_CHANGE
;0.44
G1 X108.656 Y108.815
G1 E5 F2400
G1 F900
G1 X108.736 Y108.712 E.00175
G1 X108.987 Y108.498 E.00442
G1 X109.375 Y108.3 E.00584
G1 X109.891 Y108.202 E.00704
G1 X110.236 Y108.208 E.00462
G1 X110.658 Y108.318 E.00584
G1 X111.098 Y108.575 E.00683
G1 X111.364 Y108.819 E.00484
G1 X111.607 Y109.181 E.00584
G1 X111.763 Y109.65 E.00662
G1 X111.803 Y110.024 E.00504
G1 X111.744 Y110.456 E.00584
G1 X111.559 Y110.898 E.00642
G1 X111.332 Y111.217 E.00525
G1 X111.001 Y111.502 E.00585
G1 X110.586 Y111.706 E.0062
G1 X110.188 Y111.798 E.00547
G1 X109.752 Y111.792 E.00584
G1 X109.32 Y111.677 E.00599
G1 X108.947 Y111.475 E.00568
G1 X108.624 Y111.181 E.00585
G1 X108.381 Y110.819 E.00584
G1 X108.232 Y110.409 E.00584
G1 X108.185 Y109.976 E.00584
G1 X108.244 Y109.544 E.00584
G1 X108.404 Y109.138 E.00585
G1 X108.619 Y108.862 E.00469
G1 X108.284 Y108.485 F9000
;TYPE:Perimeter
;WIDTH:0.587844
G1 F900
G1 X108.334 Y108.418 E.00159
;WIDTH:0.59204
G1 X108.759 Y108.065 E.01056
G1 X109.259 Y107.829 E.01057
;WIDTH:0.588582
G1 X109.8 Y107.715 E.01051
;WIDTH:0.59092
G1 X110.353 Y107.733 E.01056
G1 X110.884 Y107.887 E.01055
;WIDTH:0.589432
G1 X111.365 Y108.16 E.01053
;WIDTH:0.589706
G1 X111.756 Y108.528 E.01022
G1 X112.036 Y108.955 E.00972
;WIDTH:0.583152
G1 X112.217 Y109.433 E.00962
;WIDTH:0.591448
G1 X112.286 Y110.083 E.01249
;WIDTH:0.589004
G1 X112.198 Y110.629 E.01052
;WIDTH:0.598224
G1 X111.964 Y111.177 E.01152
G1 X111.655 Y111.582 E.00984
;WIDTH:0.588214
G1 X111.227 Y111.932 E.0105
;WIDTH:0.597134
G1 X110.703 Y112.183 E.01121
G1 X110.188 Y112.285 E.01013
;WIDTH:0.58753
G1 X109.636 Y112.264 E.01048
;WIDTH:0.595934
G1 X109.091 Y112.112 E.01089
G1 X108.624 Y111.839 E.01041
;WIDTH:0.586952
G1 X108.224 Y111.457 E.01048
;WIDTH:0.594608
G1 X107.923 Y110.993 E.01062
G1 X107.75 Y110.468 E.01062
;WIDTH:0.587214
G1 X107.702 Y109.917 E.01049
;WIDTH:0.593268
G1 X107.786 Y109.37 E.0106
G1 X108.004 Y108.862 E.01059
;WIDTH:0.587844
G1 X108.248 Y108.533 E.00777
G1 X107.873 Y108.206 F9000
;TYPE:External perimeter
;WIDTH:0.419999
G1 F900
G1 X108.066 Y107.984 E.00394
G1 X108.457 Y107.672 E.0067
G1 X108.898 Y107.435 E.00671
G1 X109.373 Y107.281 E.00669
G1 X109.869 Y107.214 E.00671
G1 X110.368 Y107.236 E.00669
G1 X110.856 Y107.347 E.00671
G1 X111.316 Y107.544 E.0067
G1 X111.733 Y107.819 E.00669
G1 X112.094 Y108.165 E.0067
G1 X112.388 Y108.569 E.00669
G1 X112.605 Y109.02 E.00671
G1 X112.738 Y109.502 E.0067
G1 X112.779 Y110.044 E.00728
G1 X112.738 Y110.498 E.00611
G1 X112.605 Y110.98 E.0067
G1 X112.388 Y111.431 E.00671
G1 X112.094 Y111.835 E.00669
G1 X111.733 Y112.181 E.0067
G1 X111.316 Y112.456 E.00669
G1 X110.856 Y112.653 E.0067
G1 X110.368 Y112.764 E.00671
G1 X109.869 Y112.786 E.00669
G1 X109.373 Y112.719 E.00671
G1 X108.898 Y112.565 E.00669
G1 X108.457 Y112.328 E.00671
G1 X108.066 Y112.016 E.0067
G1 X107.737 Y111.639 E.0067
G1 X107.481 Y111.21 E.00669
G1 X107.305 Y110.742 E.0067
G1 X107.216 Y110.25 E.0067
G1 X107.216 Y109.75 E.0067
G1 X107.305 Y109.258 E.0067
G1 X107.481 Y108.79 E.0067
G1 X107.737 Y108.361 E.00669
G1 X107.833 Y108.251 E.00196
;LAYER_CHANGE
;Z:0.52
;HEIGHT:0.08
;BEFORE_LAYER_CHANGE
G92 E0
;0.52


G1 E-3.5 F3600
;WIPE_START
G1 F7200
G1 X107.873 Y108.206 E-.0286
G1 X108.066 Y107.984 E-.13973
G1 X108.457 Y107.672 E-.23761
G1 X108.898 Y107.435 E-.23781
G1 X109.373 Y107.281 E-.23719
G1 X109.869 Y107.214 E-.23774
G1 X110.368 Y107.236 E-.23726
G1 X110.664 Y107.303 E-.14406
;WIPE_END
G1 Z.52 F9000
;AFTER_LAYER_CHANGE
;0.52
G1 X108.656 Y108.815
G1 E5 F2400
G1 F900
G1 X108.736 Y108.712 E.00175
G1 X108.987 Y108.498 E.00442
G1 X109.375 Y108.3 E.00584
G1 X109.891 Y108.202 E.00704
G1 X110.236 Y108.208 E.00462
G1 X110.658 Y108.318 E.00584
G1 X111.098 Y108.575 E.00683
G1 X111.364 Y108.819 E.00484
G1 X111.607 Y109.181 E.00584
G1 X111.763 Y109.65 E.00662
G1 X111.803 Y110.024 E.00504
G1 X111.744 Y110.456 E.00584
G1 X111.559 Y110.898 E.00642
G1 X111.332 Y111.217 E.00525
G1 X111.001 Y111.502 E.00585
G1 X110.586 Y111.706 E.0062
G1 X110.188 Y111.798 E.00547
G1 X109.752 Y111.792 E.00584
G1 X109.32 Y111.677 E.00599
G1 X108.947 Y111.475 E.00568
G1 X108.624 Y111.181 E.00585
G1 X108.381 Y110.819 E.00584
G1 X108.232 Y110.409 E.00584
G1 X108.185 Y109.976 E.00584
G1 X108.244 Y109.544 E.00584
G1 X108.404 Y109.138 E.00585
G1 X108.619 Y108.862 E.00469
G1 X108.284 Y108.485 F9000
;TYPE:Perimeter
;WIDTH:0.587844
G1 F900
G1 X108.334 Y108.418 E.00159
;WIDTH:0.592042
G1 X108.759 Y108.065 E.01056
G1 X109.259 Y107.829 E.01057
;WIDTH:0.588582
G1 X109.8 Y107.715 E.01051
;WIDTH:0.59092
G1 X110.353 Y107.733 E.01056
G1 X110.884 Y107.887 E.01055
;WIDTH:0.589432
G1 X111.365 Y108.16 E.01053
;WIDTH:0.589706
G1 X111.756 Y108.528 E.01022
G1 X112.036 Y108.955 E.00972
;WIDTH:0.583152
G1 X112.217 Y109.433 E.00962
;WIDTH:0.591448
G1 X112.286 Y110.083 E.01249
;WIDTH:0.589004
G1 X112.198 Y110.629 E.01052
;WIDTH:0.598226
G1 X111.964 Y111.177 E.01152
G1 X111.655 Y111.582 E.00985
;WIDTH:0.588214
G1 X111.227 Y111.932 E.0105
;WIDTH:0.597138
G1 X110.703 Y112.183 E.01121
G1 X110.188 Y112.285 E.01013
;WIDTH:0.58753
G1 X109.636 Y112.264 E.01048
;WIDTH:0.595934
G1 X109.091 Y112.112 E.01089
G1 X108.624 Y111.839 E.01041
;WIDTH:0.586952
G1 X108.224 Y111.457 E.01048
;WIDTH:0.594606
G1 X107.923 Y110.993 E.01062
G1 X107.75 Y110.468 E.01062
;WIDTH:0.587212
G1 X107.702 Y109.917 E.01049
;WIDTH:0.593272
G1 X107.786 Y109.37 E.0106
G1 X108.004 Y108.862 E.01059
;WIDTH:0.587844
G1 X108.248 Y108.533 E.00777
G1 X107.873 Y108.206 F9000
;TYPE:External perimeter
;WIDTH:0.419999
G1 F900
G1 X108.066 Y107.984 E.00394
G1 X108.457 Y107.672 E.0067
G1 X108.898 Y107.435 E.00671
G1 X109.373 Y107.281 E.00669
G1 X109.869 Y107.214 E.00671
G1 X110.368 Y107.236 E.00669
G1 X110.856 Y107.347 E.00671
G1 X111.316 Y107.544 E.0067
G1 X111.733 Y107.819 E.00669
G1 X112.094 Y108.165 E.0067
G1 X112.388 Y108.569 E.00669
G1 X112.605 Y109.02 E.00671
G1 X112.738 Y109.502 E.0067
G1 X112.779 Y110.044 E.00728
G1 X112.738 Y110.498 E.00611
G1 X112.605 Y110.98 E.0067
G1 X112.388 Y111.431 E.00671
G1 X112.094 Y111.835 E.00669
G1 X111.733 Y112.181 E.0067
G1 X111.316 Y112.456 E.00669
G1 X110.856 Y112.653 E.0067
G1 X110.368 Y112.764 E.00671
G1 X109.869 Y112.786 E.00669
G1 X109.373 Y112.719 E.00671
G1 X108.898 Y112.565 E.00669
G1 X108.457 Y112.328 E.00671
G1 X108.066 Y112.016 E.0067
G1 X107.737 Y111.639 E.0067
G1 X107.481 Y111.21 E.00669
G1 X107.305 Y110.742 E.0067
G1 X107.216 Y110.25 E.0067
G1 X107.216 Y109.75 E.0067
G1 X107.305 Y109.258 E.0067
G1 X107.481 Y108.79 E.0067
G1 X107.737 Y108.361 E.00669
G1 X107.833 Y108.251 E.00196
;LAYER_CHANGE
;Z:0.6
;HEIGHT:0.08
;BEFORE_LAYER_CHANGE
G92 E0
;0.6


G1 E-3.5 F3600
;WIPE_START
G1 F7200
G1 X107.873 Y108.206 E-.0286
G1 X108.066 Y107.984 E-.13973
G1 X108.457 Y107.672 E-.23761
G1 X108.898 Y107.435 E-.23781
G1 X109.373 Y107.281 E-.23719
G1 X109.869 Y107.214 E-.23774
G1 X110.368 Y107.236 E-.23726
G1 X110.664 Y107.303 E-.14406
;WIPE_END
G1 Z.6 F9000
;AFTER_LAYER_CHANGE
;0.6
G1 X108.656 Y108.815
G1 E5 F2400
G1 F900
G1 X108.736 Y108.712 E.00175
G1 X108.987 Y108.498 E.00442
G1 X109.375 Y108.3 E.00584
G1 X109.891 Y108.202 E.00704
G1 X110.236 Y108.208 E.00462
G1 X110.658 Y108.318 E.00584
G1 X111.098 Y108.575 E.00683
G1 X111.364 Y108.819 E.00484
G1 X111.607 Y109.181 E.00584
G1 X111.763 Y109.65 E.00662
G1 X111.803 Y110.024 E.00504
G1 X111.744 Y110.456 E.00584
G1 X111.535 Y110.908 E.00667
G1 X111.332 Y111.217 E.00495
G1 X111.001 Y111.502 E.00585
G1 X110.586 Y111.706 E.0062
G1 X110.188 Y111.798 E.00547
G1 X109.752 Y111.792 E.00584
G1 X109.32 Y111.677 E.00599
G1 X108.947 Y111.475 E.00568
G1 X108.624 Y111.181 E.00585
G1 X108.381 Y110.819 E.00584
G1 X108.232 Y110.409 E.00584
G1 X108.185 Y109.976 E.00584
G1 X108.244 Y109.544 E.00584
G1 X108.404 Y109.138 E.00585
G1 X108.619 Y108.862 E.00469
G1 X108.284 Y108.485 F9000
;TYPE:Perimeter
;WIDTH:0.587844
G1 F900
G1 X108.334 Y108.418 E.00159
;WIDTH:0.592042
G1 X108.759 Y108.065 E.01056
G1 X109.259 Y107.829 E.01057
;WIDTH:0.588582
G1 X109.8 Y107.715 E.01051
;WIDTH:0.59092
G1 X110.353 Y107.733 E.01056
G1 X110.884 Y107.887 E.01055
;WIDTH:0.589432
G1 X111.365 Y108.16 E.01053
;WIDTH:0.589706
G1 X111.756 Y108.528 E.01022
G1 X112.036 Y108.955 E.00972
;WIDTH:0.583152
G1 X112.217 Y109.433 E.00962
;WIDTH:0.591448
G1 X112.293 Y110 E.01093
;WIDTH:0.599212
G1 X112.252 Y110.41 E.00798
;WIDTH:0.603142
G1 X112.141 Y110.806 E.00802
;WIDTH:0.61275
G1 X111.958 Y111.173 E.00812
G1 X111.655 Y111.582 E.01008
;WIDTH:0.58821
G1 X111.227 Y111.932 E.0105
;WIDTH:0.597138
G1 X110.703 Y112.183 E.01121
G1 X110.188 Y112.285 E.01013
;WIDTH:0.58753
G1 X109.636 Y112.264 E.01048
;WIDTH:0.595934
G1 X109.091 Y112.112 E.01089
G1 X108.624 Y111.839 E.01041
;WIDTH:0.586952
G1 X108.224 Y111.457 E.01048
;WIDTH:0.594606
G1 X107.923 Y110.993 E.01062
G1 X107.75 Y110.468 E.01062
;WIDTH:0.587212
G1 X107.702 Y109.917 E.01049
;WIDTH:0.593272
G1 X107.786 Y109.37 E.0106
G1 X108.004 Y108.862 E.01059
;WIDTH:0.587844
G1 X108.248 Y108.533 E.00777
G1 X107.873 Y108.206 F9000
;TYPE:External perimeter
;WIDTH:0.419999
G1 F900
G1 X108.066 Y107.984 E.00394
G1 X108.457 Y107.672 E.0067
G1 X108.898 Y107.435 E.00671
G1 X109.373 Y107.281 E.00669
G1 X109.869 Y107.214 E.00671
G1 X110.368 Y107.236 E.00669
G1 X110.856 Y107.347 E.00671
G1 X111.316 Y107.544 E.0067
G1 X111.733 Y107.819 E.00669
G1 X112.094 Y108.165 E.0067
G1 X112.388 Y108.569 E.00669
G1 X112.605 Y109.02 E.00671
G1 X112.738 Y109.502 E.0067
G1 X112.779 Y110.044 E.00728
G1 X112.738 Y110.498 E.00611
G1 X112.605 Y110.98 E.0067
G1 X112.388 Y111.431 E.00671
G1 X112.094 Y111.835 E.00669
G1 X111.733 Y112.181 E.0067
G1 X111.316 Y112.456 E.00669
G1 X110.856 Y112.653 E.0067
G1 X110.368 Y112.764 E.00671
G1 X109.869 Y112.786 E.00669
G1 X109.373 Y112.719 E.00671
G1 X108.898 Y112.565 E.00669
G1 X108.457 Y112.328 E.00671
G1 X108.066 Y112.016 E.0067
G1 X107.737 Y111.639 E.0067
G1 X107.481 Y111.21 E.00669
G1 X107.305 Y110.742 E.0067
G1 X107.216 Y110.25 E.0067
G1 X107.216 Y109.75 E.0067
G1 X107.305 Y109.258 E.0067
G1 X107.481 Y108.79 E.0067
G1 X107.737 Y108.361 E.00669
G1 X107.833 Y108.251 E.00196
;LAYER_CHANGE
;Z:0.68
;HEIGHT:0.08
;BEFORE_LAYER_CHANGE
G92 E0
;0.68


G1 E-3.5 F3600
;WIPE_START
G1 F7200
G1 X107.873 Y108.206 E-.0286
G1 X108.066 Y107.984 E-.13973
G1 X108.457 Y107.672 E-.23761
G1 X108.898 Y107.435 E-.23781
G1 X109.373 Y107.281 E-.23719
G1 X109.869 Y107.214 E-.23774
G1 X110.368 Y107.236 E-.23726
G1 X110.664 Y107.303 E-.14406
;WIPE_END
G1 Z.68 F9000
;AFTER_LAYER_CHANGE
;0.68
G1 X108.656 Y108.815
G1 E5 F2400
G1 F900
G1 X108.736 Y108.712 E.00175
G1 X108.987 Y108.498 E.00442
G1 X109.375 Y108.3 E.00584
G1 X109.891 Y108.202 E.00704
G1 X110.236 Y108.208 E.00462
G1 X110.658 Y108.318 E.00584
G1 X111.098 Y108.575 E.00683
G1 X111.364 Y108.819 E.00484
G1 X111.607 Y109.181 E.00584
G1 X111.763 Y109.65 E.00662
G1 X111.788 Y109.964 E.00422
G1 X111.744 Y110.456 E.00662
G1 X111.559 Y110.898 E.00642
G1 X111.332 Y111.217 E.00525
G1 X111.001 Y111.502 E.00585
G1 X110.586 Y111.706 E.0062
G1 X110.188 Y111.798 E.00547
G1 X109.752 Y111.792 E.00584
G1 X109.32 Y111.677 E.00599
G1 X108.947 Y111.475 E.00568
G1 X108.624 Y111.181 E.00585
G1 X108.381 Y110.819 E.00584
G1 X108.232 Y110.409 E.00584
G1 X108.196 Y110.085 E.00437
G1 X108.234 Y109.579 E.0068
G1 X108.404 Y109.138 E.00633
G1 X108.619 Y108.862 E.00469
G1 X108.284 Y108.485 F9000
;TYPE:Perimeter
;WIDTH:0.587842
G1 F900
G1 X108.334 Y108.418 E.00159
;WIDTH:0.59204
G1 X108.759 Y108.065 E.01056
G1 X109.259 Y107.829 E.01057
;WIDTH:0.588582
G1 X109.8 Y107.715 E.01051
;WIDTH:0.59092
G1 X110.353 Y107.733 E.01056
G1 X110.884 Y107.887 E.01055
;WIDTH:0.589432
G1 X111.365 Y108.16 E.01053
;WIDTH:0.589706
G1 X111.756 Y108.528 E.01022
G1 X112.036 Y108.955 E.00972
;WIDTH:0.583152
G1 X112.217 Y109.433 E.00962
;WIDTH:0.608752
G1 X112.284 Y110 E.01123
G1 X112.198 Y110.629 E.01249
;WIDTH:0.598226
G1 X111.964 Y111.177 E.01152
G1 X111.655 Y111.582 E.00985
;WIDTH:0.58821
G1 X111.227 Y111.932 E.0105
;WIDTH:0.597136
G1 X110.703 Y112.183 E.01121
G1 X110.188 Y112.285 E.01013
;WIDTH:0.58753
G1 X109.636 Y112.264 E.01048
;WIDTH:0.595934
G1 X109.091 Y112.112 E.01089
G1 X108.652 Y111.861 E.00973
;WIDTH:0.58603
G1 X108.274 Y111.518 E.00966
;WIDTH:0.584648
G1 X107.98 Y111.1 E.00965
;WIDTH:0.59327
G1 X107.786 Y110.63 E.00974
;WIDTH:0.602052
G1 X107.71 Y110.206 E.00838
;WIDTH:0.614234
G1 X107.716 Y109.795 E.00816
G1 X107.786 Y109.37 E.00855
;WIDTH:0.593272
G1 X108.004 Y108.862 E.01059
;WIDTH:0.587842
G1 X108.248 Y108.533 E.00777
G1 X107.873 Y108.206 F9000
;TYPE:External perimeter
;WIDTH:0.419999
G1 F900
G1 X108.066 Y107.984 E.00394
G1 X108.457 Y107.672 E.0067
G1 X108.898 Y107.435 E.00671
G1 X109.373 Y107.281 E.00669
G1 X109.869 Y107.214 E.00671
G1 X110.368 Y107.236 E.00669
G1 X110.856 Y107.347 E.00671
G1 X111.316 Y107.544 E.0067
G1 X111.733 Y107.819 E.00669
G1 X112.094 Y108.165 E.0067
G1 X112.388 Y108.569 E.00669
G1 X112.605 Y109.02 E.00671
G1 X112.738 Y109.502 E.0067
G1 X112.779 Y110.045 E.0073
G1 X112.738 Y110.498 E.00609
G1 X112.605 Y110.98 E.0067
G1 X112.388 Y111.431 E.00671
G1 X112.094 Y111.835 E.00669
G1 X111.733 Y112.181 E.0067
G1 X111.316 Y112.456 E.00669
G1 X110.856 Y112.653 E.0067
G1 X110.368 Y112.764 E.00671
G1 X109.869 Y112.786 E.00669
G1 X109.373 Y112.719 E.00671
G1 X108.898 Y112.565 E.00669
G1 X108.457 Y112.328 E.00671
G1 X108.066 Y112.016 E.0067
G1 X107.737 Y111.639 E.0067
G1 X107.481 Y111.21 E.00669
G1 X107.305 Y110.742 E.0067
G1 X107.216 Y110.25 E.0067
G1 X107.216 Y109.75 E.0067
G1 X107.305 Y109.258 E.0067
G1 X107.481 Y108.79 E.0067
G1 X107.737 Y108.361 E.00669
G1 X107.833 Y108.251 E.00196
;LAYER_CHANGE
;Z:0.76
;HEIGHT:0.08
;BEFORE_LAYER_CHANGE
G92 E0
;0.76


G1 E-3.5 F3600
;WIPE_START
G1 F7200
G1 X107.873 Y108.206 E-.0286
G1 X108.066 Y107.984 E-.13973
G1 X108.457 Y107.672 E-.23761
G1 X108.898 Y107.435 E-.23781
G1 X109.373 Y107.281 E-.23719
G1 X109.869 Y107.214 E-.23774
G1 X110.368 Y107.236 E-.23726
G1 X110.664 Y107.303 E-.14406
;WIPE_END
G1 Z.76 F9000
;AFTER_LAYER_CHANGE
;0.76
G1 X108.656 Y108.815
G1 E5 F2400
G1 F900
G1 X108.736 Y108.712 E.00175
G1 X108.987 Y108.498 E.00442
G1 X109.375 Y108.3 E.00584
G1 X109.891 Y108.202 E.00704
G1 X110.236 Y108.208 E.00462
G1 X110.658 Y108.318 E.00584
G1 X111.098 Y108.575 E.00683
G1 X111.364 Y108.819 E.00484
G1 X111.607 Y109.181 E.00584
G1 X111.763 Y109.65 E.00662
G1 X111.803 Y110.024 E.00504
G1 X111.744 Y110.456 E.00584
G1 X111.559 Y110.898 E.00642
G1 X111.332 Y111.217 E.00525
G1 X111.001 Y111.502 E.00585
G1 X110.586 Y111.706 E.0062
G1 X110.188 Y111.798 E.00547
G1 X109.752 Y111.792 E.00584
G1 X109.32 Y111.677 E.00599
G1 X108.947 Y111.475 E.00568
G1 X108.624 Y111.181 E.00585
G1 X108.381 Y110.819 E.00584
G1 X108.232 Y110.409 E.00584
G1 X108.185 Y109.976 E.00584
G1 X108.244 Y109.544 E.00584
G1 X108.404 Y109.138 E.00585
G1 X108.619 Y108.862 E.00469
G1 X108.284 Y108.485 F9000
;TYPE:Perimeter
;WIDTH:0.587842
G1 F900
G1 X108.334 Y108.418 E.00159
;WIDTH:0.592042
G1 X108.759 Y108.065 E.01056
G1 X109.259 Y107.829 E.01057
;WIDTH:0.588582
G1 X109.8 Y107.715 E.01051
;WIDTH:0.59092
G1 X110.353 Y107.733 E.01056
G1 X110.884 Y107.887 E.01055
;WIDTH:0.589432
G1 X111.365 Y108.16 E.01053
;WIDTH:0.589706
G1 X111.756 Y108.528 E.01022
G1 X112.036 Y108.955 E.00972
;WIDTH:0.583154
G1 X112.217 Y109.433 E.00962
;WIDTH:0.591448
G1 X112.286 Y110.083 E.01249
;WIDTH:0.589004
G1 X112.198 Y110.629 E.01052
;WIDTH:0.598224
G1 X111.964 Y111.177 E.01152
G1 X111.655 Y111.582 E.00984
;WIDTH:0.588212
G1 X111.227 Y111.932 E.0105
;WIDTH:0.597136
G1 X110.703 Y112.183 E.01121
G1 X110.188 Y112.285 E.01013
;WIDTH:0.58753
G1 X109.636 Y112.264 E.01048
;WIDTH:0.595934
G1 X109.091 Y112.112 E.01089
G1 X108.624 Y111.839 E.01041
;WIDTH:0.586952
G1 X108.224 Y111.457 E.01048
;WIDTH:0.594606
G1 X107.923 Y110.993 E.01062
G1 X107.75 Y110.468 E.01062
;WIDTH:0.587212
G1 X107.702 Y109.917 E.01049
;WIDTH:0.593274
G1 X107.786 Y109.37 E.0106
G1 X108.004 Y108.862 E.01059
;WIDTH:0.587842
G1 X108.248 Y108.533 E.00777
G1 X107.873 Y108.206 F9000
;TYPE:External perimeter
;WIDTH:0.419999
G1 F900
G1 X108.066 Y107.984 E.00394
G1 X108.457 Y107.672 E.0067
G1 X108.898 Y107.435 E.00671
G1 X109.373 Y107.281 E.00669
G1 X109.869 Y107.214 E.00671
G1 X110.368 Y107.236 E.00669
G1 X110.856 Y107.347 E.00671
G1 X111.316 Y107.544 E.0067
G1 X111.733 Y107.819 E.00669
G1 X112.094 Y108.165 E.0067
G1 X112.388 Y108.569 E.00669
G1 X112.605 Y109.02 E.00671
G1 X112.738 Y109.502 E.0067
G1 X112.779 Y110.044 E.00728
G1 X112.738 Y110.498 E.00611
G1 X112.605 Y110.98 E.0067
G1 X112.388 Y111.431 E.00671
G1 X112.094 Y111.835 E.00669
G1 X111.733 Y112.181 E.0067
G1 X111.316 Y112.456 E.00669
G1 X110.856 Y112.653 E.0067
G1 X110.368 Y112.764 E.00671
G1 X109.869 Y112.786 E.00669
G1 X109.373 Y112.719 E.00671
G1 X108.898 Y112.565 E.00669
G1 X108.457 Y112.328 E.00671
G1 X108.066 Y112.016 E.0067
G1 X107.737 Y111.639 E.0067
G1 X107.481 Y111.21 E.00669
G1 X107.305 Y110.742 E.0067
G1 X107.216 Y110.25 E.0067
G1 X107.216 Y109.75 E.0067
G1 X107.305 Y109.258 E.0067
G1 X107.481 Y108.79 E.0067
G1 X107.737 Y108.361 E.00669
G1 X107.833 Y108.251 E.00196
;LAYER_CHANGE
;Z:0.84
;HEIGHT:0.08
;BEFORE_LAYER_CHANGE
G92 E0
;0.84


G1 E-3.5 F3600
;WIPE_START
G1 F7200
G1 X107.873 Y108.206 E-.0286
G1 X108.066 Y107.984 E-.13973
G1 X108.457 Y107.672 E-.23761
G1 X108.898 Y107.435 E-.23781
G1 X109.373 Y107.281 E-.23719
G1 X109.869 Y107.214 E-.23774
G1 X110.368 Y107.236 E-.23726
G1 X110.664 Y107.303 E-.14406
;WIPE_END
G1 Z.84 F9000
;AFTER_LAYER_CHANGE
;0.84
G1 X108.656 Y108.815
G1 E5 F2400
G1 F900
G1 X108.736 Y108.712 E.00175
G1 X108.987 Y108.498 E.00442
G1 X109.375 Y108.3 E.00584
G1 X109.891 Y108.202 E.00704
G1 X110.236 Y108.208 E.00462
G1 X110.527 Y108.283 E.00403
G1 X110.991 Y108.493 E.00682
G1 X111.364 Y108.819 E.00664
G1 X111.607 Y109.181 E.00584
G1 X111.763 Y109.65 E.00662
G1 X111.803 Y110.024 E.00504
G1 X111.744 Y110.456 E.00584
G1 X111.559 Y110.898 E.00642
G1 X111.332 Y111.217 E.00525
G1 X111.001 Y111.502 E.00585
G1 X110.586 Y111.706 E.0062
G1 X110.188 Y111.798 E.00547
G1 X109.752 Y111.792 E.00584
G1 X109.32 Y111.677 E.00599
G1 X108.947 Y111.475 E.00568
G1 X108.624 Y111.181 E.00585
G1 X108.381 Y110.819 E.00584
G1 X108.232 Y110.409 E.00584
G1 X108.185 Y109.976 E.00584
G1 X108.244 Y109.544 E.00584
G1 X108.404 Y109.138 E.00585
G1 X108.619 Y108.862 E.00469
G1 X108.278 Y108.479 F9000
;TYPE:Perimeter
;WIDTH:0.58603
G1 F900
G1 X108.652 Y108.139 E.00956
;WIDTH:0.593942
G1 X109.102 Y107.884 E.00992
G1 X109.636 Y107.736 E.01063
;WIDTH:0.58753
G1 X110.188 Y107.715 E.01048
;WIDTH:0.595466
G1 X110.609 Y107.794 E.00824
;WIDTH:0.611784
G1 X111.078 Y107.985 E.01002
G1 X111.365 Y108.16 E.00665
;WIDTH:0.589704
G1 X111.756 Y108.528 E.01022
G1 X112.036 Y108.955 E.00972
;WIDTH:0.583152
G1 X112.217 Y109.433 E.00962
;WIDTH:0.591448
G1 X112.286 Y110.083 E.01249
;WIDTH:0.589004
G1 X112.198 Y110.629 E.01052
;WIDTH:0.598224
G1 X111.964 Y111.177 E.01152
G1 X111.655 Y111.582 E.00984
;WIDTH:0.588214
G1 X111.227 Y111.932 E.0105
;WIDTH:0.597136
G1 X110.703 Y112.183 E.01121
G1 X110.188 Y112.285 E.01013
;WIDTH:0.58753
G1 X109.636 Y112.264 E.01048
;WIDTH:0.595934
G1 X109.091 Y112.112 E.01089
G1 X108.624 Y111.839 E.01041
;WIDTH:0.586952
G1 X108.224 Y111.457 E.01048
;WIDTH:0.594608
G1 X107.923 Y110.993 E.01062
G1 X107.75 Y110.468 E.01062
;WIDTH:0.587212
G1 X107.702 Y109.917 E.01049
;WIDTH:0.59327
G1 X107.786 Y109.37 E.0106
G1 X107.98 Y108.9 E.00974
;WIDTH:0.584648
G1 X108.242 Y108.527 E.0086
G1 X107.873 Y108.205 F9000
;TYPE:External perimeter
;WIDTH:0.419999
G1 F900
G1 X108.066 Y107.984 E.00393
G1 X108.457 Y107.672 E.0067
G1 X108.898 Y107.435 E.00671
G1 X109.373 Y107.281 E.00669
G1 X109.869 Y107.214 E.00671
G1 X110.368 Y107.236 E.00669
G1 X110.856 Y107.347 E.00671
G1 X111.316 Y107.544 E.0067
G1 X111.733 Y107.819 E.00669
G1 X112.094 Y108.165 E.0067
G1 X112.388 Y108.569 E.00669
G1 X112.605 Y109.02 E.00671
G1 X112.738 Y109.502 E.0067
G1 X112.779 Y110.044 E.00728
G1 X112.738 Y110.498 E.00611
G1 X112.605 Y110.98 E.0067
G1 X112.388 Y111.431 E.00671
G1 X112.094 Y111.835 E.00669
G1 X111.733 Y112.181 E.0067
G1 X111.316 Y112.456 E.00669
G1 X110.856 Y112.653 E.0067
G1 X110.368 Y112.764 E.00671
G1 X109.869 Y112.786 E.00669
G1 X109.373 Y112.719 E.00671
G1 X108.898 Y112.565 E.00669
G1 X108.457 Y112.328 E.00671
G1 X108.066 Y112.016 E.0067
G1 X107.737 Y111.639 E.0067
G1 X107.481 Y111.21 E.00669
G1 X107.305 Y110.742 E.0067
G1 X107.216 Y110.25 E.0067
G1 X107.216 Y109.75 E.0067
G1 X107.305 Y109.258 E.0067
G1 X107.481 Y108.79 E.0067
G1 X107.737 Y108.361 E.00669
G1 X107.834 Y108.25 E.00198
;LAYER_CHANGE
;Z:0.92
;HEIGHT:0.08
;BEFORE_LAYER_CHANGE
G92 E0
;0.92


G1 E-3.5 F3600
;WIPE_START
G1 F7200
G1 X107.873 Y108.205 E-.02829
G1 X108.066 Y107.984 E-.13937
G1 X108.457 Y107.672 E-.23761
G1 X108.898 Y107.435 E-.23781
G1 X109.373 Y107.281 E-.23719
G1 X109.869 Y107.214 E-.23774
G1 X110.368 Y107.236 E-.23726
G1 X110.665 Y107.304 E-.14473
;WIPE_END
G1 Z.92 F9000
;AFTER_LAYER_CHANGE
;0.92
G1 X108.656 Y108.815
G1 E5 F2400
G1 F900
G1 X108.736 Y108.712 E.00175
G1 X108.987 Y108.498 E.00442
G1 X109.375 Y108.3 E.00584
G1 X109.891 Y108.202 E.00704
G1 X110.236 Y108.208 E.00462
G1 X110.514 Y108.279 E.00384
G1 X110.99 Y108.492 E.00699
G1 X111.364 Y108.819 E.00666
G1 X111.607 Y109.181 E.00584
G1 X111.763 Y109.65 E.00662
G1 X111.803 Y110.024 E.00504
G1 X111.744 Y110.456 E.00584
G1 X111.559 Y110.898 E.00642
G1 X111.332 Y111.217 E.00525
G1 X111.001 Y111.502 E.00585
G1 X110.586 Y111.706 E.0062
G1 X110.188 Y111.798 E.00547
G1 X109.752 Y111.792 E.00584
G1 X109.32 Y111.677 E.00599
G1 X108.947 Y111.475 E.00568
G1 X108.624 Y111.181 E.00585
G1 X108.381 Y110.819 E.00584
G1 X108.232 Y110.409 E.00584
G1 X108.201 Y110.124 E.00384
G1 X108.231 Y109.603 E.00699
G1 X108.404 Y109.138 E.00665
G1 X108.619 Y108.862 E.00469
G1 X108.278 Y108.479 F9000
;TYPE:Perimeter
;WIDTH:0.58603
G1 F900
G1 X108.652 Y108.139 E.00956
;WIDTH:0.593942
G1 X109.102 Y107.884 E.00992
G1 X109.636 Y107.736 E.01063
;WIDTH:0.58753
G1 X110.188 Y107.715 E.01048
;WIDTH:0.595252
G1 X110.597 Y107.791 E.008
;WIDTH:0.612334
G1 X111.078 Y107.985 E.01027
G1 X111.365 Y108.16 E.00665
;WIDTH:0.589704
G1 X111.756 Y108.528 E.01022
G1 X112.036 Y108.955 E.00972
;WIDTH:0.583152
G1 X112.217 Y109.433 E.00962
;WIDTH:0.591448
G1 X112.286 Y110.083 E.01249
;WIDTH:0.589004
G1 X112.198 Y110.629 E.01052
;WIDTH:0.598226
G1 X111.964 Y111.177 E.01152
G1 X111.655 Y111.582 E.00985
;WIDTH:0.58821
G1 X111.227 Y111.932 E.0105
;WIDTH:0.597136
G1 X110.703 Y112.183 E.01121
G1 X110.188 Y112.285 E.01013
;WIDTH:0.58753
G1 X109.636 Y112.264 E.01048
;WIDTH:0.595934
G1 X109.091 Y112.112 E.01089
G1 X108.652 Y111.861 E.00973
;WIDTH:0.58603
G1 X108.274 Y111.518 E.00966
;WIDTH:0.584648
G1 X107.98 Y111.1 E.00965
;WIDTH:0.59327
G1 X107.786 Y110.63 E.00974
;WIDTH:0.601222
G1 X107.712 Y110.22 E.00809
;WIDTH:0.617294
G1 X107.718 Y109.795 E.00848
G1 X107.786 Y109.37 E.00859
;WIDTH:0.593272
G1 X107.98 Y108.9 E.00974
;WIDTH:0.584648
G1 X108.242 Y108.527 E.0086
G1 X107.873 Y108.205 F9000
;TYPE:External perimeter
;WIDTH:0.419999
G1 F900
G1 X108.066 Y107.984 E.00393
G1 X108.457 Y107.672 E.0067
G1 X108.898 Y107.435 E.00671
G1 X109.373 Y107.281 E.00669
G1 X109.869 Y107.214 E.00671
G1 X110.368 Y107.236 E.00669
G1 X110.856 Y107.347 E.00671
G1 X111.316 Y107.544 E.0067
G1 X111.733 Y107.819 E.00669
G1 X112.094 Y108.165 E.0067
G1 X112.388 Y108.569 E.00669
G1 X112.605 Y109.02 E.00671
G1 X112.738 Y109.502 E.0067
G1 X112.779 Y110.044 E.00728
G1 X112.738 Y110.498 E.00611
G1 X112.605 Y110.98 E.0067
G1 X112.388 Y111.431 E.00671
G1 X112.094 Y111.835 E.00669
G1 X111.733 Y112.181 E.0067
G1 X111.316 Y112.456 E.00669
G1 X110.856 Y112.653 E.0067
G1 X110.368 Y112.764 E.00671
G1 X109.869 Y112.786 E.00669
G1 X109.373 Y112.719 E.00671
G1 X108.898 Y112.565 E.00669
G1 X108.457 Y112.328 E.00671
G1 X108.066 Y112.016 E.0067
G1 X107.737 Y111.639 E.0067
G1 X107.481 Y111.21 E.00669
G1 X107.305 Y110.742 E.0067
G1 X107.216 Y110.25 E.0067
G1 X107.216 Y109.75 E.0067
G1 X107.305 Y109.258 E.0067
G1 X107.481 Y108.79 E.0067
G1 X107.737 Y108.361 E.00669
G1 X107.834 Y108.25 E.00198
;LAYER_CHANGE
;Z:1
;HEIGHT:0.08
;BEFORE_LAYER_CHANGE
G92 E0
;1


G1 E-3.5 F3600
;WIPE_START
G1 F7200
G1 X107.873 Y108.205 E-.02829
G1 X108.066 Y107.984 E-.13937
G1 X108.457 Y107.672 E-.23761
G1 X108.898 Y107.435 E-.23781
G1 X109.373 Y107.281 E-.23719
G1 X109.869 Y107.214 E-.23774
G1 X110.368 Y107.236 E-.23726
G1 X110.665 Y107.304 E-.14473
;WIPE_END
G1 Z1 F9000
;AFTER_LAYER_CHANGE
;1
G1 X108.656 Y108.815
G1 E5 F2400
G1 F900
G1 X108.736 Y108.712 E.00175
G1 X108.987 Y108.498 E.00442
G1 X109.375 Y108.3 E.00584
G1 X109.891 Y108.202 E.00704
G1 X110.236 Y108.208 E.00462
G1 X110.658 Y108.318 E.00584
G1 X111.098 Y108.575 E.00683
G1 X111.364 Y108.819 E.00484
G1 X111.607 Y109.181 E.00584
G1 X111.763 Y109.65 E.00662
G1 X111.803 Y110.024 E.00504
G1 X111.744 Y110.456 E.00584
G1 X111.559 Y110.898 E.00642
G1 X111.332 Y111.217 E.00525
G1 X111.001 Y111.502 E.00585
G1 X110.586 Y111.706 E.0062
G1 X110.188 Y111.798 E.00547
G1 X109.752 Y111.792 E.00584
G1 X109.32 Y111.677 E.00599
G1 X108.947 Y111.475 E.00568
G1 X108.624 Y111.181 E.00585
G1 X108.381 Y110.819 E.00584
G1 X108.232 Y110.409 E.00584
G1 X108.185 Y109.976 E.00584
G1 X108.244 Y109.544 E.00584
G1 X108.404 Y109.138 E.00585
G1 X108.619 Y108.862 E.00469
G1 X108.284 Y108.485 F9000
;TYPE:Perimeter
;WIDTH:0.587844
G1 F900
G1 X108.334 Y108.418 E.00159
;WIDTH:0.59204
G1 X108.759 Y108.065 E.01056
G1 X109.259 Y107.829 E.01057
;WIDTH:0.588582
G1 X109.8 Y107.715 E.01051
;WIDTH:0.59092
G1 X110.353 Y107.733 E.01056
G1 X110.884 Y107.887 E.01055
;WIDTH:0.589432
G1 X111.365 Y108.16 E.01053
;WIDTH:0.589704
G1 X111.756 Y108.528 E.01022
G1 X112.036 Y108.955 E.00972
;WIDTH:0.583152
G1 X112.217 Y109.433 E.00962
;WIDTH:0.591448
G1 X112.286 Y110.083 E.01249
;WIDTH:0.589004
G1 X112.198 Y110.629 E.01052
;WIDTH:0.598226
G1 X111.964 Y111.177 E.01152
G1 X111.655 Y111.582 E.00985
;WIDTH:0.58821
G1 X111.227 Y111.932 E.0105
;WIDTH:0.597134
G1 X110.703 Y112.183 E.01121
G1 X110.188 Y112.285 E.01013
;WIDTH:0.58753
G1 X109.636 Y112.264 E.01048
;WIDTH:0.595934
G1 X109.091 Y112.112 E.01089
G1 X108.624 Y111.839 E.01041
;WIDTH:0.586952
G1 X108.224 Y111.457 E.01048
;WIDTH:0.594606
G1 X107.923 Y110.993 E.01062
G1 X107.75 Y110.468 E.01062
;WIDTH:0.587212
G1 X107.702 Y109.917 E.01049
;WIDTH:0.59327
G1 X107.786 Y109.37 E.0106
G1 X108.004 Y108.862 E.01059
;WIDTH:0.587844
G1 X108.248 Y108.533 E.00777
G1 X107.873 Y108.206 F9000
;TYPE:External perimeter
;WIDTH:0.419999
G1 F900
G1 X108.066 Y107.984 E.00394
G1 X108.457 Y107.672 E.0067
G1 X108.898 Y107.435 E.00671
G1 X109.373 Y107.281 E.00669
G1 X109.869 Y107.214 E.00671
G1 X110.368 Y107.236 E.00669
G1 X110.856 Y107.347 E.00671
G1 X111.316 Y107.544 E.0067
G1 X111.733 Y107.819 E.00669
G1 X112.094 Y108.165 E.0067
G1 X112.388 Y108.569 E.00669
G1 X112.605 Y109.02 E.00671
G1 X112.738 Y109.502 E.0067
G1 X112.779 Y110.044 E.00728
G1 X112.738 Y110.498 E.00611
G1 X112.605 Y110.98 E.0067
G1 X112.388 Y111.431 E.00671
G1 X112.094 Y111.835 E.00669
G1 X111.733 Y112.181 E.0067
G1 X111.316 Y112.456 E.00669
G1 X110.856 Y112.653 E.0067
G1 X110.368 Y112.764 E.00671
G1 X109.869 Y112.786 E.00669
G1 X109.373 Y112.719 E.00671
G1 X108.898 Y112.565 E.00669
G1 X108.457 Y112.328 E.00671
G1 X108.066 Y112.016 E.0067
G1 X107.737 Y111.639 E.0067
G1 X107.481 Y111.21 E.00669
G1 X107.305 Y110.742 E.0067
G1 X107.216 Y110.25 E.0067
G1 X107.216 Y109.75 E.0067
G1 X107.305 Y109.258 E.0067
G1 X107.481 Y108.79 E.0067
G1 X107.737 Y108.361 E.00669
G1 X107.833 Y108.251 E.00196
;LAYER_CHANGE
;Z:1.08
;HEIGHT:0.08
;BEFORE_LAYER_CHANGE
G92 E0
;1.08


G1 E-3.5 F3600
;WIPE_START
G1 F7200
G1 X107.873 Y108.206 E-.0286
G1 X108.066 Y107.984 E-.13973
G1 X108.457 Y107.672 E-.23761
G1 X108.898 Y107.435 E-.23781
G1 X109.373 Y107.281 E-.23719
G1 X109.869 Y107.214 E-.23774
G1 X110.368 Y107.236 E-.23726
G1 X110.664 Y107.303 E-.14406
;WIPE_END
G1 Z1.08 F9000
;AFTER_LAYER_CHANGE
;1.08
G1 X108.656 Y108.815
G1 E5 F2400
G1 F900
G1 X108.736 Y108.712 E.00175
G1 X108.987 Y108.498 E.00442
G1 X109.375 Y108.3 E.00584
G1 X109.891 Y108.202 E.00704
G1 X110.236 Y108.208 E.00462
G1 X110.658 Y108.318 E.00584
G1 X111.098 Y108.575 E.00683
G1 X111.364 Y108.819 E.00484
G1 X111.607 Y109.181 E.00584
G1 X111.763 Y109.65 E.00662
G1 X111.803 Y110.024 E.00504
G1 X111.744 Y110.456 E.00584
G1 X111.559 Y110.898 E.00642
G1 X111.332 Y111.217 E.00525
G1 X111.001 Y111.502 E.00585
G1 X110.586 Y111.706 E.0062
G1 X110.188 Y111.798 E.00547
G1 X109.752 Y111.792 E.00584
G1 X109.32 Y111.677 E.00599
G1 X108.947 Y111.475 E.00568
G1 X108.624 Y111.181 E.00585
G1 X108.381 Y110.819 E.00584
G1 X108.232 Y110.409 E.00584
G1 X108.185 Y109.976 E.00584
G1 X108.244 Y109.544 E.00584
G1 X108.404 Y109.138 E.00585
G1 X108.619 Y108.862 E.00469
G1 X108.284 Y108.485 F9000
;TYPE:Perimeter
;WIDTH:0.587844
G1 F900
G1 X108.334 Y108.418 E.00159
;WIDTH:0.592042
G1 X108.759 Y108.065 E.01056
G1 X109.259 Y107.829 E.01057
;WIDTH:0.588582
G1 X109.8 Y107.715 E.01051
;WIDTH:0.59092
G1 X110.353 Y107.733 E.01056
G1 X110.884 Y107.887 E.01055
;WIDTH:0.589432
G1 X111.365 Y108.16 E.01053
;WIDTH:0.589704
G1 X111.756 Y108.528 E.01022
G1 X112.036 Y108.955 E.00972
;WIDTH:0.583152
G1 X112.217 Y109.433 E.00962
;WIDTH:0.591448
G1 X112.286 Y110.083 E.01249
;WIDTH:0.589004
G1 X112.198 Y110.629 E.01052
;WIDTH:0.598226
G1 X111.964 Y111.177 E.01152
G1 X111.655 Y111.582 E.00985
;WIDTH:0.58821
G1 X111.227 Y111.932 E.0105
;WIDTH:0.597136
G1 X110.703 Y112.183 E.01121
G1 X110.188 Y112.285 E.01013
;WIDTH:0.58753
G1 X109.636 Y112.264 E.01048
;WIDTH:0.595934
G1 X109.091 Y112.112 E.01089
G1 X108.624 Y111.839 E.01041
;WIDTH:0.586952
G1 X108.224 Y111.457 E.01048
;WIDTH:0.594606
G1 X107.923 Y110.993 E.01062
G1 X107.75 Y110.468 E.01062
;WIDTH:0.587212
G1 X107.702 Y109.917 E.01049
;WIDTH:0.593272
G1 X107.786 Y109.37 E.0106
G1 X108.004 Y108.862 E.01059
;WIDTH:0.587844
G1 X108.248 Y108.533 E.00777
G1 X107.873 Y108.206 F9000
;TYPE:External perimeter
;WIDTH:0.419999
G1 F900
G1 X108.066 Y107.984 E.00394
G1 X108.457 Y107.672 E.0067
G1 X108.898 Y107.435 E.00671
G1 X109.373 Y107.281 E.00669
G1 X109.869 Y107.214 E.00671
G1 X110.368 Y107.236 E.00669
G1 X110.856 Y107.347 E.00671
G1 X111.316 Y107.544 E.0067
G1 X111.733 Y107.819 E.00669
G1 X112.094 Y108.165 E.0067
G1 X112.388 Y108.569 E.00669
G1 X112.605 Y109.02 E.00671
G1 X112.738 Y109.502 E.0067
G1 X112.779 Y110.044 E.00728
G1 X112.738 Y110.498 E.00611
G1 X112.605 Y110.98 E.0067
G1 X112.388 Y111.431 E.00671
G1 X112.094 Y111.835 E.00669
G1 X111.733 Y112.181 E.0067
G1 X111.316 Y112.456 E.00669
G1 X110.856 Y112.653 E.0067
G1 X110.368 Y112.764 E.00671
G1 X109.869 Y112.786 E.00669
G1 X109.373 Y112.719 E.00671
G1 X108.898 Y112.565 E.00669
G1 X108.457 Y112.328 E.00671
G1 X108.066 Y112.016 E.0067
G1 X107.737 Y111.639 E.0067
G1 X107.481 Y111.21 E.00669
G1 X107.305 Y110.742 E.0067
G1 X107.216 Y110.25 E.0067
G1 X107.216 Y109.75 E.0067
G1 X107.305 Y109.258 E.0067
G1 X107.481 Y108.79 E.0067
G1 X107.737 Y108.361 E.00669
G1 X107.833 Y108.251 E.00196
;LAYER_CHANGE
;Z:1.16
;HEIGHT:0.0799999
;BEFORE_LAYER_CHANGE
G92 E0
;1.16


G1 E-3.5 F3600
;WIPE_START
G1 F7200
G1 X107.873 Y108.206 E-.0286
G1 X108.066 Y107.984 E-.13973
G1 X108.457 Y107.672 E-.23761
G1 X108.898 Y107.435 E-.23781
G1 X109.373 Y107.281 E-.23719
G1 X109.869 Y107.214 E-.23774
G1 X110.368 Y107.236 E-.23726
G1 X110.664 Y107.303 E-.14406
;WIPE_END
G1 Z1.16 F9000
;AFTER_LAYER_CHANGE
;1.16
G1 X108.656 Y108.815
G1 E5 F2400
G1 F900
G1 X108.736 Y108.712 E.00175
G1 X108.987 Y108.498 E.00442
G1 X109.375 Y108.3 E.00584
G1 X109.891 Y108.202 E.00704
G1 X110.236 Y108.208 E.00462
G1 X110.658 Y108.318 E.00584
G1 X111.098 Y108.575 E.00683
G1 X111.364 Y108.819 E.00484
G1 X111.607 Y109.181 E.00584
G1 X111.763 Y109.65 E.00662
G1 X111.803 Y110.024 E.00504
G1 X111.744 Y110.456 E.00584
G1 X111.559 Y110.898 E.00642
G1 X111.332 Y111.217 E.00525
G1 X111.001 Y111.502 E.00585
G1 X110.586 Y111.706 E.0062
G1 X110.188 Y111.798 E.00547
G1 X109.752 Y111.792 E.00584
G1 X109.32 Y111.677 E.00599
G1 X108.947 Y111.475 E.00568
G1 X108.624 Y111.181 E.00585
G1 X108.381 Y110.819 E.00584
G1 X108.232 Y110.409 E.00584
G1 X108.185 Y109.976 E.00584
G1 X108.244 Y109.544 E.00584
G1 X108.404 Y109.138 E.00585
G1 X108.619 Y108.862 E.00469
G1 X108.284 Y108.485 F9000
;TYPE:Perimeter
;WIDTH:0.587844
G1 F900
G1 X108.334 Y108.418 E.00159
;WIDTH:0.592042
G1 X108.759 Y108.065 E.01056
G1 X109.259 Y107.829 E.01057
;WIDTH:0.588582
G1 X109.8 Y107.715 E.01051
;WIDTH:0.59092
G1 X110.353 Y107.733 E.01056
G1 X110.884 Y107.887 E.01055
;WIDTH:0.589432
G1 X111.365 Y108.16 E.01053
;WIDTH:0.589704
G1 X111.756 Y108.528 E.01022
G1 X112.036 Y108.955 E.00972
;WIDTH:0.583152
G1 X112.217 Y109.433 E.00962
;WIDTH:0.591448
G1 X112.286 Y110.083 E.01249
;WIDTH:0.589004
G1 X112.198 Y110.629 E.01052
;WIDTH:0.598226
G1 X111.964 Y111.177 E.01152
G1 X111.655 Y111.582 E.00985
;WIDTH:0.588214
G1 X111.227 Y111.932 E.0105
;WIDTH:0.597136
G1 X110.703 Y112.183 E.01121
G1 X110.188 Y112.285 E.01013
;WIDTH:0.58753
G1 X109.636 Y112.264 E.01048
;WIDTH:0.595934
G1 X109.091 Y112.112 E.01089
G1 X108.624 Y111.839 E.01041
;WIDTH:0.586952
G1 X108.224 Y111.457 E.01048
;WIDTH:0.594606
G1 X107.923 Y110.993 E.01062
G1 X107.75 Y110.468 E.01062
;WIDTH:0.587212
G1 X107.702 Y109.917 E.01049
;WIDTH:0.593272
G1 X107.786 Y109.37 E.0106
G1 X108.004 Y108.862 E.01059
;WIDTH:0.587844
G1 X108.248 Y108.533 E.00777
G1 X107.873 Y108.206 F9000
;TYPE:External perimeter
;WIDTH:0.419999
G1 F900
G1 X108.066 Y107.984 E.00394
G1 X108.457 Y107.672 E.0067
G1 X108.898 Y107.435 E.00671
G1 X109.373 Y107.281 E.00669
G1 X109.869 Y107.214 E.00671
G1 X110.368 Y107.236 E.00669
G1 X110.856 Y107.347 E.00671
G1 X111.316 Y107.544 E.0067
G1 X111.733 Y107.819 E.00669
G1 X112.094 Y108.165 E.0067
G1 X112.388 Y108.569 E.00669
G1 X112.605 Y109.02 E.00671
G1 X112.738 Y109.502 E.0067
G1 X112.779 Y110.044 E.00728
G1 X112.738 Y110.498 E.00611
G1 X112.605 Y110.98 E.0067
G1 X112.388 Y111.431 E.00671
G1 X112.094 Y111.835 E.00669
G1 X111.733 Y112.181 E.0067
G1 X111.316 Y112.456 E.00669
G1 X110.856 Y112.653 E.0067
G1 X110.368 Y112.764 E.00671
G1 X109.869 Y112.786 E.00669
G1 X109.373 Y112.719 E.00671
G1 X108.898 Y112.565 E.00669
G1 X108.457 Y112.328 E.00671
G1 X108.066 Y112.016 E.0067
G1 X107.737 Y111.639 E.0067
G1 X107.481 Y111.21 E.00669
G1 X107.305 Y110.742 E.0067
G1 X107.216 Y110.25 E.0067
G1 X107.216 Y109.75 E.0067
G1 X107.305 Y109.258 E.0067
G1 X107.481 Y108.79 E.0067
G1 X107.737 Y108.361 E.00669
G1 X107.833 Y108.251 E.00196
;LAYER_CHANGE
;Z:1.24
;HEIGHT:0.08
;BEFORE_LAYER_CHANGE
G92 E0
;1.24


G1 E-3.5 F3600
;WIPE_START
G1 F7200
G1 X107.873 Y108.206 E-.0286
G1 X108.066 Y107.984 E-.13973
G1 X108.457 Y107.672 E-.23761
G1 X108.898 Y107.435 E-.23781
G1 X109.373 Y107.281 E-.23719
G1 X109.869 Y107.214 E-.23774
G1 X110.368 Y107.236 E-.23726
G1 X110.664 Y107.303 E-.14406
;WIPE_END
G1 Z1.24 F9000
;AFTER_LAYER_CHANGE
;1.24
G1 X108.656 Y108.815
G1 E5 F2400
G1 F900
G1 X108.736 Y108.712 E.00175
G1 X108.987 Y108.498 E.00442
G1 X109.375 Y108.3 E.00584
G1 X109.891 Y108.202 E.00704
G1 X110.236 Y108.208 E.00462
G1 X110.658 Y108.318 E.00584
G1 X111.098 Y108.575 E.00683
G1 X111.364 Y108.819 E.00484
G1 X111.607 Y109.181 E.00584
G1 X111.763 Y109.65 E.00662
G1 X111.803 Y110.024 E.00504
G1 X111.744 Y110.456 E.00584
G1 X111.559 Y110.898 E.00642
G1 X111.332 Y111.217 E.00525
G1 X111.001 Y111.502 E.00585
G1 X110.586 Y111.706 E.0062
G1 X110.188 Y111.798 E.00547
G1 X109.752 Y111.792 E.00584
G1 X109.32 Y111.677 E.00599
G1 X108.947 Y111.475 E.00568
G1 X108.624 Y111.181 E.00585
G1 X108.381 Y110.819 E.00584
G1 X108.232 Y110.409 E.00584
G1 X108.185 Y109.976 E.00584
G1 X108.244 Y109.544 E.00584
G1 X108.404 Y109.138 E.00585
G1 X108.619 Y108.862 E.00469
G1 X108.284 Y108.485 F9000
;TYPE:Perimeter
;WIDTH:0.587844
G1 F900
G1 X108.334 Y108.418 E.00159
;WIDTH:0.59204
G1 X108.759 Y108.065 E.01056
G1 X109.259 Y107.829 E.01057
;WIDTH:0.588582
G1 X109.8 Y107.715 E.01051
;WIDTH:0.59092
G1 X110.353 Y107.733 E.01056
G1 X110.884 Y107.887 E.01055
;WIDTH:0.589432
G1 X111.365 Y108.16 E.01053
;WIDTH:0.589704
G1 X111.756 Y108.528 E.01022
G1 X112.036 Y108.955 E.00972
;WIDTH:0.583152
G1 X112.217 Y109.433 E.00962
;WIDTH:0.591448
G1 X112.286 Y110.083 E.01249
;WIDTH:0.589004
G1 X112.198 Y110.629 E.01052
;WIDTH:0.598226
G1 X111.964 Y111.177 E.01152
G1 X111.655 Y111.582 E.00985
;WIDTH:0.58821
G1 X111.227 Y111.932 E.0105
;WIDTH:0.597136
G1 X110.703 Y112.183 E.01121
G1 X110.188 Y112.285 E.01013
;WIDTH:0.58753
G1 X109.636 Y112.264 E.01048
;WIDTH:0.595934
G1 X109.091 Y112.112 E.01089
G1 X108.624 Y111.839 E.01041
;WIDTH:0.586952
G1 X108.224 Y111.457 E.01048
;WIDTH:0.594606
G1 X107.923 Y110.993 E.01062
G1 X107.75 Y110.468 E.01062
;WIDTH:0.587212
G1 X107.702 Y109.917 E.01049
;WIDTH:0.593272
G1 X107.786 Y109.37 E.0106
G1 X108.004 Y108.862 E.01059
;WIDTH:0.587844
G1 X108.248 Y108.533 E.00777
G1 X107.873 Y108.206 F9000
;TYPE:External perimeter
;WIDTH:0.419999
G1 F900
G1 X108.066 Y107.984 E.00394
G1 X108.457 Y107.672 E.0067
G1 X108.898 Y107.435 E.00671
G1 X109.373 Y107.281 E.00669
G1 X109.869 Y107.214 E.00671
G1 X110.368 Y107.236 E.00669
G1 X110.856 Y107.347 E.00671
G1 X111.316 Y107.544 E.0067
G1 X111.733 Y107.819 E.00669
G1 X112.094 Y108.165 E.0067
G1 X112.388 Y108.569 E.00669
G1 X112.605 Y109.02 E.00671
G1 X112.738 Y109.502 E.0067
G1 X112.779 Y110.044 E.00728
G1 X112.738 Y110.498 E.00611
G1 X112.605 Y110.98 E.0067
G1 X112.388 Y111.431 E.00671
G1 X112.094 Y111.835 E.00669
G1 X111.733 Y112.181 E.0067
G1 X111.316 Y112.456 E.00669
G1 X110.856 Y112.653 E.0067
G1 X110.368 Y112.764 E.00671
G1 X109.869 Y112.786 E.00669
G1 X109.373 Y112.719 E.00671
G1 X108.898 Y112.565 E.00669
G1 X108.457 Y112.328 E.00671
G1 X108.066 Y112.016 E.0067
G1 X107.737 Y111.639 E.0067
G1 X107.481 Y111.21 E.00669
G1 X107.305 Y110.742 E.0067
G1 X107.216 Y110.25 E.0067
G1 X107.216 Y109.75 E.0067
G1 X107.305 Y109.258 E.0067
G1 X107.481 Y108.79 E.0067
G1 X107.737 Y108.361 E.00669
G1 X107.833 Y108.251 E.00196
;LAYER_CHANGE
;Z:1.32
;HEIGHT:0.08
;BEFORE_LAYER_CHANGE
G92 E0
;1.32


G1 E-3.5 F3600
;WIPE_START
G1 F7200
G1 X107.873 Y108.206 E-.0286
G1 X108.066 Y107.984 E-.13973
G1 X108.457 Y107.672 E-.23761
G1 X108.898 Y107.435 E-.23781
G1 X109.373 Y107.281 E-.23719
G1 X109.869 Y107.214 E-.23774
G1 X110.368 Y107.236 E-.23726
G1 X110.664 Y107.303 E-.14406
;WIPE_END
G1 Z1.32 F9000
;AFTER_LAYER_CHANGE
;1.32
G1 X108.656 Y108.815
G1 E5 F2400
G1 F900
G1 X108.736 Y108.712 E.00175
G1 X108.987 Y108.498 E.00442
G1 X109.375 Y108.3 E.00584
G1 X109.891 Y108.202 E.00704
G1 X110.236 Y108.208 E.00462
G1 X110.658 Y108.318 E.00584
G1 X111.098 Y108.575 E.00683
G1 X111.364 Y108.819 E.00484
G1 X111.607 Y109.181 E.00584
G1 X111.763 Y109.65 E.00662
G1 X111.803 Y110.024 E.00504
G1 X111.744 Y110.456 E.00584
G1 X111.559 Y110.898 E.00642
G1 X111.332 Y111.217 E.00525
G1 X111.001 Y111.502 E.00585
G1 X110.586 Y111.706 E.0062
G1 X110.188 Y111.798 E.00547
G1 X109.752 Y111.792 E.00584
G1 X109.32 Y111.677 E.00599
G1 X108.947 Y111.475 E.00568
G1 X108.624 Y111.181 E.00585
G1 X108.381 Y110.819 E.00584
G1 X108.232 Y110.409 E.00584
G1 X108.185 Y109.976 E.00584
G1 X108.244 Y109.544 E.00584
G1 X108.404 Y109.138 E.00585
G1 X108.619 Y108.862 E.00469
G1 X108.284 Y108.485 F9000
;TYPE:Perimeter
;WIDTH:0.587842
G1 F900
G1 X108.334 Y108.418 E.00159
;WIDTH:0.59204
G1 X108.759 Y108.065 E.01056
G1 X109.259 Y107.829 E.01057
;WIDTH:0.588582
G1 X109.8 Y107.715 E.01051
;WIDTH:0.59092
G1 X110.353 Y107.733 E.01056
G1 X110.884 Y107.887 E.01055
;WIDTH:0.589432
G1 X111.365 Y108.16 E.01053
;WIDTH:0.589706
G1 X111.756 Y108.528 E.01022
G1 X112.036 Y108.955 E.00972
;WIDTH:0.583152
G1 X112.217 Y109.433 E.00962
;WIDTH:0.591448
G1 X112.286 Y110.083 E.01249
;WIDTH:0.589004
G1 X112.198 Y110.629 E.01052
;WIDTH:0.598226
G1 X111.964 Y111.177 E.01152
G1 X111.655 Y111.582 E.00985
;WIDTH:0.58821
G1 X111.227 Y111.932 E.0105
;WIDTH:0.597136
G1 X110.703 Y112.183 E.01121
G1 X110.188 Y112.285 E.01013
;WIDTH:0.58753
G1 X109.636 Y112.264 E.01048
;WIDTH:0.595934
G1 X109.091 Y112.112 E.01089
G1 X108.624 Y111.839 E.01041
;WIDTH:0.586952
G1 X108.224 Y111.457 E.01048
;WIDTH:0.594606
G1 X107.923 Y110.993 E.01062
G1 X107.75 Y110.468 E.01062
;WIDTH:0.587212
G1 X107.702 Y109.917 E.01049
;WIDTH:0.593272
G1 X107.786 Y109.37 E.0106
G1 X108.004 Y108.862 E.01059
;WIDTH:0.587842
G1 X108.248 Y108.533 E.00777
G1 X107.873 Y108.206 F9000
;TYPE:External perimeter
;WIDTH:0.419999
G1 F900
G1 X108.066 Y107.984 E.00394
G1 X108.457 Y107.672 E.0067
G1 X108.898 Y107.435 E.00671
G1 X109.373 Y107.281 E.00669
G1 X109.869 Y107.214 E.00671
G1 X110.368 Y107.236 E.00669
G1 X110.856 Y107.347 E.00671
G1 X111.316 Y107.544 E.0067
G1 X111.733 Y107.819 E.00669
G1 X112.094 Y108.165 E.0067
G1 X112.388 Y108.569 E.00669
G1 X112.605 Y109.02 E.00671
G1 X112.738 Y109.502 E.0067
G1 X112.779 Y110.044 E.00728
G1 X112.738 Y110.498 E.00611
G1 X112.605 Y110.98 E.0067
G1 X112.388 Y111.431 E.00671
G1 X112.094 Y111.835 E.00669
G1 X111.733 Y112.181 E.0067
G1 X111.316 Y112.456 E.00669
G1 X110.856 Y112.653 E.0067
G1 X110.368 Y112.764 E.00671
G1 X109.869 Y112.786 E.00669
G1 X109.373 Y112.719 E.00671
G1 X108.898 Y112.565 E.00669
G1 X108.457 Y112.328 E.00671
G1 X108.066 Y112.016 E.0067
G1 X107.737 Y111.639 E.0067
G1 X107.481 Y111.21 E.00669
G1 X107.305 Y110.742 E.0067
G1 X107.216 Y110.25 E.0067
G1 X107.216 Y109.75 E.0067
G1 X107.305 Y109.258 E.0067
G1 X107.481 Y108.79 E.0067
G1 X107.737 Y108.361 E.00669
G1 X107.833 Y108.251 E.00196
;LAYER_CHANGE
;Z:1.4
;HEIGHT:0.0799999
;BEFORE_LAYER_CHANGE
G92 E0
;1.4


G1 E-3.5 F3600
;WIPE_START
G1 F7200
G1 X107.873 Y108.206 E-.0286
G1 X108.066 Y107.984 E-.13973
G1 X108.457 Y107.672 E-.23761
G1 X108.898 Y107.435 E-.23781
G1 X109.373 Y107.281 E-.23719
G1 X109.869 Y107.214 E-.23774
G1 X110.368 Y107.236 E-.23726
G1 X110.664 Y107.303 E-.14406
;WIPE_END
G1 Z1.4 F9000
;AFTER_LAYER_CHANGE
;1.4
G1 X108.656 Y108.815
G1 E5 F2400
G1 F900
G1 X108.736 Y108.712 E.00175
G1 X108.987 Y108.498 E.00442
G1 X109.375 Y108.3 E.00584
G1 X109.891 Y108.202 E.00704
G1 X110.236 Y108.208 E.00462
G1 X110.658 Y108.318 E.00584
G1 X111.098 Y108.575 E.00683
G1 X111.364 Y108.819 E.00484
G1 X111.607 Y109.181 E.00584
G1 X111.763 Y109.65 E.00662
G1 X111.803 Y110.024 E.00504
G1 X111.744 Y110.456 E.00584
G1 X111.559 Y110.898 E.00642
G1 X111.332 Y111.217 E.00525
G1 X111.001 Y111.502 E.00585
G1 X110.586 Y111.706 E.0062
G1 X110.188 Y111.798 E.00547
G1 X109.752 Y111.792 E.00584
G1 X109.32 Y111.677 E.00599
G1 X108.947 Y111.475 E.00568
G1 X108.624 Y111.181 E.00585
G1 X108.381 Y110.819 E.00584
G1 X108.232 Y110.409 E.00584
G1 X108.185 Y109.976 E.00584
G1 X108.244 Y109.544 E.00584
G1 X108.404 Y109.138 E.00585
G1 X108.619 Y108.862 E.00469
G1 X108.284 Y108.485 F9000
;TYPE:Perimeter
;WIDTH:0.587842
G1 F900
G1 X108.334 Y108.418 E.00159
;WIDTH:0.59204
G1 X108.759 Y108.065 E.01056
G1 X109.259 Y107.829 E.01057
;WIDTH:0.588582
G1 X109.8 Y107.715 E.01051
;WIDTH:0.59092
G1 X110.353 Y107.733 E.01056
G1 X110.884 Y107.887 E.01055
;WIDTH:0.589432
G1 X111.365 Y108.16 E.01053
;WIDTH:0.589704
G1 X111.756 Y108.528 E.01022
G1 X112.036 Y108.955 E.00972
;WIDTH:0.583152
G1 X112.217 Y109.433 E.00962
;WIDTH:0.591448
G1 X112.286 Y110.083 E.01249
;WIDTH:0.589004
G1 X112.198 Y110.629 E.01052
;WIDTH:0.598224
G1 X111.964 Y111.177 E.01152
G1 X111.655 Y111.582 E.00984
;WIDTH:0.588214
G1 X111.227 Y111.932 E.0105
;WIDTH:0.597136
G1 X110.703 Y112.183 E.01121
G1 X110.188 Y112.285 E.01013
;WIDTH:0.58753
G1 X109.636 Y112.264 E.01048
;WIDTH:0.595934
G1 X109.091 Y112.112 E.01089
G1 X108.624 Y111.839 E.01041
;WIDTH:0.586952
G1 X108.224 Y111.457 E.01048
;WIDTH:0.594606
G1 X107.923 Y110.993 E.01062
G1 X107.75 Y110.468 E.01062
;WIDTH:0.587212
G1 X107.702 Y109.917 E.01049
;WIDTH:0.59327
G1 X107.786 Y109.37 E.0106
G1 X108.004 Y108.862 E.01059
;WIDTH:0.587842
G1 X108.248 Y108.533 E.00777
G1 X107.873 Y108.206 F9000
;TYPE:External perimeter
;WIDTH:0.419999
G1 F900
G1 X108.066 Y107.984 E.00394
G1 X108.457 Y107.672 E.0067
G1 X108.898 Y107.435 E.00671
G1 X109.373 Y107.281 E.00669
G1 X109.869 Y107.214 E.00671
G1 X110.368 Y107.236 E.00669
G1 X110.856 Y107.347 E.00671
G1 X111.316 Y107.544 E.0067
G1 X111.733 Y107.819 E.00669
G1 X112.094 Y108.165 E.0067
G1 X112.388 Y108.569 E.00669
G1 X112.605 Y109.02 E.00671
G1 X112.738 Y109.502 E.0067
G1 X112.779 Y110.044 E.00728
G1 X112.738 Y110.498 E.00611
G1 X112.605 Y110.98 E.0067
G1 X112.388 Y111.431 E.00671
G1 X112.094 Y111.835 E.00669
G1 X111.733 Y112.181 E.0067
G1 X111.316 Y112.456 E.00669
G1 X110.856 Y112.653 E.0067
G1 X110.368 Y112.764 E.00671
G1 X109.869 Y112.786 E.00669
G1 X109.373 Y112.719 E.00671
G1 X108.898 Y112.565 E.00669
G1 X108.457 Y112.328 E.00671
G1 X108.066 Y112.016 E.0067
G1 X107.737 Y111.639 E.0067
G1 X107.481 Y111.21 E.00669
G1 X107.305 Y110.742 E.0067
G1 X107.216 Y110.25 E.0067
G1 X107.216 Y109.75 E.0067
G1 X107.305 Y109.258 E.0067
G1 X107.481 Y108.79 E.0067
G1 X107.737 Y108.361 E.00669
G1 X107.833 Y108.251 E.00196
;LAYER_CHANGE
;Z:1.48
;HEIGHT:0.08
;BEFORE_LAYER_CHANGE
G92 E0
;1.48


G1 E-3.5 F3600
;WIPE_START
G1 F7200
G1 X107.873 Y108.206 E-.0286
G1 X108.066 Y107.984 E-.13973
G1 X108.457 Y107.672 E-.23761
G1 X108.898 Y107.435 E-.23781
G1 X109.373 Y107.281 E-.23719
G1 X109.869 Y107.214 E-.23774
G1 X110.368 Y107.236 E-.23726
G1 X110.664 Y107.303 E-.14406
;WIPE_END
G1 Z1.48 F9000
;AFTER_LAYER_CHANGE
;1.48
G1 X108.656 Y108.815
G1 E5 F2400
G1 F900
G1 X108.736 Y108.712 E.00175
G1 X108.987 Y108.498 E.00442
G1 X109.375 Y108.3 E.00584
G1 X109.891 Y108.202 E.00704
G1 X110.236 Y108.208 E.00462
G1 X110.658 Y108.318 E.00584
G1 X111.098 Y108.575 E.00683
G1 X111.364 Y108.819 E.00484
G1 X111.607 Y109.181 E.00584
G1 X111.763 Y109.65 E.00662
G1 X111.803 Y110.024 E.00504
G1 X111.744 Y110.456 E.00584
G1 X111.559 Y110.898 E.00642
G1 X111.332 Y111.217 E.00525
G1 X111.001 Y111.502 E.00585
G1 X110.586 Y111.706 E.0062
G1 X110.188 Y111.798 E.00547
G1 X109.752 Y111.792 E.00584
G1 X109.32 Y111.677 E.00599
G1 X108.947 Y111.475 E.00568
G1 X108.624 Y111.181 E.00585
G1 X108.381 Y110.819 E.00584
G1 X108.232 Y110.409 E.00584
G1 X108.185 Y109.976 E.00584
G1 X108.244 Y109.544 E.00584
G1 X108.404 Y109.138 E.00585
G1 X108.619 Y108.862 E.00469
G1 X108.284 Y108.485 F9000
;TYPE:Perimeter
;WIDTH:0.587844
G1 F900
G1 X108.334 Y108.418 E.00159
;WIDTH:0.59204
G1 X108.759 Y108.065 E.01056
G1 X109.259 Y107.829 E.01057
;WIDTH:0.588582
G1 X109.8 Y107.715 E.01051
;WIDTH:0.59092
G1 X110.353 Y107.733 E.01056
G1 X110.884 Y107.887 E.01055
;WIDTH:0.589432
G1 X111.365 Y108.16 E.01053
;WIDTH:0.589706
G1 X111.756 Y108.528 E.01022
G1 X112.036 Y108.955 E.00972
;WIDTH:0.583152
G1 X112.217 Y109.433 E.00962
;WIDTH:0.591448
G1 X112.286 Y110.083 E.01249
;WIDTH:0.589004
G1 X112.198 Y110.629 E.01052
;WIDTH:0.598224
G1 X111.964 Y111.177 E.01152
G1 X111.655 Y111.582 E.00984
;WIDTH:0.58821
G1 X111.227 Y111.932 E.0105
;WIDTH:0.597136
G1 X110.703 Y112.183 E.01121
G1 X110.188 Y112.285 E.01013
;WIDTH:0.58753
G1 X109.636 Y112.264 E.01048
;WIDTH:0.595934
G1 X109.091 Y112.112 E.01089
G1 X108.624 Y111.839 E.01041
;WIDTH:0.586952
G1 X108.224 Y111.457 E.01048
;WIDTH:0.594606
G1 X107.923 Y110.993 E.01062
G1 X107.75 Y110.468 E.01062
;WIDTH:0.587212
G1 X107.702 Y109.917 E.01049
;WIDTH:0.593272
G1 X107.786 Y109.37 E.0106
G1 X108.004 Y108.862 E.01059
;WIDTH:0.587844
G1 X108.248 Y108.533 E.00777
G1 X107.873 Y108.206 F9000
;TYPE:External perimeter
;WIDTH:0.419999
G1 F900
G1 X108.066 Y107.984 E.00394
G1 X108.457 Y107.672 E.0067
G1 X108.898 Y107.435 E.00671
G1 X109.373 Y107.281 E.00669
G1 X109.869 Y107.214 E.00671
G1 X110.368 Y107.236 E.00669
G1 X110.856 Y107.347 E.00671
G1 X111.316 Y107.544 E.0067
G1 X111.733 Y107.819 E.00669
G1 X112.094 Y108.165 E.0067
G1 X112.388 Y108.569 E.00669
G1 X112.605 Y109.02 E.00671
G1 X112.738 Y109.502 E.0067
G1 X112.779 Y110.044 E.00728
G1 X112.738 Y110.498 E.00611
G1 X112.605 Y110.98 E.0067
G1 X112.388 Y111.431 E.00671
G1 X112.094 Y111.835 E.00669
G1 X111.733 Y112.181 E.0067
G1 X111.316 Y112.456 E.00669
G1 X110.856 Y112.653 E.0067
G1 X110.368 Y112.764 E.00671
G1 X109.869 Y112.786 E.00669
G1 X109.373 Y112.719 E.00671
G1 X108.898 Y112.565 E.00669
G1 X108.457 Y112.328 E.00671
G1 X108.066 Y112.016 E.0067
G1 X107.737 Y111.639 E.0067
G1 X107.481 Y111.21 E.00669
G1 X107.305 Y110.742 E.0067
G1 X107.216 Y110.25 E.0067
G1 X107.216 Y109.75 E.0067
G1 X107.305 Y109.258 E.0067
G1 X107.481 Y108.79 E.0067
G1 X107.737 Y108.361 E.00669
G1 X107.833 Y108.251 E.00196
;LAYER_CHANGE
;Z:1.56
;HEIGHT:0.0799999
;BEFORE_LAYER_CHANGE
G92 E0
;1.56


G1 E-3.5 F3600
;WIPE_START
G1 F7200
G1 X107.873 Y108.206 E-.0286
G1 X108.066 Y107.984 E-.13973
G1 X108.457 Y107.672 E-.23761
G1 X108.898 Y107.435 E-.23781
G1 X109.373 Y107.281 E-.23719
G1 X109.869 Y107.214 E-.23774
G1 X110.368 Y107.236 E-.23726
G1 X110.664 Y107.303 E-.14406
;WIPE_END
G1 Z1.56 F9000
;AFTER_LAYER_CHANGE
;1.56
G1 X108.656 Y108.815
G1 E5 F2400
G1 F900
G1 X108.736 Y108.712 E.00175
G1 X108.987 Y108.498 E.00442
G1 X109.375 Y108.3 E.00584
G1 X109.891 Y108.202 E.00704
G1 X110.236 Y108.208 E.00462
G1 X110.658 Y108.318 E.00584
G1 X111.098 Y108.575 E.00683
G1 X111.364 Y108.819 E.00484
G1 X111.607 Y109.181 E.00584
G1 X111.763 Y109.65 E.00662
G1 X111.803 Y110.024 E.00504
G1 X111.744 Y110.456 E.00584
G1 X111.559 Y110.898 E.00642
G1 X111.332 Y111.217 E.00525
G1 X111.001 Y111.502 E.00585
G1 X110.586 Y111.706 E.0062
G1 X110.188 Y111.798 E.00547
G1 X109.752 Y111.792 E.00584
G1 X109.32 Y111.677 E.00599
G1 X108.947 Y111.475 E.00568
G1 X108.624 Y111.181 E.00585
G1 X108.381 Y110.819 E.00584
G1 X108.232 Y110.409 E.00584
G1 X108.185 Y109.976 E.00584
G1 X108.244 Y109.544 E.00584
G1 X108.404 Y109.138 E.00585
G1 X108.619 Y108.862 E.00469
G1 X108.284 Y108.485 F9000
;TYPE:Perimeter
;WIDTH:0.587842
G1 F900
G1 X108.334 Y108.418 E.00159
;WIDTH:0.59204
G1 X108.759 Y108.065 E.01056
G1 X109.259 Y107.829 E.01057
;WIDTH:0.588582
G1 X109.8 Y107.715 E.01051
;WIDTH:0.59092
G1 X110.353 Y107.733 E.01056
G1 X110.884 Y107.887 E.01055
;WIDTH:0.589432
G1 X111.365 Y108.16 E.01053
;WIDTH:0.589706
G1 X111.756 Y108.528 E.01022
G1 X112.036 Y108.955 E.00972
;WIDTH:0.583152
G1 X112.217 Y109.433 E.00962
;WIDTH:0.591448
G1 X112.286 Y110.083 E.01249
;WIDTH:0.589004
G1 X112.198 Y110.629 E.01052
;WIDTH:0.598224
G1 X111.964 Y111.177 E.01152
G1 X111.655 Y111.582 E.00984
;WIDTH:0.58821
G1 X111.227 Y111.932 E.0105
;WIDTH:0.597136
G1 X110.703 Y112.183 E.01121
G1 X110.188 Y112.285 E.01013
;WIDTH:0.58753
G1 X109.636 Y112.264 E.01048
;WIDTH:0.595934
G1 X109.091 Y112.112 E.01089
G1 X108.624 Y111.839 E.01041
;WIDTH:0.586952
G1 X108.224 Y111.457 E.01048
;WIDTH:0.594608
G1 X107.923 Y110.993 E.01062
G1 X107.75 Y110.468 E.01062
;WIDTH:0.587212
G1 X107.702 Y109.917 E.01049
;WIDTH:0.593272
G1 X107.786 Y109.37 E.0106
G1 X108.004 Y108.862 E.01059
;WIDTH:0.587842
G1 X108.248 Y108.533 E.00777
G1 X107.873 Y108.206 F9000
;TYPE:External perimeter
;WIDTH:0.419999
G1 F900
G1 X108.066 Y107.984 E.00394
G1 X108.457 Y107.672 E.0067
G1 X108.898 Y107.435 E.00671
G1 X109.373 Y107.281 E.00669
G1 X109.869 Y107.214 E.00671
G1 X110.368 Y107.236 E.00669
G1 X110.856 Y107.347 E.00671
G1 X111.316 Y107.544 E.0067
G1 X111.733 Y107.819 E.00669
G1 X112.094 Y108.165 E.0067
G1 X112.388 Y108.569 E.00669
G1 X112.605 Y109.02 E.00671
G1 X112.738 Y109.502 E.0067
G1 X112.779 Y110.044 E.00728
G1 X112.738 Y110.498 E.00611
G1 X112.605 Y110.98 E.0067
G1 X112.388 Y111.431 E.00671
G1 X112.094 Y111.835 E.00669
G1 X111.733 Y112.181 E.0067
G1 X111.316 Y112.456 E.00669
G1 X110.856 Y112.653 E.0067
G1 X110.368 Y112.764 E.00671
G1 X109.869 Y112.786 E.00669
G1 X109.373 Y112.719 E.00671
G1 X108.898 Y112.565 E.00669
G1 X108.457 Y112.328 E.00671
G1 X108.066 Y112.016 E.0067
G1 X107.737 Y111.639 E.0067
G1 X107.481 Y111.21 E.00669
G1 X107.305 Y110.742 E.0067
G1 X107.216 Y110.25 E.0067
G1 X107.216 Y109.75 E.0067
G1 X107.305 Y109.258 E.0067
G1 X107.481 Y108.79 E.0067
G1 X107.737 Y108.361 E.00669
G1 X107.833 Y108.251 E.00196
;LAYER_CHANGE
;Z:1.64
;HEIGHT:0.08
;BEFORE_LAYER_CHANGE
G92 E0
;1.64


G1 E-3.5 F3600
;WIPE_START
G1 F7200
G1 X107.873 Y108.206 E-.0286
G1 X108.066 Y107.984 E-.13973
G1 X108.457 Y107.672 E-.23761
G1 X108.898 Y107.435 E-.23781
G1 X109.373 Y107.281 E-.23719
G1 X109.869 Y107.214 E-.23774
G1 X110.368 Y107.236 E-.23726
G1 X110.664 Y107.303 E-.14406
;WIPE_END
G1 Z1.64 F9000
;AFTER_LAYER_CHANGE
;1.64
G1 X108.656 Y108.815
G1 E5 F2400
G1 F900
G1 X108.736 Y108.712 E.00175
G1 X108.987 Y108.498 E.00442
G1 X109.375 Y108.3 E.00584
G1 X109.891 Y108.202 E.00704
G1 X110.236 Y108.208 E.00462
G1 X110.658 Y108.318 E.00584
G1 X111.098 Y108.575 E.00683
G1 X111.364 Y108.819 E.00484
G1 X111.607 Y109.181 E.00584
G1 X111.763 Y109.65 E.00662
G1 X111.803 Y110.024 E.00504
G1 X111.744 Y110.456 E.00584
G1 X111.559 Y110.898 E.00642
G1 X111.332 Y111.217 E.00525
G1 X111.001 Y111.502 E.00585
G1 X110.586 Y111.706 E.0062
G1 X110.188 Y111.798 E.00547
G1 X109.752 Y111.792 E.00584
G1 X109.32 Y111.677 E.00599
G1 X108.947 Y111.475 E.00568
G1 X108.624 Y111.181 E.00585
G1 X108.381 Y110.819 E.00584
G1 X108.232 Y110.409 E.00584
G1 X108.185 Y109.976 E.00584
G1 X108.244 Y109.544 E.00584
G1 X108.404 Y109.138 E.00585
G1 X108.619 Y108.862 E.00469
G1 X108.284 Y108.485 F9000
;TYPE:Perimeter
;WIDTH:0.587842
G1 F900
G1 X108.334 Y108.418 E.00159
;WIDTH:0.59204
G1 X108.759 Y108.065 E.01056
G1 X109.259 Y107.829 E.01057
;WIDTH:0.588582
G1 X109.8 Y107.715 E.01051
;WIDTH:0.59092
G1 X110.353 Y107.733 E.01056
G1 X110.884 Y107.887 E.01055
;WIDTH:0.589432
G1 X111.365 Y108.16 E.01053
;WIDTH:0.589706
G1 X111.756 Y108.528 E.01022
G1 X112.036 Y108.955 E.00972
;WIDTH:0.58315
G1 X112.217 Y109.433 E.00962
;WIDTH:0.591448
G1 X112.286 Y110.083 E.01249
;WIDTH:0.589004
G1 X112.198 Y110.629 E.01052
;WIDTH:0.598226
G1 X111.964 Y111.177 E.01152
G1 X111.655 Y111.582 E.00985
;WIDTH:0.588214
G1 X111.227 Y111.932 E.0105
;WIDTH:0.597136
G1 X110.703 Y112.183 E.01121
G1 X110.188 Y112.285 E.01013
;WIDTH:0.58753
G1 X109.636 Y112.264 E.01048
;WIDTH:0.595934
G1 X109.091 Y112.112 E.01089
G1 X108.624 Y111.839 E.01041
;WIDTH:0.586952
G1 X108.224 Y111.457 E.01048
;WIDTH:0.594606
G1 X107.923 Y110.993 E.01062
G1 X107.75 Y110.468 E.01062
;WIDTH:0.587212
G1 X107.702 Y109.917 E.01049
;WIDTH:0.593272
G1 X107.786 Y109.37 E.0106
G1 X108.004 Y108.862 E.01059
;WIDTH:0.587842
G1 X108.248 Y108.533 E.00777
G1 X107.873 Y108.206 F9000
;TYPE:External perimeter
;WIDTH:0.419999
G1 F900
G1 X108.066 Y107.984 E.00394
G1 X108.457 Y107.672 E.0067
G1 X108.898 Y107.435 E.00671
G1 X109.373 Y107.281 E.00669
G1 X109.869 Y107.214 E.00671
G1 X110.368 Y107.236 E.00669
G1 X110.856 Y107.347 E.00671
G1 X111.316 Y107.544 E.0067
G1 X111.733 Y107.819 E.00669
G1 X112.094 Y108.165 E.0067
G1 X112.388 Y108.569 E.00669
G1 X112.605 Y109.02 E.00671
G1 X112.738 Y109.502 E.0067
G1 X112.779 Y110.044 E.00728
G1 X112.738 Y110.498 E.00611
G1 X112.605 Y110.98 E.0067
G1 X112.388 Y111.431 E.00671
G1 X112.094 Y111.835 E.00669
G1 X111.733 Y112.181 E.0067
G1 X111.316 Y112.456 E.00669
G1 X110.856 Y112.653 E.0067
G1 X110.368 Y112.764 E.00671
G1 X109.869 Y112.786 E.00669
G1 X109.373 Y112.719 E.00671
G1 X108.898 Y112.565 E.00669
G1 X108.457 Y112.328 E.00671
G1 X108.066 Y112.016 E.0067
G1 X107.737 Y111.639 E.0067
G1 X107.481 Y111.21 E.00669
G1 X107.305 Y110.742 E.0067
G1 X107.216 Y110.25 E.0067
G1 X107.216 Y109.75 E.0067
G1 X107.305 Y109.258 E.0067
G1 X107.481 Y108.79 E.0067
G1 X107.737 Y108.361 E.00669
G1 X107.833 Y108.251 E.00196
;LAYER_CHANGE
;Z:1.72
;HEIGHT:0.08
;BEFORE_LAYER_CHANGE
G92 E0
;1.72


G1 E-3.5 F3600
;WIPE_START
G1 F7200
G1 X107.873 Y108.206 E-.0286
G1 X108.066 Y107.984 E-.13973
G1 X108.457 Y107.672 E-.23761
G1 X108.898 Y107.435 E-.23781
G1 X109.373 Y107.281 E-.23719
G1 X109.869 Y107.214 E-.23774
G1 X110.368 Y107.236 E-.23726
G1 X110.664 Y107.303 E-.14406
;WIPE_END
G1 Z1.72 F9000
;AFTER_LAYER_CHANGE
;1.72
G1 X108.656 Y108.815
G1 E5 F2400
G1 F900
G1 X108.736 Y108.712 E.00175
G1 X108.987 Y108.498 E.00442
G1 X109.375 Y108.3 E.00584
G1 X109.891 Y108.202 E.00704
G1 X110.236 Y108.208 E.00462
G1 X110.658 Y108.318 E.00584
G1 X111.098 Y108.575 E.00683
G1 X111.364 Y108.819 E.00484
G1 X111.607 Y109.181 E.00584
G1 X111.763 Y109.65 E.00662
G1 X111.803 Y110.024 E.00504
G1 X111.744 Y110.456 E.00584
G1 X111.559 Y110.898 E.00642
G1 X111.332 Y111.217 E.00525
G1 X111.001 Y111.502 E.00585
G1 X110.586 Y111.706 E.0062
G1 X110.188 Y111.798 E.00547
G1 X109.752 Y111.792 E.00584
G1 X109.32 Y111.677 E.00599
G1 X108.947 Y111.475 E.00568
G1 X108.624 Y111.181 E.00585
G1 X108.381 Y110.819 E.00584
G1 X108.232 Y110.409 E.00584
G1 X108.185 Y109.976 E.00584
G1 X108.244 Y109.544 E.00584
G1 X108.404 Y109.138 E.00585
G1 X108.619 Y108.862 E.00469
G1 X108.284 Y108.485 F9000
;TYPE:Perimeter
;WIDTH:0.587842
G1 F900
G1 X108.334 Y108.418 E.00159
;WIDTH:0.59204
G1 X108.759 Y108.065 E.01056
G1 X109.259 Y107.829 E.01057
;WIDTH:0.588582
G1 X109.8 Y107.715 E.01051
;WIDTH:0.59092
G1 X110.353 Y107.733 E.01056
G1 X110.884 Y107.887 E.01055
;WIDTH:0.589432
G1 X111.365 Y108.16 E.01053
;WIDTH:0.589706
G1 X111.756 Y108.528 E.01022
G1 X112.036 Y108.955 E.00972
;WIDTH:0.583152
G1 X112.217 Y109.433 E.00962
;WIDTH:0.591448
G1 X112.286 Y110.083 E.01249
;WIDTH:0.589004
G1 X112.198 Y110.629 E.01052
;WIDTH:0.598224
G1 X111.964 Y111.177 E.01152
G1 X111.655 Y111.582 E.00984
;WIDTH:0.588214
G1 X111.227 Y111.932 E.0105
;WIDTH:0.597136
G1 X110.703 Y112.183 E.01121
G1 X110.188 Y112.285 E.01013
;WIDTH:0.58753
G1 X109.636 Y112.264 E.01048
;WIDTH:0.595936
G1 X109.091 Y112.112 E.01089
G1 X108.624 Y111.839 E.01041
;WIDTH:0.586954
G1 X108.224 Y111.457 E.01048
;WIDTH:0.594606
G1 X107.923 Y110.993 E.01062
G1 X107.75 Y110.468 E.01062
;WIDTH:0.587212
G1 X107.702 Y109.917 E.01049
;WIDTH:0.593274
G1 X107.786 Y109.37 E.0106
G1 X108.004 Y108.862 E.01059
;WIDTH:0.587842
G1 X108.248 Y108.533 E.00777
G1 X107.873 Y108.206 F9000
;TYPE:External perimeter
;WIDTH:0.419999
G1 F900
G1 X108.066 Y107.984 E.00394
G1 X108.457 Y107.672 E.0067
G1 X108.898 Y107.435 E.00671
G1 X109.373 Y107.281 E.00669
G1 X109.869 Y107.214 E.00671
G1 X110.368 Y107.236 E.00669
G1 X110.856 Y107.347 E.00671
G1 X111.316 Y107.544 E.0067
G1 X111.733 Y107.819 E.00669
G1 X112.094 Y108.165 E.0067
G1 X112.388 Y108.569 E.00669
G1 X112.605 Y109.02 E.00671
G1 X112.738 Y109.502 E.0067
G1 X112.779 Y110.044 E.00728
G1 X112.738 Y110.498 E.00611
G1 X112.605 Y110.98 E.0067
G1 X112.388 Y111.431 E.00671
G1 X112.094 Y111.835 E.00669
G1 X111.733 Y112.181 E.0067
G1 X111.316 Y112.456 E.00669
G1 X110.856 Y112.653 E.0067
G1 X110.368 Y112.764 E.00671
G1 X109.869 Y112.786 E.00669
G1 X109.373 Y112.719 E.00671
G1 X108.898 Y112.565 E.00669
G1 X108.457 Y112.328 E.00671
G1 X108.066 Y112.016 E.0067
G1 X107.737 Y111.639 E.0067
G1 X107.481 Y111.21 E.00669
G1 X107.305 Y110.742 E.0067
G1 X107.216 Y110.25 E.0067
G1 X107.216 Y109.75 E.0067
G1 X107.305 Y109.258 E.0067
G1 X107.481 Y108.79 E.0067
G1 X107.737 Y108.361 E.00669
G1 X107.833 Y108.251 E.00196
;LAYER_CHANGE
;Z:1.8
;HEIGHT:0.0799999
;BEFORE_LAYER_CHANGE
G92 E0
;1.8


G1 E-3.5 F3600
;WIPE_START
G1 F7200
G1 X107.873 Y108.206 E-.0286
G1 X108.066 Y107.984 E-.13973
G1 X108.457 Y107.672 E-.23761
G1 X108.898 Y107.435 E-.23781
G1 X109.373 Y107.281 E-.23719
G1 X109.869 Y107.214 E-.23774
G1 X110.368 Y107.236 E-.23726
G1 X110.664 Y107.303 E-.14406
;WIPE_END
G1 Z1.8 F9000
;AFTER_LAYER_CHANGE
;1.8
G1 X108.656 Y108.815
G1 E5 F2400
G1 F900
G1 X108.736 Y108.712 E.00175
G1 X108.987 Y108.498 E.00442
G1 X109.375 Y108.3 E.00584
G1 X109.891 Y108.202 E.00704
G1 X110.236 Y108.208 E.00462
G1 X110.658 Y108.318 E.00584
G1 X111.098 Y108.575 E.00683
G1 X111.364 Y108.819 E.00484
G1 X111.607 Y109.181 E.00584
G1 X111.763 Y109.65 E.00662
G1 X111.803 Y110.024 E.00504
G1 X111.744 Y110.456 E.00584
G1 X111.559 Y110.898 E.00642
G1 X111.332 Y111.217 E.00525
G1 X111.001 Y111.502 E.00585
G1 X110.586 Y111.706 E.0062
G1 X110.188 Y111.798 E.00547
G1 X109.752 Y111.792 E.00584
G1 X109.32 Y111.677 E.00599
G1 X108.947 Y111.475 E.00568
G1 X108.624 Y111.181 E.00585
G1 X108.381 Y110.819 E.00584
G1 X108.232 Y110.409 E.00584
G1 X108.185 Y109.976 E.00584
G1 X108.244 Y109.544 E.00584
G1 X108.404 Y109.138 E.00585
G1 X108.619 Y108.862 E.00469
G1 X108.284 Y108.485 F9000
;TYPE:Perimeter
;WIDTH:0.587842
G1 F900
G1 X108.334 Y108.418 E.00159
;WIDTH:0.59204
G1 X108.759 Y108.065 E.01056
G1 X109.259 Y107.829 E.01057
;WIDTH:0.588582
G1 X109.8 Y107.715 E.01051
;WIDTH:0.59092
G1 X110.353 Y107.733 E.01056
G1 X110.884 Y107.887 E.01055
;WIDTH:0.589432
G1 X111.365 Y108.16 E.01053
;WIDTH:0.589704
G1 X111.756 Y108.528 E.01022
G1 X112.036 Y108.955 E.00972
;WIDTH:0.583152
G1 X112.217 Y109.433 E.00962
;WIDTH:0.591448
G1 X112.286 Y110.083 E.01249
;WIDTH:0.589004
G1 X112.198 Y110.629 E.01052
;WIDTH:0.598226
G1 X111.964 Y111.177 E.01152
G1 X111.655 Y111.582 E.00985
;WIDTH:0.58821
G1 X111.227 Y111.932 E.0105
;WIDTH:0.597136
G1 X110.703 Y112.183 E.01121
G1 X110.188 Y112.285 E.01013
;WIDTH:0.58753
G1 X109.636 Y112.264 E.01048
;WIDTH:0.595934
G1 X109.091 Y112.112 E.01089
G1 X108.624 Y111.839 E.01041
;WIDTH:0.586952
G1 X108.224 Y111.457 E.01048
;WIDTH:0.594606
G1 X107.923 Y110.993 E.01062
G1 X107.75 Y110.468 E.01062
;WIDTH:0.587212
G1 X107.702 Y109.917 E.01049
;WIDTH:0.593272
G1 X107.786 Y109.37 E.0106
G1 X108.004 Y108.862 E.01059
;WIDTH:0.587842
G1 X108.248 Y108.533 E.00777
G1 X107.873 Y108.206 F9000
;TYPE:External perimeter
;WIDTH:0.419999
G1 F900
G1 X108.066 Y107.984 E.00394
G1 X108.457 Y107.672 E.0067
G1 X108.898 Y107.435 E.00671
G1 X109.373 Y107.281 E.00669
G1 X109.869 Y107.214 E.00671
G1 X110.368 Y107.236 E.00669
G1 X110.856 Y107.347 E.00671
G1 X111.316 Y107.544 E.0067
G1 X111.733 Y107.819 E.00669
G1 X112.094 Y108.165 E.0067
G1 X112.388 Y108.569 E.00669
G1 X112.605 Y109.02 E.00671
G1 X112.738 Y109.502 E.0067
G1 X112.779 Y110.044 E.00728
G1 X112.738 Y110.498 E.00611
G1 X112.605 Y110.98 E.0067
G1 X112.388 Y111.431 E.00671
G1 X112.094 Y111.835 E.00669
G1 X111.733 Y112.181 E.0067
G1 X111.316 Y112.456 E.00669
G1 X110.856 Y112.653 E.0067
G1 X110.368 Y112.764 E.00671
G1 X109.869 Y112.786 E.00669
G1 X109.373 Y112.719 E.00671
G1 X108.898 Y112.565 E.00669
G1 X108.457 Y112.328 E.00671
G1 X108.066 Y112.016 E.0067
G1 X107.737 Y111.639 E.0067
G1 X107.481 Y111.21 E.00669
G1 X107.305 Y110.742 E.0067
G1 X107.216 Y110.25 E.0067
G1 X107.216 Y109.75 E.0067
G1 X107.305 Y109.258 E.0067
G1 X107.481 Y108.79 E.0067
G1 X107.737 Y108.361 E.00669
G1 X107.833 Y108.251 E.00196
;LAYER_CHANGE
;Z:1.88
;HEIGHT:0.08
;BEFORE_LAYER_CHANGE
G92 E0
;1.88


G1 E-3.5 F3600
;WIPE_START
G1 F7200
G1 X107.873 Y108.206 E-.0286
G1 X108.066 Y107.984 E-.13973
G1 X108.457 Y107.672 E-.23761
G1 X108.898 Y107.435 E-.23781
G1 X109.373 Y107.281 E-.23719
G1 X109.869 Y107.214 E-.23774
G1 X110.368 Y107.236 E-.23726
G1 X110.664 Y107.303 E-.14406
;WIPE_END
G1 Z1.88 F9000
;AFTER_LAYER_CHANGE
;1.88
G1 X108.656 Y108.815
G1 E5 F2400
G1 F900
G1 X108.736 Y108.712 E.00175
G1 X108.987 Y108.498 E.00442
G1 X109.375 Y108.3 E.00584
G1 X109.891 Y108.202 E.00704
G1 X110.236 Y108.208 E.00462
G1 X110.658 Y108.318 E.00584
G1 X111.098 Y108.575 E.00683
G1 X111.364 Y108.819 E.00484
G1 X111.607 Y109.181 E.00584
G1 X111.763 Y109.65 E.00662
G1 X111.803 Y110.024 E.00504
G1 X111.744 Y110.456 E.00584
G1 X111.559 Y110.898 E.00642
G1 X111.332 Y111.217 E.00525
G1 X111.001 Y111.502 E.00585
G1 X110.586 Y111.706 E.0062
G1 X110.188 Y111.798 E.00547
G1 X109.752 Y111.792 E.00584
G1 X109.32 Y111.677 E.00599
G1 X108.947 Y111.475 E.00568
G1 X108.624 Y111.181 E.00585
G1 X108.381 Y110.819 E.00584
G1 X108.232 Y110.409 E.00584
G1 X108.185 Y109.976 E.00584
G1 X108.244 Y109.544 E.00584
G1 X108.404 Y109.138 E.00585
G1 X108.619 Y108.862 E.00469
G1 X108.284 Y108.485 F9000
;TYPE:Perimeter
;WIDTH:0.587842
G1 F900
G1 X108.334 Y108.418 E.00159
;WIDTH:0.59204
G1 X108.759 Y108.065 E.01056
G1 X109.259 Y107.829 E.01057
;WIDTH:0.588582
G1 X109.8 Y107.715 E.01051
;WIDTH:0.59092
G1 X110.353 Y107.733 E.01056
G1 X110.884 Y107.887 E.01055
;WIDTH:0.589432
G1 X111.365 Y108.16 E.01053
;WIDTH:0.589704
G1 X111.756 Y108.528 E.01022
G1 X112.036 Y108.955 E.00972
;WIDTH:0.583152
G1 X112.217 Y109.433 E.00962
;WIDTH:0.591448
G1 X112.286 Y110.083 E.01249
;WIDTH:0.589004
G1 X112.198 Y110.629 E.01052
;WIDTH:0.598222
G1 X111.964 Y111.177 E.01152
G1 X111.655 Y111.582 E.00984
;WIDTH:0.58821
G1 X111.227 Y111.932 E.0105
;WIDTH:0.597136
G1 X110.703 Y112.183 E.01121
G1 X110.188 Y112.285 E.01013
;WIDTH:0.58753
G1 X109.636 Y112.264 E.01048
;WIDTH:0.595936
G1 X109.091 Y112.112 E.01089
G1 X108.624 Y111.839 E.01041
;WIDTH:0.586954
G1 X108.224 Y111.457 E.01048
;WIDTH:0.594606
G1 X107.923 Y110.993 E.01062
G1 X107.75 Y110.468 E.01062
;WIDTH:0.587212
G1 X107.702 Y109.917 E.01049
;WIDTH:0.593272
G1 X107.786 Y109.37 E.0106
G1 X108.004 Y108.862 E.01059
;WIDTH:0.587842
G1 X108.248 Y108.533 E.00777
G1 X107.873 Y108.206 F9000
;TYPE:External perimeter
;WIDTH:0.419999
G1 F900
G1 X108.066 Y107.984 E.00394
G1 X108.457 Y107.672 E.0067
G1 X108.898 Y107.435 E.00671
G1 X109.373 Y107.281 E.00669
G1 X109.869 Y107.214 E.00671
G1 X110.368 Y107.236 E.00669
G1 X110.856 Y107.347 E.00671
G1 X111.316 Y107.544 E.0067
G1 X111.733 Y107.819 E.00669
G1 X112.094 Y108.165 E.0067
G1 X112.388 Y108.569 E.00669
G1 X112.605 Y109.02 E.00671
G1 X112.738 Y109.502 E.0067
G1 X112.779 Y110.044 E.00728
G1 X112.738 Y110.498 E.00611
G1 X112.605 Y110.98 E.0067
G1 X112.388 Y111.431 E.00671
G1 X112.094 Y111.835 E.00669
G1 X111.733 Y112.181 E.0067
G1 X111.316 Y112.456 E.00669
G1 X110.856 Y112.653 E.0067
G1 X110.368 Y112.764 E.00671
G1 X109.869 Y112.786 E.00669
G1 X109.373 Y112.719 E.00671
G1 X108.898 Y112.565 E.00669
G1 X108.457 Y112.328 E.00671
G1 X108.066 Y112.016 E.0067
G1 X107.737 Y111.639 E.0067
G1 X107.481 Y111.21 E.00669
G1 X107.305 Y110.742 E.0067
G1 X107.216 Y110.25 E.0067
G1 X107.216 Y109.75 E.0067
G1 X107.305 Y109.258 E.0067
G1 X107.481 Y108.79 E.0067
G1 X107.737 Y108.361 E.00669
G1 X107.833 Y108.251 E.00196
;LAYER_CHANGE
;Z:1.96
;HEIGHT:0.08
;BEFORE_LAYER_CHANGE
G92 E0
;1.96


G1 E-3.5 F3600
;WIPE_START
G1 F7200
G1 X107.873 Y108.206 E-.0286
G1 X108.066 Y107.984 E-.13973
G1 X108.457 Y107.672 E-.23761
G1 X108.898 Y107.435 E-.23781
G1 X109.373 Y107.281 E-.23719
G1 X109.869 Y107.214 E-.23774
G1 X110.368 Y107.236 E-.23726
G1 X110.664 Y107.303 E-.14406
;WIPE_END
G1 Z1.96 F9000
;AFTER_LAYER_CHANGE
;1.96
G1 X108.656 Y108.815
G1 E5 F2400
G1 F900
G1 X108.736 Y108.712 E.00175
G1 X108.987 Y108.498 E.00442
G1 X109.375 Y108.3 E.00584
G1 X109.891 Y108.202 E.00704
G1 X110.236 Y108.208 E.00462
G1 X110.658 Y108.318 E.00584
G1 X111.098 Y108.575 E.00683
G1 X111.364 Y108.819 E.00484
G1 X111.607 Y109.181 E.00584
G1 X111.763 Y109.65 E.00662
G1 X111.803 Y110.024 E.00504
G1 X111.744 Y110.456 E.00584
G1 X111.559 Y110.898 E.00642
G1 X111.332 Y111.217 E.00525
G1 X111.001 Y111.502 E.00585
G1 X110.586 Y111.706 E.0062
G1 X110.188 Y111.798 E.00547
G1 X109.752 Y111.792 E.00584
G1 X109.32 Y111.677 E.00599
G1 X108.947 Y111.475 E.00568
G1 X108.624 Y111.181 E.00585
G1 X108.381 Y110.819 E.00584
G1 X108.232 Y110.409 E.00584
G1 X108.185 Y109.976 E.00584
G1 X108.244 Y109.544 E.00584
G1 X108.404 Y109.138 E.00585
G1 X108.619 Y108.862 E.00469
G1 X108.284 Y108.485 F9000
;TYPE:Perimeter
;WIDTH:0.587842
G1 F900
G1 X108.334 Y108.418 E.00159
;WIDTH:0.59204
G1 X108.759 Y108.065 E.01056
G1 X109.259 Y107.829 E.01057
;WIDTH:0.588582
G1 X109.8 Y107.715 E.01051
;WIDTH:0.59092
G1 X110.353 Y107.733 E.01056
G1 X110.884 Y107.887 E.01055
;WIDTH:0.589432
G1 X111.365 Y108.16 E.01053
;WIDTH:0.589704
G1 X111.756 Y108.528 E.01022
G1 X112.036 Y108.955 E.00972
;WIDTH:0.58315
G1 X112.217 Y109.433 E.00962
;WIDTH:0.591448
G1 X112.286 Y110.083 E.01249
;WIDTH:0.589004
G1 X112.198 Y110.629 E.01052
;WIDTH:0.598226
G1 X111.964 Y111.177 E.01152
G1 X111.655 Y111.582 E.00985
;WIDTH:0.588214
G1 X111.227 Y111.932 E.0105
;WIDTH:0.597136
G1 X110.703 Y112.183 E.01121
G1 X110.188 Y112.285 E.01013
;WIDTH:0.58753
G1 X109.636 Y112.264 E.01048
;WIDTH:0.595934
G1 X109.091 Y112.112 E.01089
G1 X108.624 Y111.839 E.01041
;WIDTH:0.586952
G1 X108.224 Y111.457 E.01048
;WIDTH:0.594608
G1 X107.923 Y110.993 E.01062
G1 X107.75 Y110.468 E.01062
;WIDTH:0.587212
G1 X107.702 Y109.917 E.01049
;WIDTH:0.593272
G1 X107.786 Y109.37 E.0106
G1 X108.004 Y108.862 E.01059
;WIDTH:0.587842
G1 X108.248 Y108.533 E.00777
G1 X107.873 Y108.206 F9000
;TYPE:External perimeter
;WIDTH:0.419999
G1 F900
G1 X108.066 Y107.984 E.00394
G1 X108.457 Y107.672 E.0067
G1 X108.898 Y107.435 E.00671
G1 X109.373 Y107.281 E.00669
G1 X109.869 Y107.214 E.00671
G1 X110.368 Y107.236 E.00669
G1 X110.856 Y107.347 E.00671
G1 X111.316 Y107.544 E.0067
G1 X111.733 Y107.819 E.00669
G1 X112.094 Y108.165 E.0067
G1 X112.388 Y108.569 E.00669
G1 X112.605 Y109.02 E.00671
G1 X112.738 Y109.502 E.0067
G1 X112.779 Y110.044 E.00728
G1 X112.738 Y110.498 E.00611
G1 X112.605 Y110.98 E.0067
G1 X112.388 Y111.431 E.00671
G1 X112.094 Y111.835 E.00669
G1 X111.733 Y112.181 E.0067
G1 X111.316 Y112.456 E.00669
G1 X110.856 Y112.653 E.0067
G1 X110.368 Y112.764 E.00671
G1 X109.869 Y112.786 E.00669
G1 X109.373 Y112.719 E.00671
G1 X108.898 Y112.565 E.00669
G1 X108.457 Y112.328 E.00671
G1 X108.066 Y112.016 E.0067
G1 X107.737 Y111.639 E.0067
G1 X107.481 Y111.21 E.00669
G1 X107.305 Y110.742 E.0067
G1 X107.216 Y110.25 E.0067
G1 X107.216 Y109.75 E.0067
G1 X107.305 Y109.258 E.0067
G1 X107.481 Y108.79 E.0067
G1 X107.737 Y108.361 E.00669
G1 X107.833 Y108.251 E.00196
;LAYER_CHANGE
;Z:2.04
;HEIGHT:0.0799999
;BEFORE_LAYER_CHANGE
G92 E0
;2.04


G1 E-3.5 F3600
;WIPE_START
G1 F7200
G1 X107.873 Y108.206 E-.0286
G1 X108.066 Y107.984 E-.13973
G1 X108.457 Y107.672 E-.23761
G1 X108.898 Y107.435 E-.23781
G1 X109.373 Y107.281 E-.23719
G1 X109.869 Y107.214 E-.23774
G1 X110.368 Y107.236 E-.23726
G1 X110.664 Y107.303 E-.14406
;WIPE_END
G1 Z2.04 F9000
;AFTER_LAYER_CHANGE
;2.04
G1 X108.656 Y108.815
G1 E5 F2400
G1 F900
G1 X108.736 Y108.712 E.00175
G1 X108.987 Y108.498 E.00442
G1 X109.375 Y108.3 E.00584
G1 X109.891 Y108.202 E.00704
G1 X110.236 Y108.208 E.00462
G1 X110.658 Y108.318 E.00584
G1 X111.098 Y108.575 E.00683
G1 X111.364 Y108.819 E.00484
G1 X111.607 Y109.181 E.00584
G1 X111.763 Y109.65 E.00662
G1 X111.803 Y110.024 E.00504
G1 X111.744 Y110.456 E.00584
G1 X111.559 Y110.898 E.00642
G1 X111.332 Y111.217 E.00525
G1 X111.001 Y111.502 E.00585
G1 X110.586 Y111.706 E.0062
G1 X110.188 Y111.798 E.00547
G1 X109.752 Y111.792 E.00584
G1 X109.32 Y111.677 E.00599
G1 X108.947 Y111.475 E.00568
G1 X108.624 Y111.181 E.00585
G1 X108.381 Y110.819 E.00584
G1 X108.232 Y110.409 E.00584
G1 X108.185 Y109.976 E.00584
G1 X108.244 Y109.544 E.00584
G1 X108.404 Y109.138 E.00585
G1 X108.619 Y108.862 E.00469
G1 X108.284 Y108.485 F9000
;TYPE:Perimeter
;WIDTH:0.587842
G1 F900
G1 X108.334 Y108.418 E.00159
;WIDTH:0.59204
G1 X108.759 Y108.065 E.01056
G1 X109.259 Y107.829 E.01057
;WIDTH:0.588582
G1 X109.8 Y107.715 E.01051
;WIDTH:0.59092
G1 X110.353 Y107.733 E.01056
G1 X110.884 Y107.887 E.01055
;WIDTH:0.589432
G1 X111.365 Y108.16 E.01053
;WIDTH:0.589706
G1 X111.756 Y108.528 E.01022
G1 X112.036 Y108.955 E.00972
;WIDTH:0.583152
G1 X112.217 Y109.433 E.00962
;WIDTH:0.591448
G1 X112.286 Y110.083 E.01249
;WIDTH:0.589004
G1 X112.198 Y110.629 E.01052
;WIDTH:0.598226
G1 X111.964 Y111.177 E.01152
G1 X111.655 Y111.582 E.00985
;WIDTH:0.588212
G1 X111.227 Y111.932 E.0105
;WIDTH:0.597136
G1 X110.703 Y112.183 E.01121
G1 X110.188 Y112.285 E.01013
;WIDTH:0.58753
G1 X109.636 Y112.264 E.01048
;WIDTH:0.595934
G1 X109.091 Y112.112 E.01089
G1 X108.624 Y111.839 E.01041
;WIDTH:0.586952
G1 X108.224 Y111.457 E.01048
;WIDTH:0.594606
G1 X107.923 Y110.993 E.01062
G1 X107.75 Y110.468 E.01062
;WIDTH:0.587212
G1 X107.702 Y109.917 E.01049
;WIDTH:0.593272
G1 X107.786 Y109.37 E.0106
G1 X108.004 Y108.862 E.01059
;WIDTH:0.587842
G1 X108.248 Y108.533 E.00777
G1 X107.873 Y108.206 F9000
;TYPE:External perimeter
;WIDTH:0.419999
G1 F900
G1 X108.066 Y107.984 E.00394
G1 X108.457 Y107.672 E.0067
G1 X108.898 Y107.435 E.00671
G1 X109.373 Y107.281 E.00669
G1 X109.869 Y107.214 E.00671
G1 X110.368 Y107.236 E.00669
G1 X110.856 Y107.347 E.00671
G1 X111.316 Y107.544 E.0067
G1 X111.733 Y107.819 E.00669
G1 X112.094 Y108.165 E.0067
G1 X112.388 Y108.569 E.00669
G1 X112.605 Y109.02 E.00671
G1 X112.738 Y109.502 E.0067
G1 X112.779 Y110.044 E.00728
G1 X112.738 Y110.498 E.00611
G1 X112.605 Y110.98 E.0067
G1 X112.388 Y111.431 E.00671
G1 X112.094 Y111.835 E.00669
G1 X111.733 Y112.181 E.0067
G1 X111.316 Y112.456 E.00669
G1 X110.856 Y112.653 E.0067
G1 X110.368 Y112.764 E.00671
G1 X109.869 Y112.786 E.00669
G1 X109.373 Y112.719 E.00671
G1 X108.898 Y112.565 E.00669
G1 X108.457 Y112.328 E.00671
G1 X108.066 Y112.016 E.0067
G1 X107.737 Y111.639 E.0067
G1 X107.481 Y111.21 E.00669
G1 X107.305 Y110.742 E.0067
G1 X107.216 Y110.25 E.0067
G1 X107.216 Y109.75 E.0067
G1 X107.305 Y109.258 E.0067
G1 X107.481 Y108.79 E.0067
G1 X107.737 Y108.361 E.00669
G1 X107.833 Y108.251 E.00196
;LAYER_CHANGE
;Z:2.12
;HEIGHT:0.0799999
;BEFORE_LAYER_CHANGE
G92 E0
;2.12


G1 E-3.5 F3600
;WIPE_START
G1 F7200
G1 X107.873 Y108.206 E-.0286
G1 X108.066 Y107.984 E-.13973
G1 X108.457 Y107.672 E-.23761
G1 X108.898 Y107.435 E-.23781
G1 X109.373 Y107.281 E-.23719
G1 X109.869 Y107.214 E-.23774
G1 X110.368 Y107.236 E-.23726
G1 X110.664 Y107.303 E-.14406
;WIPE_END
G1 Z2.12 F9000
;AFTER_LAYER_CHANGE
;2.12
G1 X108.656 Y108.815
G1 E5 F2400
G1 F900
G1 X108.736 Y108.712 E.00175
G1 X108.987 Y108.498 E.00442
G1 X109.375 Y108.3 E.00584
G1 X109.891 Y108.202 E.00704
G1 X110.236 Y108.208 E.00462
G1 X110.658 Y108.318 E.00584
G1 X111.098 Y108.575 E.00683
G1 X111.364 Y108.819 E.00484
G1 X111.607 Y109.181 E.00584
G1 X111.763 Y109.65 E.00662
G1 X111.803 Y110.024 E.00504
G1 X111.744 Y110.456 E.00584
G1 X111.559 Y110.898 E.00642
G1 X111.332 Y111.217 E.00525
G1 X111.001 Y111.502 E.00585
G1 X110.586 Y111.706 E.0062
G1 X110.188 Y111.798 E.00547
G1 X109.752 Y111.792 E.00584
G1 X109.32 Y111.677 E.00599
G1 X108.947 Y111.475 E.00568
G1 X108.624 Y111.181 E.00585
G1 X108.381 Y110.819 E.00584
G1 X108.232 Y110.409 E.00584
G1 X108.185 Y109.976 E.00584
G1 X108.244 Y109.544 E.00584
G1 X108.404 Y109.138 E.00585
G1 X108.619 Y108.862 E.00469
G1 X108.284 Y108.485 F9000
;TYPE:Perimeter
;WIDTH:0.587842
G1 F900
G1 X108.334 Y108.418 E.00159
;WIDTH:0.592042
G1 X108.759 Y108.065 E.01056
G1 X109.259 Y107.829 E.01057
;WIDTH:0.588582
G1 X109.8 Y107.715 E.01051
;WIDTH:0.59092
G1 X110.353 Y107.733 E.01056
G1 X110.884 Y107.887 E.01055
;WIDTH:0.589432
G1 X111.365 Y108.16 E.01053
;WIDTH:0.589706
G1 X111.756 Y108.528 E.01022
G1 X112.036 Y108.955 E.00972
;WIDTH:0.583152
G1 X112.217 Y109.433 E.00962
;WIDTH:0.591448
G1 X112.286 Y110.083 E.01249
;WIDTH:0.589004
G1 X112.198 Y110.629 E.01052
;WIDTH:0.598226
G1 X111.964 Y111.177 E.01152
G1 X111.655 Y111.582 E.00985
;WIDTH:0.58821
G1 X111.227 Y111.932 E.0105
;WIDTH:0.597136
G1 X110.703 Y112.183 E.01121
G1 X110.188 Y112.285 E.01013
;WIDTH:0.58753
G1 X109.636 Y112.264 E.01048
;WIDTH:0.595934
G1 X109.091 Y112.112 E.01089
G1 X108.624 Y111.839 E.01041
;WIDTH:0.586954
G1 X108.224 Y111.457 E.01048
;WIDTH:0.594606
G1 X107.923 Y110.993 E.01062
G1 X107.75 Y110.468 E.01062
;WIDTH:0.587212
G1 X107.702 Y109.917 E.01049
;WIDTH:0.59327
G1 X107.786 Y109.37 E.0106
G1 X108.004 Y108.862 E.01059
;WIDTH:0.587842
G1 X108.248 Y108.533 E.00777
G1 X107.873 Y108.206 F9000
;TYPE:External perimeter
;WIDTH:0.419999
G1 F900
G1 X108.066 Y107.984 E.00394
G1 X108.457 Y107.672 E.0067
G1 X108.898 Y107.435 E.00671
G1 X109.373 Y107.281 E.00669
G1 X109.869 Y107.214 E.00671
G1 X110.368 Y107.236 E.00669
G1 X110.856 Y107.347 E.00671
G1 X111.316 Y107.544 E.0067
G1 X111.733 Y107.819 E.00669
G1 X112.094 Y108.165 E.0067
G1 X112.388 Y108.569 E.00669
G1 X112.605 Y109.02 E.00671
G1 X112.738 Y109.502 E.0067
G1 X112.779 Y110.044 E.00728
G1 X112.738 Y110.498 E.00611
G1 X112.605 Y110.98 E.0067
G1 X112.388 Y111.431 E.00671
G1 X112.094 Y111.835 E.00669
G1 X111.733 Y112.181 E.0067
G1 X111.316 Y112.456 E.00669
G1 X110.856 Y112.653 E.0067
G1 X110.368 Y112.764 E.00671
G1 X109.869 Y112.786 E.00669
G1 X109.373 Y112.719 E.00671
G1 X108.898 Y112.565 E.00669
G1 X108.457 Y112.328 E.00671
G1 X108.066 Y112.016 E.0067
G1 X107.737 Y111.639 E.0067
G1 X107.481 Y111.21 E.00669
G1 X107.305 Y110.742 E.0067
G1 X107.216 Y110.25 E.0067
G1 X107.216 Y109.75 E.0067
G1 X107.305 Y109.258 E.0067
G1 X107.481 Y108.79 E.0067
G1 X107.737 Y108.361 E.00669
G1 X107.833 Y108.251 E.00196
;LAYER_CHANGE
;Z:2.2
;HEIGHT:0.0800002
;BEFORE_LAYER_CHANGE
G92 E0
;2.2


G1 E-3.5 F3600
;WIPE_START
G1 F7200
G1 X107.873 Y108.206 E-.0286
G1 X108.066 Y107.984 E-.13973
G1 X108.457 Y107.672 E-.23761
G1 X108.898 Y107.435 E-.23781
G1 X109.373 Y107.281 E-.23719
G1 X109.869 Y107.214 E-.23774
G1 X110.368 Y107.236 E-.23726
G1 X110.664 Y107.303 E-.14406
;WIPE_END
G1 Z2.2 F9000
;AFTER_LAYER_CHANGE
;2.2
G1 X108.656 Y108.815
G1 E5 F2400
G1 F900
G1 X108.736 Y108.712 E.00175
G1 X108.987 Y108.498 E.00442
G1 X109.375 Y108.3 E.00584
G1 X109.806 Y108.202 E.00592
G1 X110.287 Y108.22 E.00645
G1 X110.658 Y108.318 E.00514
G1 X111.098 Y108.575 E.00683
G1 X111.364 Y108.819 E.00484
G1 X111.607 Y109.181 E.00584
G1 X111.763 Y109.65 E.00662
G1 X111.803 Y110.024 E.00504
G1 X111.744 Y110.456 E.00584
G1 X111.559 Y110.898 E.00642
G1 X111.332 Y111.217 E.00525
G1 X111.001 Y111.502 E.00585
G1 X110.586 Y111.706 E.0062
G1 X110.188 Y111.798 E.00547
G1 X109.752 Y111.792 E.00584
G1 X109.32 Y111.677 E.00599
G1 X108.947 Y111.475 E.00568
G1 X108.624 Y111.181 E.00585
G1 X108.404 Y110.862 E.00519
G1 X108.232 Y110.409 E.00649
G1 X108.185 Y109.976 E.00584
G1 X108.244 Y109.544 E.00584
G1 X108.404 Y109.138 E.00585
G1 X108.619 Y108.862 E.00469
G1 X108.284 Y108.485 F9000
;TYPE:Perimeter
;WIDTH:0.587842
G1 F900
G1 X108.334 Y108.418 E.00159
;WIDTH:0.59204
G1 X108.759 Y108.065 E.01056
G1 X109.259 Y107.829 E.01057
;WIDTH:0.58588
G1 X109.82 Y107.718 E.01082
;WIDTH:0.591828
G1 X110.404 Y107.746 E.01117
G1 X110.884 Y107.887 E.00956
;WIDTH:0.589432
G1 X111.365 Y108.16 E.01053
;WIDTH:0.589906
G1 X111.765 Y108.542 E.01054
G1 X112.061 Y109.009 E.01053
;WIDTH:0.599212
G1 X112.252 Y109.59 E.01184
G1 X112.286 Y110.083 E.00957
;WIDTH:0.589004
G1 X112.198 Y110.629 E.01052
;WIDTH:0.598224
G1 X111.964 Y111.177 E.01152
G1 X111.655 Y111.582 E.00984
;WIDTH:0.588212
G1 X111.226 Y111.93 E.01049
;WIDTH:0.597136
G1 X110.703 Y112.183 E.01121
G1 X110.188 Y112.285 E.01013
;WIDTH:0.58753
G1 X109.636 Y112.264 E.01048
;WIDTH:0.595936
G1 X109.091 Y112.112 E.01089
G1 X108.624 Y111.839 E.01041
;WIDTH:0.586954
G1 X108.224 Y111.457 E.01048
;WIDTH:0.594608
G1 X107.923 Y110.993 E.01062
G1 X107.75 Y110.468 E.01062
;WIDTH:0.587212
G1 X107.702 Y109.917 E.01049
;WIDTH:0.593272
G1 X107.786 Y109.37 E.0106
G1 X108.004 Y108.862 E.01059
;WIDTH:0.587842
G1 X108.248 Y108.533 E.00777
G1 X107.875 Y108.208 F9000
;TYPE:External perimeter
;WIDTH:0.419999
G1 F900
G1 X107.967 Y108.098 E.00192
G1 X108.349 Y107.759 E.00684
G1 X108.859 Y107.456 E.00795
G1 X109.324 Y107.297 E.00658
G1 X109.765 Y107.237 E.00596
G1 X110.368 Y107.236 E.00808
G1 X110.856 Y107.347 E.00671
G1 X111.316 Y107.544 E.0067
G1 X111.733 Y107.819 E.00669
G1 X112.094 Y108.165 E.0067
G1 X112.388 Y108.569 E.00669
G1 X112.605 Y109.02 E.00671
G1 X112.742 Y109.546 E.00728
G1 X112.774 Y109.895 E.0047
G1 X112.742 Y110.454 E.0075
G1 X112.667 Y110.758 E.0042
G1 X112.473 Y111.255 E.00715
G1 X112.15 Y111.758 E.00801
G1 X111.784 Y112.132 E.00701
G1 X111.355 Y112.429 E.00699
G1 X111.024 Y112.581 E.00488
G1 X110.45 Y112.745 E.008
G1 X109.913 Y112.784 E.00721
G1 X109.57 Y112.746 E.00462
G1 X109.062 Y112.618 E.00702
G1 X108.521 Y112.362 E.00802
G1 X108.101 Y112.044 E.00706
G1 X107.858 Y111.777 E.00484
G1 X107.564 Y111.349 E.00696
G1 X107.327 Y110.8 E.00801
G1 X107.224 Y110.294 E.00692
G1 X107.216 Y109.917 E.00505
G1 X107.279 Y109.406 E.0069
G1 X107.464 Y108.835 E.00804
G1 X107.715 Y108.399 E.00674
G1 X107.836 Y108.254 E.00253
;LAYER_CHANGE
;Z:2.28
;HEIGHT:0.0799999
;BEFORE_LAYER_CHANGE
G92 E0
;2.28


G1 E-3.5 F3600
;WIPE_START
G1 F7200
G1 X107.875 Y108.208 E-.02829
G1 X107.967 Y108.098 E-.06812
G1 X108.349 Y107.759 E-.2426
G1 X108.859 Y107.456 E-.28178
G1 X109.324 Y107.297 E-.23343
G1 X109.765 Y107.237 E-.2114
G1 X110.368 Y107.236 E-.28643
G1 X110.672 Y107.305 E-.14795
;WIPE_END
G1 Z2.28 F9000
;AFTER_LAYER_CHANGE
;2.28
G1 X108.656 Y108.815
G1 E5 F2400
G1 F900
G1 X108.736 Y108.712 E.00175
G1 X108.987 Y108.498 E.00442
G1 X109.375 Y108.3 E.00584
G1 X109.8 Y108.202 E.00584
G1 X110.236 Y108.208 E.00584
G1 X110.658 Y108.318 E.00584
G1 X111.098 Y108.575 E.00683
G1 X111.364 Y108.819 E.00484
G1 X111.607 Y109.181 E.00584
G1 X111.763 Y109.65 E.00662
G1 X111.803 Y110.024 E.00504
G1 X111.744 Y110.456 E.00584
G1 X111.559 Y110.898 E.00642
G1 X111.332 Y111.217 E.00525
G1 X111.001 Y111.502 E.00585
G1 X110.586 Y111.706 E.0062
G1 X110.183 Y111.798 E.00554
G1 X109.608 Y111.757 E.00772
G1 X109.275 Y111.654 E.00467
G1 X108.947 Y111.475 E.00501
G1 X108.624 Y111.181 E.00585
G1 X108.381 Y110.819 E.00584
G1 X108.232 Y110.409 E.00584
G1 X108.185 Y109.976 E.00584
G1 X108.244 Y109.544 E.00584
G1 X108.404 Y109.138 E.00585
G1 X108.619 Y108.862 E.00469
G1 X108.284 Y108.485 F9000
;TYPE:Perimeter
;WIDTH:0.587844
G1 F900
G1 X108.334 Y108.418 E.00159
;WIDTH:0.59204
G1 X108.759 Y108.065 E.01056
G1 X109.259 Y107.829 E.01057
;WIDTH:0.58588
G1 X109.8 Y107.718 E.01045
;WIDTH:0.59092
G1 X110.353 Y107.733 E.01056
G1 X110.884 Y107.887 E.01055
;WIDTH:0.589432
G1 X111.365 Y108.16 E.01053
;WIDTH:0.589706
G1 X111.756 Y108.528 E.01022
G1 X112.036 Y108.955 E.00972
;WIDTH:0.583152
G1 X112.217 Y109.433 E.00962
;WIDTH:0.591448
G1 X112.286 Y110.083 E.01249
;WIDTH:0.589004
G1 X112.198 Y110.629 E.01052
;WIDTH:0.598224
G1 X111.964 Y111.177 E.01152
G1 X111.655 Y111.582 E.00984
;WIDTH:0.588212
G1 X111.227 Y111.932 E.0105
;WIDTH:0.597136
G1 X110.703 Y112.183 E.01121
G1 X110.172 Y112.285 E.01043
;WIDTH:0.59059
G1 X109.596 Y112.257 E.011
G1 X109.104 Y112.113 E.00978
;WIDTH:0.586952
G1 X108.624 Y111.839 E.01047
G1 X108.224 Y111.457 E.01048
;WIDTH:0.594608
G1 X107.923 Y110.993 E.01062
G1 X107.75 Y110.468 E.01062
;WIDTH:0.587212
G1 X107.702 Y109.917 E.01049
;WIDTH:0.593274
G1 X107.786 Y109.37 E.0106
G1 X108.004 Y108.862 E.01059
;WIDTH:0.587844
G1 X108.248 Y108.533 E.00777
G1 X107.875 Y108.208 F9000
;TYPE:External perimeter
;WIDTH:0.419999
G1 F900
G1 X107.967 Y108.098 E.00192
G1 X108.349 Y107.759 E.00684
G1 X108.859 Y107.456 E.00795
G1 X109.325 Y107.296 E.0066
G1 X109.743 Y107.237 E.00566
G1 X110.368 Y107.236 E.00837
G1 X110.856 Y107.347 E.00671
G1 X111.316 Y107.544 E.0067
G1 X111.733 Y107.819 E.00669
G1 X112.094 Y108.165 E.0067
G1 X112.388 Y108.569 E.00669
G1 X112.605 Y109.02 E.00671
G1 X112.738 Y109.502 E.0067
G1 X112.779 Y110.044 E.00728
G1 X112.742 Y110.454 E.00552
G1 X112.667 Y110.758 E.0042
G1 X112.473 Y111.255 E.00715
G1 X112.15 Y111.758 E.00801
G1 X111.765 Y112.15 E.00736
G1 X111.495 Y112.338 E.00441
G1 X111.024 Y112.581 E.0071
G1 X110.45 Y112.745 E.008
G1 X109.913 Y112.784 E.00721
G1 X109.53 Y112.741 E.00516
G1 X109.045 Y112.606 E.00675
G1 X108.521 Y112.362 E.00774
G1 X108.101 Y112.044 E.00706
G1 X107.858 Y111.777 E.00484
G1 X107.564 Y111.349 E.00696
G1 X107.327 Y110.8 E.00801
G1 X107.224 Y110.294 E.00692
G1 X107.216 Y109.917 E.00505
G1 X107.279 Y109.406 E.0069
G1 X107.464 Y108.835 E.00804
G1 X107.715 Y108.399 E.00674
G1 X107.836 Y108.254 E.00253
;LAYER_CHANGE
;Z:2.36
;HEIGHT:0.0799999
;BEFORE_LAYER_CHANGE
G92 E0
;2.36


G1 E-3.5 F3600
;WIPE_START
G1 F7200
G1 X107.875 Y108.208 E-.02829
G1 X107.967 Y108.098 E-.06812
G1 X108.349 Y107.759 E-.2426
G1 X108.859 Y107.456 E-.28178
G1 X109.325 Y107.296 E-.23403
G1 X109.743 Y107.237 E-.20052
G1 X110.368 Y107.236 E-.29688
G1 X110.671 Y107.305 E-.14778
;WIPE_END
G1 Z2.36 F9000
;AFTER_LAYER_CHANGE
;2.36
G1 X108.656 Y108.815
G1 E5 F2400
G1 F900
G1 X108.736 Y108.712 E.00175
G1 X108.987 Y108.498 E.00442
G1 X109.375 Y108.3 E.00584
G1 X109.8 Y108.202 E.00584
G1 X110.236 Y108.208 E.00584
G1 X110.658 Y108.318 E.00584
G1 X111.098 Y108.575 E.00683
G1 X111.366 Y108.822 E.00488
G1 X111.617 Y109.207 E.00616
G1 X111.763 Y109.65 E.00625
G1 X111.803 Y110.024 E.00504
G1 X111.744 Y110.456 E.00584
G1 X111.559 Y110.898 E.00642
G1 X111.332 Y111.217 E.00525
G1 X111.001 Y111.502 E.00585
G1 X110.586 Y111.706 E.0062
G1 X110.188 Y111.798 E.00547
G1 X109.752 Y111.792 E.00584
G1 X109.327 Y111.681 E.00589
G1 X108.926 Y111.456 E.00616
G1 X108.624 Y111.181 E.00547
G1 X108.381 Y110.819 E.00584
G1 X108.232 Y110.409 E.00584
G1 X108.185 Y109.976 E.00584
G1 X108.244 Y109.544 E.00584
G1 X108.404 Y109.138 E.00585
G1 X108.619 Y108.862 E.00469
G1 X108.284 Y108.485 F9000
;TYPE:Perimeter
;WIDTH:0.587846
G1 F900
G1 X108.334 Y108.418 E.00159
;WIDTH:0.59204
G1 X108.759 Y108.065 E.01056
G1 X109.259 Y107.829 E.01057
;WIDTH:0.585882
G1 X109.8 Y107.717 E.01045
;WIDTH:0.590818
G1 X110.341 Y107.731 E.01033
G1 X110.834 Y107.865 E.00975
;WIDTH:0.583578
G1 X111.285 Y108.104 E.00962
;WIDTH:0.587712
G1 X111.674 Y108.436 E.0097
;WIDTH:0.592236
G1 X112.003 Y108.895 E.0108
G1 X112.217 Y109.433 E.01107
;WIDTH:0.591448
G1 X112.286 Y110.083 E.01249
;WIDTH:0.589004
G1 X112.198 Y110.629 E.01052
;WIDTH:0.598224
G1 X111.964 Y111.177 E.01152
G1 X111.655 Y111.582 E.00984
;WIDTH:0.588212
G1 X111.227 Y111.932 E.0105
;WIDTH:0.597136
G1 X110.703 Y112.183 E.01121
G1 X110.188 Y112.285 E.01013
;WIDTH:0.58753
G1 X109.636 Y112.264 E.01048
;WIDTH:0.596016
G1 X109.091 Y112.112 E.01089
G1 X108.603 Y111.821 E.01094
;WIDTH:0.588394
G1 X108.224 Y111.457 E.00998
;WIDTH:0.593754
G1 X107.923 Y110.993 E.01061
G1 X107.75 Y110.468 E.0106
;WIDTH:0.587212
G1 X107.702 Y109.917 E.01049
;WIDTH:0.593274
G1 X107.786 Y109.37 E.0106
G1 X108.004 Y108.862 E.01059
;WIDTH:0.587846
G1 X108.248 Y108.533 E.00777
G1 X107.875 Y108.208 F9000
;TYPE:External perimeter
;WIDTH:0.419999
G1 F900
G1 X107.967 Y108.098 E.00192
G1 X108.349 Y107.759 E.00684
G1 X108.859 Y107.456 E.00795
G1 X109.327 Y107.296 E.00663
G1 X109.865 Y107.22 E.00728
G1 X110.368 Y107.236 E.00674
G1 X110.856 Y107.347 E.00671
G1 X111.316 Y107.544 E.0067
G1 X111.733 Y107.819 E.00669
G1 X112.094 Y108.165 E.0067
G1 X112.388 Y108.569 E.00669
G1 X112.605 Y109.02 E.00671
G1 X112.738 Y109.502 E.0067
G1 X112.779 Y110.044 E.00728
G1 X112.742 Y110.454 E.00552
G1 X112.667 Y110.758 E.0042
G1 X112.473 Y111.255 E.00715
G1 X112.15 Y111.758 E.00801
G1 X111.765 Y112.15 E.00736
G1 X111.495 Y112.338 E.00441
G1 X111.024 Y112.581 E.0071
G1 X110.45 Y112.745 E.008
G1 X109.913 Y112.784 E.00721
G1 X109.57 Y112.746 E.00462
G1 X109.062 Y112.618 E.00702
G1 X108.496 Y112.349 E.0084
G1 X108.101 Y112.044 E.00669
G1 X107.858 Y111.777 E.00484
G1 X107.506 Y111.252 E.00847
G1 X107.327 Y110.785 E.0067
G1 X107.224 Y110.294 E.00672
G1 X107.216 Y109.917 E.00505
G1 X107.279 Y109.406 E.0069
G1 X107.464 Y108.835 E.00804
G1 X107.715 Y108.399 E.00674
G1 X107.836 Y108.254 E.00253
;LAYER_CHANGE
;Z:2.44
;HEIGHT:0.0800002
;BEFORE_LAYER_CHANGE
G92 E0
;2.44


G1 E-3.5 F3600
;WIPE_START
G1 F7200
G1 X107.875 Y108.208 E-.02829
G1 X107.967 Y108.098 E-.06812
G1 X108.349 Y107.759 E-.2426
G1 X108.859 Y107.456 E-.28178
G1 X109.327 Y107.296 E-.23493
G1 X109.865 Y107.22 E-.25809
G1 X110.368 Y107.236 E-.23905
G1 X110.67 Y107.305 E-.14714
;WIPE_END
G1 Z2.44 F9000
;AFTER_LAYER_CHANGE
;2.44
G1 X108.656 Y108.815
G1 E5 F2400
G1 F900
G1 X108.736 Y108.712 E.00175
G1 X108.987 Y108.498 E.00442
G1 X109.375 Y108.3 E.00584
G1 X109.91 Y108.202 E.00729
G1 X110.236 Y108.208 E.00437
G1 X110.658 Y108.318 E.00584
G1 X111.098 Y108.575 E.00683
G1 X111.351 Y108.807 E.0046
G1 X111.607 Y109.181 E.00607
G1 X111.763 Y109.65 E.00662
G1 X111.803 Y110.024 E.00504
G1 X111.744 Y110.456 E.00584
G1 X111.559 Y110.898 E.00642
G1 X111.332 Y111.217 E.00525
G1 X111.001 Y111.502 E.00585
G1 X110.586 Y111.706 E.0062
G1 X110.188 Y111.798 E.00547
G1 X109.752 Y111.792 E.00584
G1 X109.32 Y111.677 E.00599
G1 X108.947 Y111.475 E.00568
G1 X108.624 Y111.181 E.00585
G1 X108.381 Y110.819 E.00584
G1 X108.232 Y110.409 E.00584
G1 X108.185 Y109.976 E.00584
G1 X108.244 Y109.544 E.00584
G1 X108.404 Y109.138 E.00585
G1 X108.619 Y108.862 E.00469
G1 X108.284 Y108.485 F9000
;TYPE:Perimeter
;WIDTH:0.587844
G1 F900
G1 X108.334 Y108.418 E.00159
;WIDTH:0.59204
G1 X108.759 Y108.065 E.01056
G1 X109.259 Y107.829 E.01057
;WIDTH:0.58592
G1 X109.8 Y107.716 E.01045
;WIDTH:0.59092
G1 X110.353 Y107.733 E.01056
G1 X110.884 Y107.887 E.01055
;WIDTH:0.589432
G1 X111.365 Y108.16 E.01053
;WIDTH:0.593118
G1 X111.751 Y108.525 E.01018
G1 X112.061 Y109.009 E.01101
;WIDTH:0.599212
G1 X112.252 Y109.59 E.01184
G1 X112.286 Y110.083 E.00957
;WIDTH:0.589004
G1 X112.198 Y110.629 E.01052
;WIDTH:0.598226
G1 X111.964 Y111.177 E.01152
G1 X111.655 Y111.582 E.00985
;WIDTH:0.58821
G1 X111.227 Y111.932 E.0105
;WIDTH:0.597136
G1 X110.703 Y112.183 E.01121
G1 X110.188 Y112.285 E.01013
;WIDTH:0.58753
G1 X109.636 Y112.264 E.01048
;WIDTH:0.595932
G1 X109.091 Y112.112 E.01089
G1 X108.624 Y111.839 E.01041
;WIDTH:0.586954
G1 X108.224 Y111.457 E.01048
;WIDTH:0.594608
G1 X107.923 Y110.993 E.01062
G1 X107.75 Y110.468 E.01062
;WIDTH:0.587212
G1 X107.702 Y109.917 E.01049
;WIDTH:0.593274
G1 X107.786 Y109.37 E.0106
G1 X108.004 Y108.862 E.01059
;WIDTH:0.587844
G1 X108.248 Y108.533 E.00777
G1 X107.875 Y108.208 F9000
;TYPE:External perimeter
;WIDTH:0.419999
G1 F900
G1 X107.967 Y108.098 E.00192
G1 X108.349 Y107.759 E.00684
G1 X108.859 Y107.456 E.00795
G1 X109.329 Y107.295 E.00666
G1 X109.847 Y107.22 E.00701
G1 X110.368 Y107.236 E.00698
G1 X110.856 Y107.347 E.00671
G1 X111.316 Y107.544 E.0067
G1 X111.733 Y107.819 E.00669
G1 X112.094 Y108.165 E.0067
G1 X112.388 Y108.569 E.00669
G1 X112.605 Y109.02 E.00671
G1 X112.742 Y109.546 E.00728
G1 X112.774 Y109.895 E.0047
G1 X112.742 Y110.454 E.0075
G1 X112.667 Y110.758 E.0042
G1 X112.473 Y111.255 E.00715
G1 X112.15 Y111.758 E.00801
G1 X111.765 Y112.15 E.00736
G1 X111.495 Y112.338 E.00441
G1 X111.024 Y112.581 E.0071
G1 X110.45 Y112.745 E.008
G1 X109.913 Y112.784 E.00721
G1 X109.57 Y112.746 E.00462
G1 X109.062 Y112.618 E.00702
G1 X108.521 Y112.362 E.00802
G1 X108.101 Y112.044 E.00706
G1 X107.858 Y111.777 E.00484
G1 X107.564 Y111.349 E.00696
G1 X107.327 Y110.8 E.00801
G1 X107.224 Y110.294 E.00692
G1 X107.216 Y109.917 E.00505
G1 X107.279 Y109.406 E.0069
G1 X107.464 Y108.835 E.00804
G1 X107.715 Y108.399 E.00674
G1 X107.836 Y108.254 E.00253
;LAYER_CHANGE
;Z:2.52
;HEIGHT:0.0799999
;BEFORE_LAYER_CHANGE
G92 E0
;2.52


G1 E-3.5 F3600
;WIPE_START
G1 F7200
G1 X107.875 Y108.208 E-.02865
G1 X107.967 Y108.098 E-.06812
G1 X108.349 Y107.759 E-.2426
G1 X108.859 Y107.456 E-.28178
G1 X109.329 Y107.295 E-.23599
G1 X109.847 Y107.22 E-.24862
G1 X110.368 Y107.236 E-.24759
G1 X110.669 Y107.305 E-.14665
;WIPE_END
G1 Z2.52 F9000
;AFTER_LAYER_CHANGE
;2.52
G1 X108.656 Y108.815
G1 E5 F2400
G1 F900
G1 X108.736 Y108.712 E.00175
G1 X108.987 Y108.498 E.00442
G1 X109.375 Y108.3 E.00584
G1 X109.895 Y108.202 E.00709
G1 X110.236 Y108.208 E.00457
G1 X110.658 Y108.318 E.00584
G1 X111.098 Y108.575 E.00683
G1 X111.364 Y108.819 E.00484
G1 X111.607 Y109.181 E.00584
G1 X111.763 Y109.65 E.00662
G1 X111.803 Y110.024 E.00504
G1 X111.744 Y110.456 E.00584
G1 X111.559 Y110.898 E.00642
G1 X111.332 Y111.217 E.00525
G1 X111.001 Y111.502 E.00585
G1 X110.586 Y111.706 E.0062
G1 X110.188 Y111.798 E.00547
G1 X109.752 Y111.792 E.00584
G1 X109.32 Y111.677 E.00599
G1 X108.947 Y111.475 E.00568
G1 X108.624 Y111.181 E.00585
G1 X108.381 Y110.819 E.00584
G1 X108.232 Y110.409 E.00584
G1 X108.185 Y109.976 E.00584
G1 X108.244 Y109.544 E.00584
G1 X108.404 Y109.138 E.00585
G1 X108.619 Y108.862 E.00469
G1 X108.284 Y108.485 F9000
;TYPE:Perimeter
;WIDTH:0.587842
G1 F900
G1 X108.334 Y108.418 E.00159
;WIDTH:0.592042
G1 X108.759 Y108.065 E.01056
G1 X109.259 Y107.829 E.01057
;WIDTH:0.588038
G1 X109.8 Y107.715 E.0105
;WIDTH:0.59092
G1 X110.353 Y107.733 E.01056
G1 X110.884 Y107.887 E.01055
;WIDTH:0.58943
G1 X111.365 Y108.16 E.01053
;WIDTH:0.589706
G1 X111.756 Y108.528 E.01022
G1 X112.036 Y108.955 E.00972
;WIDTH:0.583152
G1 X112.217 Y109.433 E.00962
;WIDTH:0.591448
G1 X112.286 Y110.083 E.01249
;WIDTH:0.589004
G1 X112.198 Y110.629 E.01052
;WIDTH:0.598226
G1 X111.964 Y111.177 E.01152
G1 X111.655 Y111.582 E.00985
;WIDTH:0.588212
G1 X111.227 Y111.932 E.0105
;WIDTH:0.597136
G1 X110.703 Y112.183 E.01121
G1 X110.188 Y112.285 E.01013
;WIDTH:0.58753
G1 X109.636 Y112.264 E.01048
;WIDTH:0.595938
G1 X109.091 Y112.112 E.01089
G1 X108.624 Y111.839 E.01041
;WIDTH:0.586692
G1 X108.224 Y111.457 E.01048
;WIDTH:0.594608
G1 X107.923 Y110.993 E.01062
G1 X107.75 Y110.468 E.01062
;WIDTH:0.587212
G1 X107.702 Y109.917 E.01049
;WIDTH:0.593272
G1 X107.786 Y109.37 E.0106
G1 X108.004 Y108.862 E.01059
;WIDTH:0.587842
G1 X108.248 Y108.533 E.00777
G1 X107.875 Y108.208 F9000
;TYPE:External perimeter
;WIDTH:0.419999
G1 F900
G1 X107.967 Y108.098 E.00192
G1 X108.349 Y107.759 E.00684
G1 X108.859 Y107.456 E.00795
G1 X109.331 Y107.295 E.00668
G1 X109.829 Y107.22 E.00675
G1 X110.368 Y107.236 E.00722
G1 X110.856 Y107.347 E.00671
G1 X111.316 Y107.544 E.0067
G1 X111.733 Y107.819 E.00669
G1 X112.094 Y108.165 E.0067
G1 X112.388 Y108.569 E.00669
G1 X112.605 Y109.02 E.00671
G1 X112.738 Y109.502 E.0067
G1 X112.779 Y110.044 E.00728
G1 X112.742 Y110.454 E.00552
G1 X112.667 Y110.758 E.0042
G1 X112.473 Y111.255 E.00715
G1 X112.15 Y111.758 E.00801
G1 X111.765 Y112.15 E.00736
G1 X111.495 Y112.338 E.00441
G1 X111.024 Y112.581 E.0071
G1 X110.45 Y112.745 E.008
G1 X109.913 Y112.784 E.00721
G1 X109.57 Y112.746 E.00462
G1 X108.951 Y112.582 E.00858
G1 X108.497 Y112.349 E.00684
G1 X108.098 Y112.04 E.00676
G1 X107.858 Y111.777 E.00477
G1 X107.564 Y111.349 E.00696
G1 X107.327 Y110.8 E.00801
G1 X107.224 Y110.294 E.00692
G1 X107.216 Y109.917 E.00505
G1 X107.279 Y109.406 E.0069
G1 X107.464 Y108.835 E.00804
G1 X107.715 Y108.399 E.00674
G1 X107.836 Y108.254 E.00253
; stop printing object 2.5 mm-spacer.stl id:0 copy 0
G1 E-3.5 F3600
;WIPE_START
G1 F7200;_WIPE
G1 X107.875 Y108.208 E-.02865
G1 X107.967 Y108.098 E-.06812
G1 X108.349 Y107.759 E-.2426
G1 X108.859 Y107.456 E-.28178
G1 X109.331 Y107.295 E-.23688
G1 X109.829 Y107.22 E-.23922
G1 X110.368 Y107.236 E-.25614
G1 X110.669 Y107.305 E-.14661
;WIPE_END
M107
;TYPE:Custom
; Filament-specific end gcode 
;END gcode for filament
G1 Z4.52 F600 ; Move print head up
G1 X5 Y187 F9000 ; present print
G1 Z72.52 F600 ; Move print head further up
G1 Z150 F600 ; Move print head further up
M140 S0 ; turn off heatbed
M104 S0 ; turn off temperature
M107 ; turn off fan
M84 X Y E ; disable motors
; objects_info = {"objects":[{"name":"2.5 mm-spacer.stl id:0 copy 0","polygon":[[110.397,107.027],[111.416,107.358],[112.253,108.026],[112.803,108.946],[112.946,109.464],[112.946,110.536],[112.569,111.539],[111.864,112.345],[110.921,112.853],[110.397,112.973],[109.326,112.925],[108.341,112.504],[107.921,112.168],[107.291,111.302],[107.006,110.269],[107.102,109.202],[107.567,108.237],[108.341,107.496],[109.326,107.075]]}]}
; filament used [mm] = 48.03
; filament used [cm3] = 0.12
; filament used [g] = 0.15
; filament cost = 0.00
; total filament used [g] = 0.15
; total filament cost = 0.00
; total filament used for wipe tower [g] = 0.00
; estimated printing time (normal mode) = 3m 4s
; estimated first layer printing time (normal mode) = 53s

; prusaslicer_config = begin
; arc_fitting = disabled
; autoemit_temperature_commands = 1
; automatic_extrusion_widths = 0
; automatic_infill_combination = 0
; automatic_infill_combination_max_layer_height = 100%
; avoid_crossing_curled_overhangs = 0
; avoid_crossing_perimeters = 0
; avoid_crossing_perimeters_max_detour = 0
; bed_custom_model = 
; bed_custom_texture = 
; bed_shape = 5x0,215x0,215x220,5x220
; bed_temperature = 70
; bed_temperature_extruder = 0
; before_layer_gcode = ;BEFORE_LAYER_CHANGE\nG92 E0\n;{layer_z}\n\n
; between_objects_gcode = 
; binary_gcode = 0
; bottom_fill_pattern = monotonic
; bottom_solid_layers = 9
; bottom_solid_min_thickness = 0
; bridge_acceleration = 250
; bridge_angle = 0
; bridge_fan_speed = 100
; bridge_flow_ratio = 0.7
; bridge_speed = 25
; brim_separation = 0
; brim_type = outer_only
; brim_width = 0
; chamber_minimal_temperature = 0
; chamber_temperature = 0
; color_change_gcode = M600
; colorprint_heights = 
; compatible_printers_condition_cummulative = "printer_model=~/(ENDER|CR|SERMOON).*/ and nozzle_diameter[0]==0.4";printer_notes=~/.*PRINTER_VENDOR_CREALITY.*/
; complete_objects = 0
; cooling = 1
; cooling_perimeter_transition_distance = 0
; cooling_slowdown_logic = uniform_cooling
; cooling_tube_length = 5
; cooling_tube_retraction = 91.5
; custom_parameters_filament = ""
; custom_parameters_print = 
; custom_parameters_printer = 
; default_acceleration = 500
; default_filament_profile = "Generic PLA @CREALITY"
; default_print_profile = "0.16 mm OPTIMAL (0.4 mm nozzle) @CREALITY"
; deretract_speed = 40
; disable_fan_first_layers = 3
; dont_support_bridges = 1
; draft_shield = disabled
; duplicate_distance = 6
; elefant_foot_compensation = 0.1
; enable_dynamic_fan_speeds = 0
; enable_dynamic_overhang_speeds = 0
; end_filament_gcode = "; Filament-specific end gcode \n;END gcode for filament\n"
; end_gcode = {if max_layer_z < max_print_height}G1 Z{z_offset+min(max_layer_z+2, max_print_height)} F600 ; Move print head up{endif}\nG1 X5 Y{print_bed_max[1]*0.85} F{travel_speed*60} ; present print\n{if max_layer_z < max_print_height-10}G1 Z{z_offset+min(max_layer_z+70, max_print_height-10)} F600 ; Move print head further up{endif}\n{if max_layer_z < max_print_height*0.6}G1 Z{max_print_height*0.6} F600 ; Move print head further up{endif}\nM140 S0 ; turn off heatbed\nM104 S0 ; turn off temperature\nM107 ; turn off fan\nM84 X Y E ; disable motors
; ensure_vertical_shell_thickness = enabled
; external_perimeter_acceleration = 0
; external_perimeter_extrusion_width = 0.42
; external_perimeter_speed = 25
; external_perimeters_first = 0
; extra_loading_move = -2
; extra_perimeters = 0
; extra_perimeters_on_overhangs = 0
; extruder_clearance_height = 25
; extruder_clearance_radius = 55
; extruder_colour = #FCE94F
; extruder_offset = 0x0
; extrusion_axis = E
; extrusion_multiplier = 1
; extrusion_width = 0.44
; fan_always_on = 1
; fan_below_layer_time = 20
; filament_abrasive = 0
; filament_colour = #DDDDDD
; filament_cooling_final_speed = 3.4
; filament_cooling_initial_speed = 2.2
; filament_cooling_moves = 4
; filament_cost = 30
; filament_density = 1.27
; filament_deretract_speed = nil
; filament_diameter = 1.75
; filament_flush_speed = 0
; filament_flush_volume = 0
; filament_infill_max_crossing_speed = 0
; filament_infill_max_speed = 0
; filament_load_time = 0
; filament_loading_speed = 28
; filament_loading_speed_start = 3
; filament_max_volumetric_speed = 8
; filament_minimal_purge_on_wipe_tower = 15
; filament_multitool_ramming = 0
; filament_multitool_ramming_flow = 10
; filament_multitool_ramming_volume = 10
; filament_notes = ""
; filament_purge_multiplier = 100%
; filament_ramming_parameters = "120 100 6.6 6.8 7.2 7.6 7.9 8.2 8.7 9.4 9.9 10.0| 0.05 6.6 0.45 6.8 0.95 7.8 1.45 8.3 1.95 9.7 2.45 10 2.95 7.6 3.45 7.6 3.95 7.6 4.45 7.6 4.95 7.6"
; filament_retract_before_travel = nil
; filament_retract_before_wipe = nil
; filament_retract_layer_change = nil
; filament_retract_length = nil
; filament_retract_length_toolchange = nil
; filament_retract_lift = nil
; filament_retract_lift_above = nil
; filament_retract_lift_below = nil
; filament_retract_restart_extra = nil
; filament_retract_restart_extra_toolchange = nil
; filament_retract_speed = nil
; filament_seam_gap_distance = nil
; filament_settings_id = "Generic PETG @CREALITY"
; filament_shrinkage_compensation_xy = 0%
; filament_shrinkage_compensation_z = 0%
; filament_soluble = 0
; filament_spool_weight = 0
; filament_stamping_distance = 0
; filament_stamping_loading_speed = 20
; filament_toolchange_delay = 0
; filament_travel_lift_before_obstacle = nil
; filament_travel_max_lift = nil
; filament_travel_ramping_lift = nil
; filament_travel_slope = nil
; filament_type = PETG
; filament_unload_time = 0
; filament_unloading_speed = 90
; filament_unloading_speed_start = 100
; filament_vendor = Generic
; filament_wipe = nil
; fill_angle = 45
; fill_density = 40%
; fill_pattern = grid
; first_layer_acceleration = 0
; first_layer_acceleration_over_raft = 0
; first_layer_bed_temperature = 70
; first_layer_extrusion_width = 0.42
; first_layer_height = 0.2
; first_layer_infill_speed = 0
; first_layer_speed = 20
; first_layer_speed_over_raft = 30
; first_layer_temperature = 240
; full_fan_speed_layer = 0
; fuzzy_skin = none
; fuzzy_skin_point_dist = 0.8
; fuzzy_skin_thickness = 0.3
; gap_fill_enabled = 1
; gap_fill_speed = 30
; gcode_comments = 0
; gcode_flavor = marlin
; gcode_label_objects = octoprint
; gcode_resolution = 0.0125
; gcode_substitutions = 
; high_current_on_filament_swap = 0
; host_type = prusalink
; idle_temperature = 160
; infill_acceleration = 0
; infill_anchor = 600%
; infill_anchor_max = 50
; infill_every_layers = 1
; infill_extruder = 1
; infill_extrusion_width = 0.44
; infill_first = 0
; infill_overlap = 23%
; infill_speed = 50
; inherits_cummulative = "0.08 mm SUPERDETAIL (0.4 mm nozzle) @CREALITY";;
; interface_shells = 0
; interlocking_beam = 0
; interlocking_beam_layer_count = 2
; interlocking_beam_width = 0.8
; interlocking_boundary_avoidance = 2
; interlocking_depth = 2
; interlocking_orientation = 22.5
; ironing = 0
; ironing_flowrate = 10%
; ironing_spacing = 0.1
; ironing_speed = 20
; ironing_type = top
; layer_gcode = ;AFTER_LAYER_CHANGE\n;{layer_z}
; layer_height = 0.08
; machine_limits_usage = emit_to_gcode
; machine_max_acceleration_e = 5000
; machine_max_acceleration_extruding = 500
; machine_max_acceleration_retracting = 1000
; machine_max_acceleration_travel = 500
; machine_max_acceleration_x = 500
; machine_max_acceleration_y = 500
; machine_max_acceleration_z = 100
; machine_max_feedrate_e = 60
; machine_max_feedrate_x = 500
; machine_max_feedrate_y = 500
; machine_max_feedrate_z = 10
; machine_max_jerk_e = 5
; machine_max_jerk_x = 8
; machine_max_jerk_y = 8
; machine_max_jerk_z = 0.4
; machine_max_junction_deviation = 0,0
; machine_min_extruding_rate = 0
; machine_min_travel_rate = 0
; max_fan_speed = 50
; max_layer_height = 0.32
; max_print_height = 250
; max_print_speed = 100
; max_volumetric_extrusion_rate_slope_negative = 0
; max_volumetric_extrusion_rate_slope_positive = 0
; max_volumetric_speed = 0
; min_bead_width = 85%
; min_fan_speed = 20
; min_feature_size = 25%
; min_layer_height = 0.06
; min_print_speed = 15
; min_skirt_length = 4
; mmu_segmented_region_interlocking_depth = 0
; mmu_segmented_region_max_width = 0
; multimaterial_purging = 140
; notes = 
; nozzle_diameter = 0.4
; nozzle_high_flow = 0
; only_one_perimeter_first_layer = 0
; only_retract_when_crossing_perimeters = 0
; ooze_prevention = 0
; output_filename_format = {input_filename_base}_{print_time}_{digits(layer_height,1,2)}mm_{temperature[0]}C_{filament_type[0]}_{printer_model}.gcode
; over_bridge_speed = 0
; overhang_fan_speed_0 = 0
; overhang_fan_speed_1 = 0
; overhang_fan_speed_2 = 0
; overhang_fan_speed_3 = 0
; overhang_speed_0 = 15
; overhang_speed_1 = 15
; overhang_speed_2 = 20
; overhang_speed_3 = 25
; overhangs = 1
; parking_pos_retraction = 92
; pause_print_gcode = M25 ; pause print
; perimeter_acceleration = 0
; perimeter_extruder = 1
; perimeter_extrusion_width = 0.44
; perimeter_generator = arachne
; perimeter_speed = 40
; perimeters = 3
; physical_printer_settings_id = 
; post_process = 
; prefer_clockwise_movements = 0
; print_settings_id = 0.08 mm SUPERDETAIL (0.4 mm nozzle) @CREALITY - Copy
; printer_model = ENDER3V2
; printer_notes = Don't remove the following keywords! These keywords are used in the "compatible printer" condition of the print and filament profiles to link the particular print and filament profiles to this printer profile.\nPRINTER_VENDOR_CREALITY\nPRINTER_MODEL_ENDER3V2\nPRINTER_HAS_BOWDEN
; printer_settings_id = Creality Ender-3 V2 (0.4 mm nozzle)
; printer_technology = FFF
; printer_variant = 0.4
; printer_vendor = 
; profile_vendor = Creality
; profile_version = 1.1.0
; raft_contact_distance = 0.1
; raft_expansion = 1.5
; raft_first_layer_density = 90%
; raft_first_layer_expansion = 3
; raft_layers = 0
; remaining_times = 0
; resolution = 0
; retract_before_travel = 2
; retract_before_wipe = 70%
; retract_layer_change = 1
; retract_length = 5
; retract_length_toolchange = 1
; retract_lift = 0
; retract_lift_above = 0.2
; retract_lift_below = 0
; retract_restart_extra = 0
; retract_restart_extra_toolchange = 0
; retract_speed = 60
; scarf_seam_entire_loop = 0
; scarf_seam_length = 20
; scarf_seam_max_segment_length = 1
; scarf_seam_on_inner_perimeters = 0
; scarf_seam_only_on_smooth = 1
; scarf_seam_placement = nowhere
; scarf_seam_start_height = 0%
; seam_gap_distance = 15%
; seam_position = nearest
; silent_mode = 0
; single_extruder_multi_material = 0
; single_extruder_multi_material_priming = 0
; skirt_distance = 3
; skirt_height = 2
; skirts = 1
; slice_closing_radius = 0.049
; slicing_mode = regular
; slowdown_below_layer_time = 20
; small_perimeter_speed = 25
; solid_infill_acceleration = 0
; solid_infill_below_area = 0
; solid_infill_every_layers = 0
; solid_infill_extruder = 1
; solid_infill_extrusion_width = 0.44
; solid_infill_speed = 40
; spiral_vase = 0
; staggered_inner_seams = 0
; standby_temperature_delta = -5
; start_filament_gcode = "; Filament gcode\n"
; start_gcode = G90 ; use absolute coordinates\nM83 ; extruder relative mode\nM104 S{is_nil(idle_temperature[0]) ? 150 : idle_temperature[0]} ; set temporary nozzle temp to prevent oozing during homing\nM140 S{first_layer_bed_temperature[0]} ; set final bed temp\nG4 S30 ; allow partial nozzle warmup\nG28 ; home all axis\nG1 Z50 F240\nG1 X2.0 Y10 F3000\nM104 S{first_layer_temperature[0]} ; set final nozzle temp\nM190 S{first_layer_bed_temperature[0]} ; wait for bed temp to stabilize\nM109 S{first_layer_temperature[0]} ; wait for nozzle temp to stabilize\nG1 Z0.28 F240\nG92 E0\nG1 X2.0 Y140 E10 F1500 ; prime the nozzle\nG1 X2.3 Y140 F5000\nG92 E0\nG1 X2.3 Y10 E10 F1200 ; prime the nozzle\nG92 E0
; support_material = 1
; support_material_angle = 0
; support_material_auto = 1
; support_material_bottom_contact_distance = 0
; support_material_bottom_interface_layers = -1
; support_material_buildplate_only = 0
; support_material_closing_radius = 2
; support_material_contact_distance = 0.15
; support_material_enforce_layers = 0
; support_material_extruder = 0
; support_material_extrusion_width = 0.36
; support_material_interface_contact_loops = 0
; support_material_interface_extruder = 0
; support_material_interface_layers = 2
; support_material_interface_pattern = rectilinear
; support_material_interface_spacing = 0.2
; support_material_interface_speed = 100%
; support_material_pattern = rectilinear
; support_material_spacing = 1
; support_material_speed = 40
; support_material_style = grid
; support_material_synchronize_layers = 0
; support_material_threshold = 40
; support_material_with_sheath = 0
; support_material_xy_spacing = 60%
; support_tree_angle = 40
; support_tree_angle_slow = 25
; support_tree_branch_diameter = 2
; support_tree_branch_diameter_angle = 5
; support_tree_branch_diameter_double_wall = 3
; support_tree_branch_distance = 1
; support_tree_tip_diameter = 0.8
; support_tree_top_rate = 15%
; temperature = 240
; template_custom_gcode = 
; thick_bridges = 1
; thin_walls = 0
; thumbnails = 
; thumbnails_format = PNG
; toolchange_gcode = 
; toolchange_ordering = optimized
; top_fill_pattern = monotonic
; top_infill_extrusion_width = 0.4
; top_one_perimeter_type = none
; top_solid_infill_acceleration = 0
; top_solid_infill_speed = 30
; top_solid_layers = 11
; top_solid_min_thickness = 0
; travel_acceleration = 0
; travel_lift_before_obstacle = 0
; travel_max_lift = 0
; travel_ramping_lift = 0
; travel_short_distance_acceleration = 0
; travel_slope = 0
; travel_speed = 150
; travel_speed_z = 0
; use_firmware_retraction = 0
; use_relative_e_distances = 1
; use_volumetric_e = 0
; variable_layer_height = 1
; wall_distribution_count = 1
; wall_transition_angle = 10
; wall_transition_filter_deviation = 25%
; wall_transition_length = 100%
; wipe = 1
; wipe_into_infill = 0
; wipe_into_objects = 0
; wipe_tower = 0
; wipe_tower_acceleration = 0
; wipe_tower_bridging = 10
; wipe_tower_brim_width = 2
; wipe_tower_cone_angle = 0
; wipe_tower_extra_flow = 100%
; wipe_tower_extra_spacing = 100%
; wipe_tower_extruder = 0
; wipe_tower_no_sparse_layers = 0
; wipe_tower_width = 60
; wiping_volumes_matrix = 0
; wiping_volumes_use_custom_matrix = 0
; xy_size_compensation = 0
; z_offset = 0
; prusaslicer_config = end
