; generated by PrusaSlicer 2.9.6 on 2026-07-25 at 14:34:17 UTC

; 

; external perimeters extrusion width = 0.42mm
; perimeters extrusion width = 0.44mm
; infill extrusion width = 0.44mm
; solid infill extrusion width = 0.44mm
; top infill extrusion width = 0.40mm
; support material extrusion width = 0.36mm
; first layer extrusion width = 0.42mm

M201 X500 Y500 Z100 E5000 ; sets maximum accelerations, mm/sec^2
M203 X500 Y500 Z10 E60 ; sets maximum feedrates, mm / sec
M204 S500 T1000 ; sets acceleration (S) and retract acceleration (R), mm/sec^2
M205 X8.00 Y8.00 Z0.40 E5.00 ; sets the jerk limits, mm/sec
M205 S0 T0 ; sets the minimum extruding and travel feed rate, mm/sec

; printing object 3.5 mm-spacer.stl id:0 copy 0
; stop printing object 3.5 mm-spacer.stl id:0 copy 0

;TYPE:Custom
G90 ; use absolute coordinates
M83 ; extruder relative mode
M104 S160 ; set temporary nozzle temp to prevent oozing during homing
M140 S70 ; set final bed temp
G4 S30 ; allow partial nozzle warmup
G28 ; home all axis
G1 Z50 F240
G1 X2.0 Y10 F3000
M104 S240 ; set final nozzle temp
M190 S70 ; wait for bed temp to stabilize
M109 S240 ; wait for nozzle temp to stabilize
G1 Z0.28 F240
G92 E0
G1 X2.0 Y140 E10 F1500 ; prime the nozzle
G1 X2.3 Y140 F5000
G92 E0
G1 X2.3 Y10 E10 F1200 ; prime the nozzle
G92 E0
G21 ; set units to millimeters
G90 ; use absolute coordinates
M83 ; use relative distances for extrusion
; Filament gcode
M107
;LAYER_CHANGE
;Z:0.2
;HEIGHT:0.2
G1 E-5 F3600
G1 Z.2 F9000
G1 X105.282 Y104.413
G1 E5 F2400
M204 S500
;TYPE:Skirt/Brim
;WIDTH:0.42
G1 F900
G1 X106.389 Y103.642 E.0423
G1 X107.102 Y103.286 E.02499
G1 X108.385 Y102.868 E.04231
G1 X109.686 Y102.696 E.04115
G1 X111.071 Y102.767 E.04348
G1 X112.196 Y103.021 E.03616
G1 X113.611 Y103.642 E.04845
G1 X115.099 Y104.761 E.05838
G1 X115.985 Y105.8 E.04281
G1 X116.657 Y106.977 E.0425
G1 X117.098 Y108.245 E.04209
G1 X117.301 Y109.601 E.04299
G1 X117.25 Y110.95 E.04233
G1 X116.952 Y112.266 E.04231
G1 X116.418 Y113.505 E.0423
G1 X115.419 Y114.919 E.05428
G1 X114.082 Y116.067 E.05525
G1 X112.898 Y116.714 E.0423
G1 X111.615 Y117.132 E.04231
G1 X110.314 Y117.304 E.04115
G1 X108.929 Y117.233 E.04348
G1 X107.619 Y116.914 E.04227
G1 X106.389 Y116.358 E.04232
G1 X104.901 Y115.239 E.05838
G1 X104.025 Y114.213 E.0423
G1 X103.346 Y113.029 E.04279
G1 X102.896 Y111.733 E.04302
G1 X102.699 Y110.399 E.04228
G1 X102.75 Y109.05 E.04233
G1 X103.048 Y107.734 E.04231
G1 X103.582 Y106.495 E.0423
G1 X104.336 Y105.376 E.04231
G1 X105.24 Y104.456 E.04044
G1 X105.508 Y104.721 F9000
G1 F900
G1 X105.536 Y104.692 E.00126
G1 X106.587 Y103.962 E.04012
G1 X107.239 Y103.638 E.02283
G1 X108.455 Y103.239 E.04013
G1 X109.688 Y103.073 E.03901
G1 X111.001 Y103.137 E.04122
G1 X112.079 Y103.38 E.03465
G1 X113.413 Y103.962 E.04563
G1 X114.846 Y105.041 E.05624
G1 X115.685 Y106.029 E.04064
G1 X116.32 Y107.145 E.04026
G1 X116.736 Y108.35 E.03997
G1 X116.926 Y109.636 E.04076
G1 X116.875 Y110.915 E.04013
G1 X116.59 Y112.163 E.04014
G1 X116.08 Y113.337 E.04013
G1 X115.14 Y114.665 E.05101
G1 X113.884 Y115.746 E.05196
G1 X112.761 Y116.362 E.04016
G1 X111.545 Y116.761 E.04013
G1 X110.312 Y116.927 E.03901
G1 X108.999 Y116.863 E.04122
G1 X107.755 Y116.562 E.04013
G1 X106.587 Y116.038 E.04014
G1 X105.154 Y114.959 E.05624
G1 X104.325 Y113.984 E.04013
G1 X103.682 Y112.859 E.04063
G1 X103.259 Y111.63 E.04075
G1 X103.074 Y110.364 E.04012
G1 X103.125 Y109.085 E.04013
G1 X103.41 Y107.837 E.04014
G1 X103.92 Y106.663 E.04013
G1 X104.637 Y105.603 E.04012
G1 X105.466 Y104.763 E.037
G1 X105.733 Y105.029 F9000
G1 F900
G1 X105.79 Y104.971 E.00255
G1 X106.786 Y104.283 E.03796
G1 X107.375 Y103.99 E.02063
G1 X108.524 Y103.61 E.03795
G1 X109.689 Y103.45 E.03687
G1 X110.932 Y103.508 E.03902
G1 X111.962 Y103.738 E.03309
G1 X113.214 Y104.283 E.04281
G1 X114.594 Y105.321 E.05414
G1 X115.385 Y106.257 E.03842
G1 X115.982 Y107.313 E.03804
G1 X116.373 Y108.455 E.03785
G1 X116.55 Y109.671 E.03853
G1 X116.499 Y110.88 E.03794
G1 X116.227 Y112.06 E.03797
G1 X115.742 Y113.169 E.03795
G1 X114.84 Y114.434 E.04871
G1 X113.685 Y115.426 E.04774
G1 X112.625 Y116.01 E.03795
G1 X111.476 Y116.39 E.03795
G1 X110.311 Y116.55 E.03687
G1 X109.068 Y116.492 E.03902
G1 X107.891 Y116.21 E.03795
G1 X106.786 Y115.717 E.03794
G1 X105.406 Y114.679 E.05414
G1 X104.625 Y113.756 E.03791
G1 X104.019 Y112.689 E.03847
G1 X103.622 Y111.527 E.0385
G1 X103.45 Y110.329 E.03795
G1 X103.501 Y109.12 E.03794
G1 X103.773 Y107.94 E.03797
G1 X104.258 Y106.831 E.03795
G1 X104.938 Y105.83 E.03794
G1 X105.691 Y105.071 E.03352
G1 X105.957 Y105.337 F9000
G1 F900
G1 X106.044 Y105.249 E.00388
G1 X106.984 Y104.604 E.03574
G1 X107.511 Y104.341 E.01847
G1 X108.593 Y103.98 E.03576
G1 X109.691 Y103.827 E.03476
G1 X110.863 Y103.879 E.03678
G1 X111.845 Y104.097 E.03154
G1 X113.016 Y104.604 E.04001
G1 X114.341 Y105.601 E.05199
G1 X115.085 Y106.486 E.03625
G1 X115.645 Y107.481 E.0358
G1 X116.011 Y108.561 E.03575
G1 X116.175 Y109.706 E.03627
G1 X116.124 Y110.845 E.03575
G1 X115.864 Y111.956 E.03578
G1 X115.405 Y113.001 E.03579
G1 X114.583 Y114.157 E.04447
G1 X113.487 Y115.105 E.04544
G1 X112.489 Y115.659 E.03579
G1 X111.407 Y116.02 E.03576
G1 X110.309 Y116.173 E.03476
G1 X109.137 Y116.121 E.03678
G1 X108.027 Y115.859 E.03576
G1 X106.984 Y115.396 E.03578
G1 X105.659 Y114.399 E.05199
G1 X104.925 Y113.527 E.03574
G1 X104.356 Y112.52 E.03627
G1 X103.984 Y111.424 E.03629
G1 X103.825 Y110.294 E.03578
G1 X103.876 Y109.155 E.03575
G1 X104.136 Y108.044 E.03578
G1 X104.595 Y106.999 E.03579
G1 X105.238 Y106.057 E.03576
G1 X105.915 Y105.379 E.03004
G1 E-3.5 F3600
;WIPE_START
G1 F7200
G1 X105.957 Y105.337 E-.02821
G1 X106.044 Y105.249 E-.05878
G1 X106.984 Y104.604 E-.54151
G1 X107.511 Y104.341 E-.27977
G1 X108.593 Y103.98 E-.5418
G1 X108.697 Y103.966 E-.04993
;WIPE_END
; printing object 3.5 mm-spacer.stl id:0 copy 0
G1 X108.917 Y108.431 F9000
G1 E5 F2400
;TYPE:External perimeter
;WIDTH:0.419999
G1 F900
G1 X108.934 Y108.416 E.00071
G1 X109.344 Y108.207 E.01443
G1 X109.792 Y108.102 E.01443
G1 X110.253 Y108.107 E.01446
G1 X110.698 Y108.223 E.01442
G1 X111.125 Y108.46 E.01531
G1 X111.444 Y108.751 E.01354
G1 X111.701 Y109.133 E.01444
G1 X111.867 Y109.626 E.01631
G1 X111.91 Y110.023 E.01252
G1 X111.849 Y110.479 E.01442
G1 X111.627 Y110.984 E.0173
G1 X111.414 Y111.283 E.01151
G1 X111.066 Y111.584 E.01443
G1 X110.656 Y111.793 E.01443
G1 X110.208 Y111.898 E.01443
G1 X109.747 Y111.893 E.01446
G1 X109.302 Y111.777 E.01442
G1 X108.875 Y111.54 E.01531
G1 X108.556 Y111.249 E.01354
G1 X108.299 Y110.867 E.01444
G1 X108.133 Y110.374 E.01631
G1 X108.093 Y110.003 E.0117
G1 X108.151 Y109.521 E.01522
G1 X108.373 Y109.016 E.0173
G1 X108.586 Y108.717 E.01151
G1 X108.871 Y108.47 E.01182
G1 X108.701 Y108.119 F9000
;TYPE:Perimeter
;WIDTH:0.44199
G1 F900
G1 X108.755 Y108.075 E.00231
;WIDTH:0.436888
G1 X109.252 Y107.832 E.01812
;WIDTH:0.44471
G1 X109.792 Y107.712 E.01848
G1 X110.345 Y107.733 E.01849
;WIDTH:0.4366
G1 X110.877 Y107.882 E.01808
;WIDTH:0.447484
G1 X111.384 Y108.168 E.01958
G1 X111.748 Y108.512 E.01685
;WIDTH:0.437412
G1 X112.037 Y108.945 E.01708
;WIDTH:0.433238
G1 X112.223 Y109.431 E.01689
;WIDTH:0.441958
G1 X112.294 Y110.069 E.0213
;WIDTH:0.43973
G1 X112.208 Y110.615 E.01824
;WIDTH:0.438338
G1 X111.998 Y111.127 E.0182
;WIDTH:0.441986
G1 X111.672 Y111.574 E.01836
G1 X111.245 Y111.925 E.01834
;WIDTH:0.436884
G1 X110.748 Y112.168 E.01812
;WIDTH:0.44471
G1 X110.208 Y112.288 E.01848
G1 X109.655 Y112.267 E.01849
;WIDTH:0.436602
G1 X109.123 Y112.118 E.01809
;WIDTH:0.447486
G1 X108.616 Y111.832 E.01958
G1 X108.238 Y111.469 E.01763
;WIDTH:0.437936
G1 X107.939 Y111.004 E.01816
;WIDTH:0.440262
G1 X107.756 Y110.482 E.01828
;WIDTH:0.444502
G1 X107.706 Y109.961 E.01748
G1 X107.792 Y109.385 E.01945
;WIDTH:0.438342
G1 X108.002 Y108.873 E.0182
;WIDTH:0.44199
G1 X108.328 Y108.426 E.01836
G1 X108.655 Y108.157 E.01405
G1 X108.446 Y107.819 F9000
;TYPE:External perimeter
;WIDTH:0.419999
G1 F900
G1 X108.771 Y107.612 E.01208
G1 X109.113 Y107.473 E.01157
G1 X109.616 Y107.348 E.01625
G1 X110.208 Y107.323 E.01858
G1 X110.7 Y107.407 E.01565
G1 X111.016 Y107.523 E.01055
G1 X111.482 Y107.769 E.01652
G1 X111.939 Y108.145 E.01856
G1 X112.264 Y108.556 E.01643
G1 X112.491 Y108.996 E.01552
G1 X112.643 Y109.506 E.01669
G1 X112.685 Y110.036 E.01667
G1 X112.646 Y110.458 E.01329
G1 X112.517 Y110.936 E.01552
G1 X112.344 Y111.299 E.01261
G1 X112.055 Y111.721 E.01604
G1 X111.647 Y112.121 E.01791
G1 X111.229 Y112.388 E.01555
G1 X110.887 Y112.527 E.01157
G1 X110.384 Y112.652 E.01625
G1 X109.792 Y112.677 E.01858
G1 X109.3 Y112.593 E.01565
G1 X108.984 Y112.477 E.01055
G1 X108.518 Y112.231 E.01652
G1 X108.061 Y111.855 E.01856
G1 X107.736 Y111.444 E.01643
G1 X107.594 Y111.175 E.00954
G1 X107.408 Y110.674 E.01676
G1 X107.322 Y110.112 E.01783
G1 X107.354 Y109.542 E.0179
G1 X107.483 Y109.064 E.01552
G1 X107.656 Y108.701 E.01261
G1 X107.945 Y108.279 E.01604
G1 X108.353 Y107.879 E.01791
G1 X108.395 Y107.852 E.00157
;LAYER_CHANGE
;Z:0.28
;HEIGHT:0.08
;BEFORE_LAYER_CHANGE
G92 E0
;0.28


G1 E-3.5 F3600
;WIPE_START
G1 F7200
G1 X108.446 Y107.819 E-.02885
G1 X108.771 Y107.612 E-.18303
G1 X109.113 Y107.473 E-.17535
G1 X109.616 Y107.348 E-.24619
G1 X110.208 Y107.323 E-.28145
G1 X110.7 Y107.407 E-.23708
G1 X111.016 Y107.523 E-.15989
G1 X111.366 Y107.708 E-.18816
;WIPE_END
G1 Z.28 F9000
;AFTER_LAYER_CHANGE
;0.28
; stop printing object 3.5 mm-spacer.stl id:0 copy 0
G1 X105.764 Y104.078
G1 E5 F2400
;TYPE:Skirt/Brim
;WIDTH:0.42
G1 F900
G1 X106.389 Y103.642 E.01021
G1 X107.102 Y103.286 E.01068
G1 X108.385 Y102.868 E.01808
G1 X109.686 Y102.696 E.01758
G1 X111.071 Y102.767 E.01858
G1 X112.196 Y103.021 E.01545
G1 X113.611 Y103.642 E.0207
G1 X115.099 Y104.761 E.02494
G1 X115.985 Y105.8 E.01829
G1 X116.657 Y106.977 E.01816
G1 X117.098 Y108.245 E.01799
G1 X117.301 Y109.601 E.01837
G1 X117.25 Y110.95 E.01809
G1 X116.952 Y112.266 E.01808
G1 X116.418 Y113.505 E.01808
G1 X115.419 Y114.919 E.0232
G1 X114.082 Y116.067 E.02361
G1 X112.898 Y116.714 E.01808
G1 X111.615 Y117.132 E.01808
G1 X110.314 Y117.304 E.01758
G1 X108.929 Y117.233 E.01858
G1 X107.619 Y116.914 E.01806
G1 X106.389 Y116.358 E.01809
G1 X104.901 Y115.239 E.02494
G1 X104.025 Y114.213 E.01808
G1 X103.346 Y113.029 E.01829
G1 X102.896 Y111.733 E.01838
G1 X102.699 Y110.399 E.01807
G1 X102.75 Y109.05 E.01809
G1 X103.048 Y107.734 E.01808
G1 X103.582 Y106.495 E.01808
G1 X104.336 Y105.376 E.01808
G1 X105.282 Y104.413 E.01809
G1 X105.714 Y104.112 E.00705
G1 X105.928 Y104.42 F9000
G1 F900
G1 X106.587 Y103.962 E.01075
G1 X107.239 Y103.638 E.00975
G1 X108.455 Y103.239 E.01715
G1 X109.688 Y103.073 E.01667
G1 X111.001 Y103.137 E.01761
G1 X112.079 Y103.38 E.01481
G1 X113.413 Y103.962 E.0195
G1 X114.846 Y105.041 E.02403
G1 X115.685 Y106.029 E.01737
G1 X116.32 Y107.145 E.0172
G1 X116.736 Y108.35 E.01708
G1 X116.926 Y109.636 E.01742
G1 X116.875 Y110.915 E.01715
G1 X116.59 Y112.163 E.01715
G1 X116.08 Y113.337 E.01715
G1 X115.14 Y114.665 E.0218
G1 X113.884 Y115.746 E.0222
G1 X112.761 Y116.362 E.01716
G1 X111.545 Y116.761 E.01715
G1 X110.312 Y116.927 E.01667
G1 X108.999 Y116.863 E.01761
G1 X107.755 Y116.562 E.01715
G1 X106.587 Y116.038 E.01715
G1 X105.154 Y114.959 E.02403
G1 X104.325 Y113.984 E.01715
G1 X103.682 Y112.859 E.01736
G1 X103.259 Y111.63 E.01741
G1 X103.074 Y110.364 E.01714
G1 X103.125 Y109.085 E.01715
G1 X103.41 Y107.837 E.01715
G1 X103.92 Y106.663 E.01715
G1 X104.637 Y105.603 E.01715
G1 X105.536 Y104.692 E.01715
G1 X105.879 Y104.454 E.00559
G1 X106.092 Y104.762 F9000
G1 F900
G1 X106.786 Y104.283 E.0113
G1 X107.375 Y103.99 E.00881
G1 X108.524 Y103.61 E.01621
G1 X109.689 Y103.45 E.01576
G1 X110.932 Y103.508 E.01667
G1 X111.962 Y103.738 E.01414
G1 X113.214 Y104.283 E.01829
G1 X114.594 Y105.321 E.02314
G1 X115.385 Y106.257 E.01642
G1 X115.982 Y107.313 E.01625
G1 X116.373 Y108.455 E.01617
G1 X116.55 Y109.671 E.01646
G1 X116.499 Y110.88 E.01621
G1 X116.227 Y112.06 E.01622
G1 X115.742 Y113.169 E.01622
G1 X114.84 Y114.434 E.02082
G1 X113.685 Y115.426 E.0204
G1 X112.625 Y116.01 E.01621
G1 X111.476 Y116.39 E.01621
G1 X110.311 Y116.55 E.01576
G1 X109.068 Y116.492 E.01667
G1 X107.891 Y116.21 E.01622
G1 X106.786 Y115.717 E.01621
G1 X105.406 Y114.679 E.02314
G1 X104.625 Y113.756 E.0162
G1 X104.019 Y112.689 E.01644
G1 X103.622 Y111.527 E.01645
G1 X103.45 Y110.329 E.01622
G1 X103.501 Y109.12 E.01621
G1 X103.773 Y107.94 E.01622
G1 X104.258 Y106.831 E.01622
G1 X104.938 Y105.83 E.01621
G1 X105.79 Y104.971 E.01621
G1 X106.043 Y104.796 E.00412
G1 X106.255 Y105.105 F9000
G1 F900
G1 X106.984 Y104.604 E.01185
G1 X107.511 Y104.341 E.00789
G1 X108.593 Y103.98 E.01528
G1 X109.691 Y103.827 E.01485
G1 X110.863 Y103.879 E.01572
G1 X111.845 Y104.097 E.01348
G1 X113.016 Y104.604 E.0171
G1 X114.341 Y105.601 E.02222
G1 X115.085 Y106.486 E.01549
G1 X115.645 Y107.481 E.0153
G1 X116.011 Y108.561 E.01528
G1 X116.175 Y109.706 E.0155
G1 X116.124 Y110.845 E.01528
G1 X115.864 Y111.956 E.01529
G1 X115.405 Y113.001 E.01529
G1 X114.583 Y114.157 E.019
G1 X113.487 Y115.105 E.01942
G1 X112.489 Y115.659 E.01529
G1 X111.407 Y116.02 E.01528
G1 X110.309 Y116.173 E.01485
G1 X109.137 Y116.121 E.01572
G1 X108.027 Y115.859 E.01528
G1 X106.984 Y115.396 E.01529
G1 X105.659 Y114.399 E.02222
G1 X104.925 Y113.527 E.01527
G1 X104.356 Y112.52 E.0155
G1 X103.984 Y111.424 E.01551
G1 X103.825 Y110.294 E.01529
G1 X103.876 Y109.155 E.01528
G1 X104.136 Y108.044 E.01529
G1 X104.595 Y106.999 E.01529
G1 X105.238 Y106.057 E.01528
G1 X106.044 Y105.249 E.01529
G1 X106.205 Y105.139 E.00261
G1 E-3.5 F3600
;WIPE_START
G1 F7200
G1 X106.255 Y105.105 E-.02872
G1 X106.984 Y104.604 E-.42016
G1 X107.511 Y104.341 E-.27977
G1 X108.593 Y103.98 E-.5418
G1 X109.072 Y103.913 E-.22955
;WIPE_END
; printing object 3.5 mm-spacer.stl id:0 copy 0
G1 X108.974 Y108.514 F9000
G1 E5 F2400
;TYPE:External perimeter
;WIDTH:0.419999
G1 F900
G1 X108.993 Y108.498 E.00033
G1 X109.491 Y108.273 E.00732
G1 X109.806 Y108.202 E.00433
G1 X110.242 Y108.208 E.00584
G1 X110.664 Y108.318 E.00584
G1 X111.058 Y108.535 E.00603
G1 X111.37 Y108.819 E.00565
G1 X111.613 Y109.181 E.00584
G1 X111.768 Y109.638 E.00647
G1 X111.809 Y110.024 E.0052
G1 X111.75 Y110.456 E.00584
G1 X111.545 Y110.928 E.00689
G1 X111.338 Y111.217 E.00476
G1 X111.007 Y111.502 E.00585
G1 X110.509 Y111.727 E.00732
G1 X110.194 Y111.798 E.00433
G1 X109.758 Y111.792 E.00584
G1 X109.336 Y111.682 E.00584
G1 X108.942 Y111.465 E.00603
G1 X108.63 Y111.181 E.00565
G1 X108.387 Y110.819 E.00584
G1 X108.232 Y110.362 E.00647
G1 X108.191 Y109.976 E.0052
G1 X108.25 Y109.544 E.00584
G1 X108.455 Y109.072 E.00689
G1 X108.662 Y108.783 E.00476
G1 X108.929 Y108.553 E.00472
G1 X108.702 Y108.121 F9000
;TYPE:Perimeter
;WIDTH:0.59068
G1 F900
G1 X108.767 Y108.068 E.0016
;WIDTH:0.587138
G1 X109.265 Y107.828 E.01048
;WIDTH:0.593206
G1 X109.806 Y107.712 E.0106
G1 X110.358 Y107.736 E.01059
;WIDTH:0.585876
G1 X110.889 Y107.889 E.01045
;WIDTH:0.595982
G1 X111.384 Y108.168 E.01094
G1 X111.753 Y108.519 E.0098
;WIDTH:0.58639
G1 X112.038 Y108.947 E.00974
;WIDTH:0.582492
G1 X112.221 Y109.427 E.00966
;WIDTH:0.59128
G1 X112.292 Y110.083 E.0126
;WIDTH:0.588616
G1 X112.204 Y110.628 E.01049
;WIDTH:0.588788
G1 X111.991 Y111.139 E.01053
;WIDTH:0.590678
G1 X111.661 Y111.583 E.01055
G1 X111.233 Y111.932 E.01053
;WIDTH:0.58714
G1 X110.735 Y112.172 E.01048
;WIDTH:0.593206
G1 X110.194 Y112.288 E.0106
G1 X109.642 Y112.264 E.01059
;WIDTH:0.585958
G1 X109.11 Y112.113 E.01046
;WIDTH:0.595986
G1 X108.616 Y111.832 E.01094
G1 X108.23 Y111.457 E.01036
;WIDTH:0.587018
G1 X107.933 Y110.991 E.01047
;WIDTH:0.598302
G1 X107.744 Y110.422 E.01159
G1 X107.708 Y109.917 E.00979
;WIDTH:0.58862
G1 X107.796 Y109.372 E.01049
;WIDTH:0.58879
G1 X108.009 Y108.861 E.01053
;WIDTH:0.59068
G1 X108.339 Y108.417 E.01055
G1 X108.656 Y108.158 E.00781
G1 X108.391 Y107.73 F9000
;TYPE:External perimeter
;WIDTH:0.419999
G1 F900
G1 X108.757 Y107.503 E.00577
G1 X109.237 Y107.317 E.0069
G1 X109.743 Y107.223 E.0069
G1 X110.257 Y107.223 E.00689
G1 X110.767 Y107.326 E.00697
G1 X111.286 Y107.53 E.00747
G1 X111.714 Y107.805 E.00682
G1 X112.088 Y108.157 E.00688
G1 X112.392 Y108.573 E.0069
G1 X112.613 Y109.037 E.00689
G1 X112.746 Y109.533 E.00688
G1 X112.785 Y110.045 E.00688
G1 X112.742 Y110.512 E.00628
G1 X112.601 Y111.008 E.00691
G1 X112.371 Y111.468 E.00689
G1 X112.061 Y111.879 E.0069
G1 X111.681 Y112.226 E.00689
G1 X111.243 Y112.497 E.0069
G1 X110.763 Y112.683 E.0069
G1 X110.257 Y112.777 E.0069
G1 X109.743 Y112.777 E.00689
G1 X109.237 Y112.683 E.0069
G1 X108.757 Y112.497 E.0069
G1 X108.319 Y112.226 E.0069
G1 X107.939 Y111.879 E.00689
G1 X107.629 Y111.468 E.0069
G1 X107.399 Y111.008 E.00689
G1 X107.258 Y110.512 E.00691
G1 X107.211 Y110 E.00689
G1 X107.258 Y109.488 E.00689
G1 X107.399 Y108.992 E.00691
G1 X107.629 Y108.532 E.00689
G1 X107.939 Y108.121 E.0069
G1 X108.319 Y107.774 E.00689
G1 X108.34 Y107.762 E.00032
;LAYER_CHANGE
;Z:0.36
;HEIGHT:0.08
;BEFORE_LAYER_CHANGE
G92 E0
;0.36


G1 E-3.5 F3600
;WIPE_START
G1 F7200
G1 X108.391 Y107.73 E-.0286
G1 X108.757 Y107.503 E-.20457
G1 X109.237 Y107.317 E-.24452
G1 X109.743 Y107.223 E-.24446
G1 X110.257 Y107.223 E-.24415
G1 X110.767 Y107.326 E-.24714
G1 X111.286 Y107.53 E-.26489
G1 X111.324 Y107.555 E-.02167
;WIPE_END
G1 Z.36 F9000
;AFTER_LAYER_CHANGE
;0.36
G1 X108.974 Y108.514
G1 E5 F2400
G1 F900
G1 X108.993 Y108.498 E.00033
G1 X109.346 Y108.318 E.00531
G1 X109.806 Y108.202 E.00636
G1 X110.242 Y108.208 E.00584
G1 X110.664 Y108.318 E.00584
G1 X111.058 Y108.535 E.00603
G1 X111.372 Y108.822 E.0057
G1 X111.625 Y109.214 E.00625
G1 X111.768 Y109.638 E.006
G1 X111.809 Y110.024 E.0052
G1 X111.75 Y110.456 E.00584
G1 X111.534 Y110.933 E.00702
G1 X111.338 Y111.217 E.00462
G1 X111.007 Y111.502 E.00585
G1 X110.509 Y111.727 E.00732
G1 X110.194 Y111.798 E.00433
G1 X109.758 Y111.792 E.00584
G1 X109.336 Y111.682 E.00584
G1 X108.942 Y111.465 E.00603
G1 X108.63 Y111.181 E.00565
G1 X108.387 Y110.819 E.00584
G1 X108.232 Y110.362 E.00647
G1 X108.195 Y110.015 E.00468
G1 X108.25 Y109.544 E.00635
G1 X108.455 Y109.072 E.00689
G1 X108.662 Y108.783 E.00476
G1 X108.929 Y108.553 E.00472
G1 X108.702 Y108.121 F9000
;TYPE:Perimeter
;WIDTH:0.590682
G1 F900
G1 X108.767 Y108.068 E.0016
;WIDTH:0.589532
G1 X109.22 Y107.847 E.0096
;WIDTH:0.593206
G1 X109.806 Y107.712 E.01152
G1 X110.32 Y107.728 E.00985
;WIDTH:0.584766
G1 X110.807 Y107.856 E.00951
;WIDTH:0.583466
G1 X111.275 Y108.093 E.00988
;WIDTH:0.591816
G1 X111.698 Y108.452 E.0106
G1 X112.012 Y108.905 E.01053
;WIDTH:0.590482
G1 X112.221 Y109.427 E.01072
;WIDTH:0.59128
G1 X112.292 Y110.083 E.0126
;WIDTH:0.588616
G1 X112.204 Y110.628 E.01049
;WIDTH:0.590482
G1 X112.012 Y111.095 E.00963
;WIDTH:0.590676
G1 X111.661 Y111.583 E.01147
G1 X111.233 Y111.932 E.01053
;WIDTH:0.58714
G1 X110.735 Y112.172 E.01048
;WIDTH:0.593206
G1 X110.194 Y112.288 E.0106
G1 X109.642 Y112.264 E.01059
;WIDTH:0.585958
G1 X109.11 Y112.113 E.01046
;WIDTH:0.595986
G1 X108.616 Y111.832 E.01094
G1 X108.23 Y111.457 E.01036
;WIDTH:0.587018
G1 X107.933 Y110.991 E.01047
;WIDTH:0.590908
G1 X107.753 Y110.468 E.01055
;WIDTH:0.595846
G1 X107.707 Y109.965 E.00972
G1 X107.796 Y109.372 E.01154
;WIDTH:0.58879
G1 X108.009 Y108.861 E.01053
;WIDTH:0.590682
G1 X108.339 Y108.417 E.01055
G1 X108.656 Y108.158 E.00781
G1 X108.391 Y107.73 F9000
;TYPE:External perimeter
;WIDTH:0.419999
G1 F900
G1 X108.757 Y107.503 E.00577
G1 X109.237 Y107.317 E.0069
G1 X109.743 Y107.223 E.0069
G1 X110.257 Y107.223 E.00689
G1 X110.754 Y107.323 E.00679
G1 X111.287 Y107.53 E.00766
G1 X111.714 Y107.805 E.0068
G1 X112.088 Y108.157 E.00688
G1 X112.392 Y108.573 E.0069
G1 X112.613 Y109.037 E.00689
G1 X112.746 Y109.533 E.00688
G1 X112.785 Y110.045 E.00688
G1 X112.742 Y110.512 E.00628
G1 X112.601 Y111.008 E.00691
G1 X112.371 Y111.468 E.00689
G1 X112.061 Y111.879 E.0069
G1 X111.681 Y112.226 E.00689
G1 X111.243 Y112.497 E.0069
G1 X110.763 Y112.683 E.0069
G1 X110.257 Y112.777 E.0069
G1 X109.743 Y112.777 E.00689
G1 X109.237 Y112.683 E.0069
G1 X108.757 Y112.497 E.0069
G1 X108.319 Y112.226 E.0069
G1 X107.939 Y111.879 E.00689
G1 X107.629 Y111.468 E.0069
G1 X107.399 Y111.008 E.00689
G1 X107.258 Y110.512 E.00691
G1 X107.211 Y110 E.00689
G1 X107.258 Y109.488 E.00689
G1 X107.399 Y108.992 E.00691
G1 X107.629 Y108.532 E.00689
G1 X107.939 Y108.121 E.0069
G1 X108.319 Y107.774 E.00689
G1 X108.34 Y107.762 E.00032
M106 S127.5
;LAYER_CHANGE
;Z:0.44
;HEIGHT:0.08
;BEFORE_LAYER_CHANGE
G92 E0
;0.44


G1 E-3.5 F3600
;WIPE_START
G1 F7200
G1 X108.391 Y107.73 E-.0286
G1 X108.757 Y107.503 E-.20457
G1 X109.237 Y107.317 E-.24452
G1 X109.743 Y107.223 E-.24446
G1 X110.257 Y107.223 E-.24415
G1 X110.754 Y107.323 E-.24081
G1 X111.287 Y107.53 E-.2716
G1 X111.325 Y107.554 E-.02129
;WIPE_END
G1 Z.44 F9000
;AFTER_LAYER_CHANGE
;0.44
G1 X108.974 Y108.514
G1 E5 F2400
G1 F900
G1 X108.993 Y108.498 E.00033
G1 X109.491 Y108.273 E.00732
G1 X109.806 Y108.202 E.00433
G1 X110.242 Y108.208 E.00584
G1 X110.664 Y108.318 E.00584
G1 X111.058 Y108.535 E.00603
G1 X111.373 Y108.823 E.00572
G1 X111.676 Y109.347 E.00811
G1 X111.768 Y109.638 E.00409
G1 X111.809 Y110.024 E.0052
G1 X111.75 Y110.456 E.00584
G1 X111.545 Y110.928 E.00689
G1 X111.338 Y111.217 E.00476
G1 X111.007 Y111.502 E.00585
G1 X110.509 Y111.727 E.00732
G1 X110.194 Y111.798 E.00433
G1 X109.758 Y111.792 E.00584
G1 X109.336 Y111.682 E.00584
G1 X108.942 Y111.465 E.00603
G1 X108.63 Y111.181 E.00565
G1 X108.387 Y110.819 E.00584
G1 X108.232 Y110.362 E.00647
G1 X108.191 Y109.976 E.0052
G1 X108.25 Y109.544 E.00584
G1 X108.455 Y109.072 E.00689
G1 X108.662 Y108.783 E.00476
G1 X108.929 Y108.553 E.00472
G1 X108.702 Y108.121 F9000
;TYPE:Perimeter
;WIDTH:0.590682
G1 F900
G1 X108.767 Y108.068 E.0016
;WIDTH:0.587138
G1 X109.265 Y107.828 E.01048
;WIDTH:0.593206
G1 X109.806 Y107.712 E.0106
G1 X110.32 Y107.728 E.00985
;WIDTH:0.584766
G1 X110.805 Y107.855 E.00946
;WIDTH:0.583466
G1 X111.275 Y108.093 E.00992
;WIDTH:0.591814
G1 X111.698 Y108.452 E.0106
G1 X112.017 Y108.916 E.01076
;WIDTH:0.59099
G1 X112.221 Y109.427 E.0105
;WIDTH:0.59128
G1 X112.292 Y110.083 E.0126
;WIDTH:0.588616
G1 X112.204 Y110.628 E.01049
;WIDTH:0.588788
G1 X111.991 Y111.139 E.01053
;WIDTH:0.590678
G1 X111.661 Y111.583 E.01055
G1 X111.233 Y111.932 E.01053
;WIDTH:0.587136
G1 X110.735 Y112.172 E.01048
;WIDTH:0.593206
G1 X110.194 Y112.288 E.0106
G1 X109.642 Y112.264 E.01059
;WIDTH:0.585956
G1 X109.11 Y112.113 E.01046
;WIDTH:0.595986
G1 X108.616 Y111.832 E.01094
G1 X108.23 Y111.457 E.01036
;WIDTH:0.587018
G1 X107.933 Y110.991 E.01047
;WIDTH:0.598302
G1 X107.744 Y110.422 E.01159
G1 X107.708 Y109.917 E.00979
;WIDTH:0.58862
G1 X107.796 Y109.372 E.01049
;WIDTH:0.58879
G1 X108.009 Y108.861 E.01053
;WIDTH:0.590682
G1 X108.339 Y108.417 E.01055
G1 X108.656 Y108.158 E.00781
G1 X107.253 Y109.548 F9000
;TYPE:External perimeter
;WIDTH:0.419999
G1 F900
G1 X107.254 Y109.533 E.0002
G1 X107.387 Y109.037 E.00688
G1 X107.608 Y108.573 E.00689
G1 X107.912 Y108.157 E.0069
G1 X108.286 Y107.805 E.00688
G1 X108.718 Y107.527 E.00688
G1 X109.194 Y107.334 E.00688
G1 X109.698 Y107.231 E.00689
G1 X110.212 Y107.223 E.00689
G1 X110.741 Y107.32 E.00721
G1 X111.288 Y107.531 E.00786
G1 X111.714 Y107.805 E.00679
G1 X112.088 Y108.157 E.00688
G1 X112.392 Y108.573 E.0069
G1 X112.613 Y109.037 E.00689
G1 X112.746 Y109.533 E.00688
G1 X112.785 Y110.045 E.00688
G1 X112.746 Y110.467 E.00568
G1 X112.613 Y110.963 E.00688
G1 X112.392 Y111.427 E.00689
G1 X112.088 Y111.843 E.0069
G1 X111.714 Y112.195 E.00688
G1 X111.282 Y112.473 E.00688
G1 X110.806 Y112.666 E.00688
G1 X110.302 Y112.769 E.00689
G1 X109.788 Y112.777 E.00689
G1 X109.282 Y112.691 E.00688
G1 X108.799 Y112.513 E.0069
G1 X108.358 Y112.25 E.00688
G1 X107.972 Y111.91 E.00689
G1 X107.656 Y111.505 E.00688
G1 X107.42 Y111.049 E.00688
G1 X107.271 Y110.556 E.0069
G1 X107.215 Y110.045 E.00689
G1 X107.248 Y109.608 E.00587
;LAYER_CHANGE
;Z:0.52
;HEIGHT:0.08
;BEFORE_LAYER_CHANGE
G92 E0
;0.52


G1 E-3.5 F3600
;WIPE_START
G1 F7200
G1 X107.253 Y109.548 E-.0286
G1 X107.254 Y109.533 E-.00714
G1 X107.387 Y109.037 E-.24392
G1 X107.608 Y108.573 E-.24412
G1 X107.912 Y108.157 E-.24474
G1 X108.286 Y107.805 E-.24396
G1 X108.718 Y107.527 E-.24402
G1 X109.193 Y107.334 E-.2435
;WIPE_END
G1 Z.52 F9000
;AFTER_LAYER_CHANGE
;0.52
G1 X108.246 Y109.568
G1 E5 F2400
G1 F900
G1 X108.25 Y109.544 E.00033
G1 X108.455 Y109.072 E.00689
G1 X108.662 Y108.783 E.00476
G1 X108.993 Y108.498 E.00585
G1 X109.491 Y108.273 E.00732
G1 X109.806 Y108.202 E.00433
G1 X110.242 Y108.208 E.00584
G1 X110.664 Y108.318 E.00584
G1 X111.058 Y108.535 E.00603
G1 X111.37 Y108.819 E.00565
G1 X111.613 Y109.181 E.00584
G1 X111.768 Y109.638 E.00647
G1 X111.809 Y110.024 E.0052
G1 X111.75 Y110.456 E.00584
G1 X111.545 Y110.928 E.00689
G1 X111.338 Y111.217 E.00476
G1 X111.007 Y111.502 E.00585
G1 X110.509 Y111.727 E.00732
G1 X110.194 Y111.798 E.00433
G1 X109.758 Y111.792 E.00584
G1 X109.336 Y111.682 E.00584
G1 X108.942 Y111.465 E.00603
G1 X108.63 Y111.181 E.00565
G1 X108.387 Y110.819 E.00584
G1 X108.232 Y110.362 E.00647
G1 X108.191 Y109.976 E.0052
G1 X108.238 Y109.627 E.00472
G1 X107.783 Y109.454 F9000
;TYPE:Perimeter
;WIDTH:0.58862
G1 F900
G1 X107.796 Y109.372 E.00158
;WIDTH:0.58879
G1 X108.009 Y108.861 E.01053
;WIDTH:0.590682
G1 X108.339 Y108.417 E.01055
G1 X108.767 Y108.068 E.01053
;WIDTH:0.58714
G1 X109.265 Y107.828 E.01048
;WIDTH:0.593206
G1 X109.806 Y107.712 E.0106
G1 X110.358 Y107.736 E.01059
;WIDTH:0.585876
G1 X110.889 Y107.89 E.01046
;WIDTH:0.595984
G1 X111.384 Y108.168 E.01093
G1 X111.753 Y108.519 E.0098
;WIDTH:0.586392
G1 X112.038 Y108.947 E.00974
;WIDTH:0.582494
G1 X112.221 Y109.427 E.00966
;WIDTH:0.59128
G1 X112.292 Y110.083 E.0126
;WIDTH:0.588616
G1 X112.204 Y110.628 E.01049
;WIDTH:0.588788
G1 X111.991 Y111.139 E.01053
;WIDTH:0.590676
G1 X111.661 Y111.583 E.01055
G1 X111.233 Y111.932 E.01053
;WIDTH:0.587136
G1 X110.735 Y112.172 E.01048
;WIDTH:0.593206
G1 X110.194 Y112.288 E.0106
G1 X109.642 Y112.264 E.01059
;WIDTH:0.585958
G1 X109.11 Y112.113 E.01046
;WIDTH:0.595986
G1 X108.616 Y111.832 E.01094
G1 X108.23 Y111.457 E.01036
;WIDTH:0.587018
G1 X107.933 Y110.991 E.01047
;WIDTH:0.598304
G1 X107.744 Y110.422 E.01159
G1 X107.708 Y109.917 E.00979
;WIDTH:0.58862
G1 X107.773 Y109.513 E.00778
G1 E-3.5 F3600
;WIPE_START
G1 F7200
G1 X107.783 Y109.454 E-.02842
G1 X107.796 Y109.372 E-.03944
G1 X108.009 Y108.861 E-.26297
G1 X108.339 Y108.417 E-.26277
G1 X108.767 Y108.068 E-.26232
G1 X109.265 Y107.828 E-.26259
G1 X109.806 Y107.712 E-.26282
G1 X110.056 Y107.723 E-.11867
;WIPE_END
G1 X110.689 Y107.31 F9000
G1 E5 F2400
;TYPE:External perimeter
;WIDTH:0.419999
G1 F900
G1 X110.729 Y107.317 E.00054
G1 X111.289 Y107.532 E.00804
G1 X111.714 Y107.805 E.00677
G1 X112.088 Y108.157 E.00688
G1 X112.392 Y108.573 E.0069
G1 X112.613 Y109.037 E.00689
G1 X112.746 Y109.533 E.00688
G1 X112.785 Y110.045 E.00688
G1 X112.746 Y110.467 E.00568
G1 X112.613 Y110.963 E.00688
G1 X112.392 Y111.427 E.00689
G1 X112.088 Y111.843 E.0069
G1 X111.714 Y112.195 E.00688
G1 X111.282 Y112.473 E.00688
G1 X110.806 Y112.666 E.00688
G1 X110.302 Y112.769 E.00689
G1 X109.788 Y112.777 E.00689
G1 X109.282 Y112.691 E.00688
G1 X108.799 Y112.513 E.0069
G1 X108.358 Y112.25 E.00688
G1 X107.972 Y111.91 E.00689
G1 X107.656 Y111.505 E.00688
G1 X107.42 Y111.049 E.00688
G1 X107.271 Y110.556 E.0069
G1 X107.215 Y110.045 E.00689
G1 X107.254 Y109.533 E.00688
G1 X107.387 Y109.037 E.00688
G1 X107.608 Y108.573 E.00689
G1 X107.912 Y108.157 E.0069
G1 X108.286 Y107.805 E.00688
G1 X108.718 Y107.527 E.00688
G1 X109.194 Y107.334 E.00688
G1 X109.698 Y107.231 E.00689
G1 X110.212 Y107.223 E.00689
G1 X110.63 Y107.299 E.00569
;LAYER_CHANGE
;Z:0.6
;HEIGHT:0.08
;BEFORE_LAYER_CHANGE
G92 E0
;0.6


G1 E-3.5 F3600
;WIPE_START
G1 F7200
G1 X110.689 Y107.31 E-.02851
G1 X110.729 Y107.317 E-.01929
G1 X111.289 Y107.532 E-.28493
G1 X111.714 Y107.805 E-.23994
G1 X112.088 Y108.157 E-.24396
G1 X112.392 Y108.573 E-.24474
G1 X112.613 Y109.037 E-.24412
G1 X112.719 Y109.432 E-.19451
;WIPE_END
G1 Z.6 F9000
;AFTER_LAYER_CHANGE
;0.6
G1 X110.218 Y108.207
G1 E5 F2400
G1 F900
G1 X110.242 Y108.208 E.00032
G1 X110.664 Y108.318 E.00584
G1 X111.058 Y108.535 E.00603
G1 X111.37 Y108.819 E.00565
G1 X111.613 Y109.181 E.00584
G1 X111.768 Y109.638 E.00647
G1 X111.809 Y110.024 E.0052
G1 X111.75 Y110.456 E.00584
G1 X111.545 Y110.928 E.00689
G1 X111.338 Y111.217 E.00476
G1 X111.007 Y111.502 E.00585
G1 X110.509 Y111.727 E.00732
G1 X110.194 Y111.798 E.00433
G1 X109.758 Y111.792 E.00584
G1 X109.336 Y111.682 E.00584
G1 X108.942 Y111.465 E.00603
G1 X108.63 Y111.181 E.00565
G1 X108.387 Y110.819 E.00584
G1 X108.232 Y110.362 E.00647
G1 X108.198 Y110.043 E.0043
G1 X108.25 Y109.544 E.00672
G1 X108.455 Y109.072 E.00689
G1 X108.662 Y108.783 E.00476
G1 X108.993 Y108.498 E.00585
G1 X109.491 Y108.273 E.00732
G1 X109.806 Y108.202 E.00433
G1 X110.158 Y108.206 E.00472
G1 X110.275 Y107.732 F9000
;TYPE:Perimeter
;WIDTH:0.593206
G1 F900
G1 X110.358 Y107.736 E.00159
;WIDTH:0.585954
G1 X110.89 Y107.887 E.01046
;WIDTH:0.595984
G1 X111.384 Y108.168 E.01094
G1 X111.753 Y108.519 E.0098
;WIDTH:0.58639
G1 X112.038 Y108.947 E.00974
;WIDTH:0.582492
G1 X112.221 Y109.427 E.00966
;WIDTH:0.59128
G1 X112.292 Y110.083 E.0126
;WIDTH:0.588616
G1 X112.204 Y110.628 E.01049
;WIDTH:0.588788
G1 X111.991 Y111.139 E.01053
;WIDTH:0.590678
G1 X111.661 Y111.583 E.01055
G1 X111.233 Y111.932 E.01053
;WIDTH:0.587136
G1 X110.735 Y112.172 E.01048
;WIDTH:0.593206
G1 X110.194 Y112.288 E.0106
G1 X109.642 Y112.264 E.01059
;WIDTH:0.585958
G1 X109.11 Y112.113 E.01046
;WIDTH:0.595986
G1 X108.616 Y111.832 E.01094
G1 X108.247 Y111.481 E.0098
;WIDTH:0.586394
G1 X107.962 Y111.053 E.00974
;WIDTH:0.582494
G1 X107.779 Y110.573 E.00966
;WIDTH:0.60162
G1 X107.707 Y110 E.01123
G1 X107.796 Y109.372 E.01233
;WIDTH:0.58879
G1 X108.009 Y108.861 E.01053
;WIDTH:0.590682
G1 X108.339 Y108.417 E.01055
G1 X108.767 Y108.068 E.01053
;WIDTH:0.58714
G1 X109.265 Y107.828 E.01048
;WIDTH:0.593206
G1 X109.806 Y107.712 E.0106
G1 X110.215 Y107.73 E.00784
G1 X110.308 Y107.232 F9000
;TYPE:External perimeter
;WIDTH:0.419999
G1 F900
G1 X110.806 Y107.334 E.00681
G1 X111.282 Y107.527 E.00688
G1 X111.714 Y107.805 E.00688
G1 X112.088 Y108.157 E.00688
G1 X112.392 Y108.573 E.0069
G1 X112.613 Y109.037 E.00689
G1 X112.746 Y109.533 E.00688
G1 X112.785 Y110.045 E.00688
G1 X112.729 Y110.556 E.00689
G1 X112.58 Y111.049 E.0069
G1 X112.344 Y111.505 E.00688
G1 X112.028 Y111.91 E.00688
G1 X111.642 Y112.25 E.00689
G1 X111.201 Y112.513 E.00688
G1 X110.718 Y112.691 E.0069
G1 X110.212 Y112.777 E.00688
G1 X109.698 Y112.769 E.00689
G1 X109.194 Y112.666 E.00689
G1 X108.718 Y112.473 E.00688
G1 X108.286 Y112.195 E.00688
G1 X107.912 Y111.843 E.00688
G1 X107.608 Y111.427 E.0069
G1 X107.387 Y110.963 E.00689
G1 X107.254 Y110.467 E.00688
G1 X107.215 Y109.954 E.00689
G1 X107.271 Y109.444 E.00687
G1 X107.42 Y108.951 E.0069
G1 X107.656 Y108.495 E.00688
G1 X107.972 Y108.09 E.00688
G1 X108.358 Y107.75 E.00689
G1 X108.799 Y107.487 E.00688
G1 X109.282 Y107.309 E.0069
G1 X109.788 Y107.223 E.00688
G1 X110.248 Y107.23 E.00616
;LAYER_CHANGE
;Z:0.68
;HEIGHT:0.08
;BEFORE_LAYER_CHANGE
G92 E0
;0.68


G1 E-3.5 F3600
;WIPE_START
G1 F7200
G1 X110.308 Y107.232 E-.02852
G1 X110.806 Y107.334 E-.24146
G1 X111.282 Y107.527 E-.24398
G1 X111.714 Y107.805 E-.24402
G1 X112.088 Y108.157 E-.24396
G1 X112.392 Y108.573 E-.24474
G1 X112.613 Y109.037 E-.24412
G1 X112.618 Y109.056 E-.0092
;WIPE_END
G1 Z.68 F9000
;AFTER_LAYER_CHANGE
;0.68
G1 X110.218 Y108.207
G1 E5 F2400
G1 F900
G1 X110.242 Y108.208 E.00032
G1 X110.664 Y108.318 E.00584
G1 X111.058 Y108.535 E.00603
G1 X111.37 Y108.819 E.00565
G1 X111.613 Y109.181 E.00584
G1 X111.768 Y109.638 E.00647
G1 X111.809 Y110.024 E.0052
G1 X111.75 Y110.456 E.00584
G1 X111.545 Y110.928 E.00689
G1 X111.338 Y111.217 E.00476
G1 X111.007 Y111.502 E.00585
G1 X110.509 Y111.727 E.00732
G1 X110.194 Y111.798 E.00433
G1 X109.758 Y111.792 E.00584
G1 X109.336 Y111.682 E.00584
G1 X108.942 Y111.465 E.00603
G1 X108.63 Y111.181 E.00565
G1 X108.387 Y110.819 E.00584
G1 X108.232 Y110.362 E.00647
G1 X108.191 Y109.976 E.0052
G1 X108.25 Y109.544 E.00584
G1 X108.455 Y109.072 E.00689
G1 X108.662 Y108.783 E.00476
G1 X108.993 Y108.498 E.00585
G1 X109.491 Y108.273 E.00732
G1 X109.806 Y108.202 E.00433
G1 X110.158 Y108.206 E.00472
G1 X110.275 Y107.732 F9000
;TYPE:Perimeter
;WIDTH:0.593206
G1 F900
G1 X110.358 Y107.736 E.00159
;WIDTH:0.585956
G1 X110.89 Y107.887 E.01046
;WIDTH:0.595984
G1 X111.384 Y108.168 E.01094
G1 X111.753 Y108.519 E.0098
;WIDTH:0.586392
G1 X112.038 Y108.947 E.00974
;WIDTH:0.582492
G1 X112.221 Y109.427 E.00966
;WIDTH:0.59128
G1 X112.292 Y110.083 E.0126
;WIDTH:0.588616
G1 X112.204 Y110.628 E.01049
;WIDTH:0.588788
G1 X111.991 Y111.139 E.01053
;WIDTH:0.590676
G1 X111.661 Y111.583 E.01055
G1 X111.233 Y111.932 E.01053
;WIDTH:0.587136
G1 X110.735 Y112.172 E.01048
;WIDTH:0.593206
G1 X110.194 Y112.288 E.0106
G1 X109.642 Y112.264 E.01059
;WIDTH:0.585958
G1 X109.11 Y112.113 E.01046
;WIDTH:0.595986
G1 X108.616 Y111.832 E.01094
G1 X108.23 Y111.457 E.01036
;WIDTH:0.587018
G1 X107.933 Y110.991 E.01047
;WIDTH:0.598304
G1 X107.744 Y110.422 E.01159
G1 X107.708 Y109.917 E.00979
;WIDTH:0.58862
G1 X107.796 Y109.372 E.01049
;WIDTH:0.58879
G1 X108.009 Y108.861 E.01053
;WIDTH:0.590682
G1 X108.339 Y108.417 E.01055
G1 X108.767 Y108.068 E.01053
;WIDTH:0.58714
G1 X109.265 Y107.828 E.01048
;WIDTH:0.593206
G1 X109.806 Y107.712 E.0106
G1 X110.215 Y107.73 E.00784
G1 X110.308 Y107.232 F9000
;TYPE:External perimeter
;WIDTH:0.419999
G1 F900
G1 X110.806 Y107.334 E.00681
G1 X111.282 Y107.527 E.00688
G1 X111.714 Y107.805 E.00688
G1 X112.088 Y108.157 E.00688
G1 X112.392 Y108.573 E.0069
G1 X112.613 Y109.037 E.00689
G1 X112.746 Y109.533 E.00688
G1 X112.785 Y110.045 E.00688
G1 X112.729 Y110.556 E.00689
G1 X112.58 Y111.049 E.0069
G1 X112.344 Y111.505 E.00688
G1 X112.028 Y111.91 E.00688
G1 X111.642 Y112.25 E.00689
G1 X111.201 Y112.513 E.00688
G1 X110.718 Y112.691 E.0069
G1 X110.212 Y112.777 E.00688
G1 X109.698 Y112.769 E.00689
G1 X109.194 Y112.666 E.00689
G1 X108.718 Y112.473 E.00688
G1 X108.286 Y112.195 E.00688
G1 X107.912 Y111.843 E.00688
G1 X107.608 Y111.427 E.0069
G1 X107.387 Y110.963 E.00689
G1 X107.254 Y110.467 E.00688
G1 X107.215 Y109.955 E.00688
G1 X107.271 Y109.444 E.00689
G1 X107.42 Y108.951 E.0069
G1 X107.656 Y108.495 E.00688
G1 X107.972 Y108.09 E.00688
G1 X108.358 Y107.75 E.00689
G1 X108.799 Y107.487 E.00688
G1 X109.282 Y107.309 E.0069
G1 X109.788 Y107.223 E.00688
G1 X110.248 Y107.23 E.00616
;LAYER_CHANGE
;Z:0.76
;HEIGHT:0.08
;BEFORE_LAYER_CHANGE
G92 E0
;0.76


G1 E-3.5 F3600
;WIPE_START
G1 F7200
G1 X110.308 Y107.232 E-.02852
G1 X110.806 Y107.334 E-.24146
G1 X111.282 Y107.527 E-.24398
G1 X111.714 Y107.805 E-.24402
G1 X112.088 Y108.157 E-.24396
G1 X112.392 Y108.573 E-.24474
G1 X112.613 Y109.037 E-.24412
G1 X112.618 Y109.056 E-.0092
;WIPE_END
G1 Z.76 F9000
;AFTER_LAYER_CHANGE
;0.76
G1 X110.218 Y108.207
G1 E5 F2400
G1 F900
G1 X110.242 Y108.208 E.00032
G1 X110.664 Y108.318 E.00584
G1 X111.058 Y108.535 E.00603
G1 X111.37 Y108.819 E.00565
G1 X111.613 Y109.181 E.00584
G1 X111.768 Y109.638 E.00647
G1 X111.809 Y110.024 E.0052
G1 X111.75 Y110.456 E.00584
G1 X111.545 Y110.928 E.00689
G1 X111.338 Y111.217 E.00476
G1 X111.007 Y111.502 E.00585
G1 X110.509 Y111.727 E.00732
G1 X110.194 Y111.798 E.00433
G1 X109.758 Y111.792 E.00584
G1 X109.336 Y111.682 E.00584
G1 X108.942 Y111.465 E.00603
G1 X108.63 Y111.181 E.00565
G1 X108.387 Y110.819 E.00584
G1 X108.232 Y110.362 E.00647
G1 X108.191 Y110.024 E.00456
G1 X108.25 Y109.544 E.00648
G1 X108.455 Y109.072 E.00689
G1 X108.662 Y108.783 E.00476
G1 X108.993 Y108.498 E.00585
G1 X109.491 Y108.273 E.00732
G1 X109.806 Y108.202 E.00433
G1 X110.158 Y108.206 E.00472
G1 X110.275 Y107.732 F9000
;TYPE:Perimeter
;WIDTH:0.593206
G1 F900
G1 X110.358 Y107.736 E.00159
;WIDTH:0.585956
G1 X110.89 Y107.887 E.01046
;WIDTH:0.595984
G1 X111.384 Y108.168 E.01094
G1 X111.753 Y108.519 E.0098
;WIDTH:0.586392
G1 X112.038 Y108.947 E.00974
;WIDTH:0.58249
G1 X112.221 Y109.427 E.00966
;WIDTH:0.59128
G1 X112.292 Y110.083 E.0126
;WIDTH:0.588616
G1 X112.204 Y110.628 E.01049
;WIDTH:0.588788
G1 X111.991 Y111.139 E.01053
;WIDTH:0.590678
G1 X111.661 Y111.583 E.01055
G1 X111.233 Y111.932 E.01053
;WIDTH:0.587136
G1 X110.735 Y112.172 E.01048
;WIDTH:0.593206
G1 X110.194 Y112.288 E.0106
G1 X109.642 Y112.264 E.01059
;WIDTH:0.585958
G1 X109.11 Y112.113 E.01046
;WIDTH:0.595986
G1 X108.616 Y111.832 E.01094
G1 X108.23 Y111.457 E.01036
;WIDTH:0.58702
G1 X107.933 Y110.991 E.01047
;WIDTH:0.598304
G1 X107.744 Y110.422 E.01159
G1 X107.708 Y109.917 E.00979
;WIDTH:0.588616
G1 X107.796 Y109.372 E.01049
;WIDTH:0.588792
G1 X108.009 Y108.861 E.01053
;WIDTH:0.590682
G1 X108.339 Y108.417 E.01055
G1 X108.767 Y108.068 E.01053
;WIDTH:0.58714
G1 X109.265 Y107.828 E.01048
;WIDTH:0.593206
G1 X109.806 Y107.712 E.0106
G1 X110.215 Y107.73 E.00784
G1 X110.308 Y107.232 F9000
;TYPE:External perimeter
;WIDTH:0.419999
G1 F900
G1 X110.806 Y107.334 E.00681
G1 X111.282 Y107.527 E.00688
G1 X111.714 Y107.805 E.00688
G1 X112.088 Y108.157 E.00688
G1 X112.392 Y108.573 E.0069
G1 X112.613 Y109.037 E.00689
G1 X112.746 Y109.533 E.00688
G1 X112.785 Y110.045 E.00688
G1 X112.729 Y110.556 E.00689
G1 X112.58 Y111.049 E.0069
G1 X112.344 Y111.505 E.00688
G1 X112.028 Y111.91 E.00688
G1 X111.642 Y112.25 E.00689
G1 X111.201 Y112.513 E.00688
G1 X110.718 Y112.691 E.0069
G1 X110.212 Y112.777 E.00688
G1 X109.698 Y112.769 E.00689
G1 X109.194 Y112.666 E.00689
G1 X108.718 Y112.473 E.00688
G1 X108.286 Y112.195 E.00688
G1 X107.912 Y111.843 E.00688
G1 X107.608 Y111.427 E.0069
G1 X107.387 Y110.963 E.00689
G1 X107.254 Y110.467 E.00688
G1 X107.215 Y109.955 E.00688
G1 X107.271 Y109.444 E.00689
G1 X107.42 Y108.951 E.0069
G1 X107.656 Y108.495 E.00688
G1 X107.972 Y108.09 E.00688
G1 X108.358 Y107.75 E.00689
G1 X108.799 Y107.487 E.00688
G1 X109.282 Y107.309 E.0069
G1 X109.788 Y107.223 E.00688
G1 X110.248 Y107.23 E.00616
;LAYER_CHANGE
;Z:0.84
;HEIGHT:0.08
;BEFORE_LAYER_CHANGE
G92 E0
;0.84


G1 E-3.5 F3600
;WIPE_START
G1 F7200
G1 X110.308 Y107.232 E-.02852
G1 X110.806 Y107.334 E-.24146
G1 X111.282 Y107.527 E-.24398
G1 X111.714 Y107.805 E-.24402
G1 X112.088 Y108.157 E-.24396
G1 X112.392 Y108.573 E-.24474
G1 X112.613 Y109.037 E-.24412
G1 X112.618 Y109.056 E-.0092
;WIPE_END
G1 Z.84 F9000
;AFTER_LAYER_CHANGE
;0.84
G1 X110.218 Y108.207
G1 E5 F2400
G1 F900
G1 X110.242 Y108.208 E.00032
G1 X110.664 Y108.318 E.00584
G1 X111.058 Y108.535 E.00603
G1 X111.37 Y108.819 E.00565
G1 X111.613 Y109.181 E.00584
G1 X111.768 Y109.638 E.00647
G1 X111.809 Y110.024 E.0052
G1 X111.75 Y110.456 E.00584
G1 X111.545 Y110.928 E.00689
G1 X111.338 Y111.217 E.00476
G1 X111.007 Y111.502 E.00585
G1 X110.509 Y111.727 E.00732
G1 X110.194 Y111.798 E.00433
G1 X109.758 Y111.792 E.00584
G1 X109.336 Y111.682 E.00584
G1 X108.942 Y111.465 E.00603
G1 X108.63 Y111.181 E.00565
G1 X108.387 Y110.819 E.00584
G1 X108.232 Y110.362 E.00647
G1 X108.191 Y109.976 E.0052
G1 X108.25 Y109.544 E.00584
G1 X108.455 Y109.072 E.00689
G1 X108.662 Y108.783 E.00476
G1 X108.993 Y108.498 E.00585
G1 X109.294 Y108.344 E.00453
G1 X109.801 Y108.202 E.00705
G1 X110.158 Y108.206 E.00478
G1 X110.275 Y107.732 F9000
;TYPE:Perimeter
;WIDTH:0.593206
G1 F900
G1 X110.358 Y107.736 E.00159
;WIDTH:0.585956
G1 X110.89 Y107.887 E.01046
;WIDTH:0.595984
G1 X111.384 Y108.168 E.01094
G1 X111.753 Y108.519 E.0098
;WIDTH:0.586392
G1 X112.038 Y108.947 E.00974
;WIDTH:0.582494
G1 X112.221 Y109.427 E.00966
;WIDTH:0.59128
G1 X112.292 Y110.083 E.0126
;WIDTH:0.588616
G1 X112.204 Y110.628 E.01049
;WIDTH:0.588788
G1 X111.991 Y111.139 E.01053
;WIDTH:0.590678
G1 X111.661 Y111.583 E.01055
G1 X111.233 Y111.932 E.01053
;WIDTH:0.587136
G1 X110.735 Y112.172 E.01048
;WIDTH:0.593206
G1 X110.194 Y112.288 E.0106
G1 X109.642 Y112.264 E.01059
;WIDTH:0.585956
G1 X109.11 Y112.113 E.01046
;WIDTH:0.595986
G1 X108.616 Y111.832 E.01094
G1 X108.23 Y111.457 E.01036
;WIDTH:0.587018
G1 X107.933 Y110.991 E.01047
;WIDTH:0.590908
G1 X107.753 Y110.468 E.01055
G1 X107.706 Y109.936 E.01019
;WIDTH:0.58834
G1 X107.779 Y109.427 E.00977
;WIDTH:0.582494
G1 X107.962 Y108.947 E.00966
;WIDTH:0.586394
G1 X108.247 Y108.519 E.00974
;WIDTH:0.595986
G1 X108.616 Y108.168 E.0098
;WIDTH:0.602468
G1 X108.978 Y107.947 E.00826
;WIDTH:0.613196
G1 X109.374 Y107.8 E.00837
G1 X109.806 Y107.712 E.00874
;WIDTH:0.593206
G1 X110.215 Y107.73 E.00784
G1 X110.308 Y107.232 F9000
;TYPE:External perimeter
;WIDTH:0.419999
G1 F900
G1 X110.806 Y107.334 E.00681
G1 X111.282 Y107.527 E.00688
G1 X111.714 Y107.805 E.00688
G1 X112.088 Y108.157 E.00688
G1 X112.392 Y108.573 E.0069
G1 X112.613 Y109.037 E.00689
G1 X112.746 Y109.533 E.00688
G1 X112.785 Y110.045 E.00688
G1 X112.729 Y110.556 E.00689
G1 X112.58 Y111.049 E.0069
G1 X112.344 Y111.505 E.00688
G1 X112.028 Y111.91 E.00688
G1 X111.642 Y112.25 E.00689
G1 X111.201 Y112.513 E.00688
G1 X110.718 Y112.691 E.0069
G1 X110.212 Y112.777 E.00688
G1 X109.698 Y112.769 E.00689
G1 X109.194 Y112.666 E.00689
G1 X108.718 Y112.473 E.00688
G1 X108.286 Y112.195 E.00688
G1 X107.912 Y111.843 E.00688
G1 X107.608 Y111.427 E.0069
G1 X107.387 Y110.963 E.00689
G1 X107.254 Y110.467 E.00688
G1 X107.215 Y109.955 E.00688
G1 X107.271 Y109.444 E.00689
G1 X107.42 Y108.951 E.0069
G1 X107.656 Y108.495 E.00688
G1 X107.972 Y108.09 E.00688
G1 X108.358 Y107.75 E.00689
G1 X108.799 Y107.487 E.00688
G1 X109.282 Y107.309 E.0069
G1 X109.788 Y107.223 E.00688
G1 X110.248 Y107.23 E.00616
;LAYER_CHANGE
;Z:0.92
;HEIGHT:0.08
;BEFORE_LAYER_CHANGE
G92 E0
;0.92


G1 E-3.5 F3600
;WIPE_START
G1 F7200
G1 X110.308 Y107.232 E-.02852
G1 X110.806 Y107.334 E-.24146
G1 X111.282 Y107.527 E-.24398
G1 X111.714 Y107.805 E-.24402
G1 X112.088 Y108.157 E-.24396
G1 X112.392 Y108.573 E-.24474
G1 X112.613 Y109.037 E-.24412
G1 X112.618 Y109.056 E-.0092
;WIPE_END
G1 Z.92 F9000
;AFTER_LAYER_CHANGE
;0.92
G1 X110.218 Y108.207
G1 E5 F2400
G1 F900
G1 X110.242 Y108.208 E.00032
G1 X110.664 Y108.318 E.00584
G1 X111.058 Y108.535 E.00603
G1 X111.37 Y108.819 E.00565
G1 X111.613 Y109.181 E.00584
G1 X111.768 Y109.638 E.00647
G1 X111.809 Y110.024 E.0052
G1 X111.75 Y110.456 E.00584
G1 X111.545 Y110.928 E.00689
G1 X111.338 Y111.217 E.00476
G1 X111.007 Y111.502 E.00585
G1 X110.509 Y111.727 E.00732
G1 X110.194 Y111.798 E.00433
G1 X109.758 Y111.792 E.00584
G1 X109.336 Y111.682 E.00584
G1 X108.942 Y111.465 E.00603
G1 X108.63 Y111.181 E.00565
G1 X108.387 Y110.819 E.00584
G1 X108.232 Y110.362 E.00647
G1 X108.206 Y110.036 E.00438
G1 X108.25 Y109.544 E.00662
G1 X108.455 Y109.072 E.00689
G1 X108.662 Y108.783 E.00476
G1 X108.993 Y108.498 E.00585
G1 X109.491 Y108.273 E.00732
G1 X109.806 Y108.202 E.00433
G1 X110.158 Y108.206 E.00472
G1 X110.275 Y107.732 F9000
;TYPE:Perimeter
;WIDTH:0.593206
G1 F900
G1 X110.358 Y107.736 E.00159
;WIDTH:0.585954
G1 X110.89 Y107.887 E.01046
;WIDTH:0.595984
G1 X111.384 Y108.168 E.01094
G1 X111.753 Y108.519 E.0098
;WIDTH:0.586392
G1 X112.038 Y108.947 E.00974
;WIDTH:0.582494
G1 X112.221 Y109.427 E.00966
;WIDTH:0.59128
G1 X112.292 Y110.083 E.0126
;WIDTH:0.588616
G1 X112.204 Y110.628 E.01049
;WIDTH:0.588788
G1 X111.991 Y111.139 E.01053
;WIDTH:0.590678
G1 X111.661 Y111.583 E.01055
G1 X111.233 Y111.932 E.01053
;WIDTH:0.587136
G1 X110.735 Y112.172 E.01048
;WIDTH:0.593206
G1 X110.194 Y112.288 E.0106
G1 X109.642 Y112.264 E.01059
;WIDTH:0.585956
G1 X109.11 Y112.113 E.01046
;WIDTH:0.595986
G1 X108.616 Y111.832 E.01094
G1 X108.247 Y111.481 E.0098
;WIDTH:0.586394
G1 X107.962 Y111.053 E.00974
;WIDTH:0.582494
G1 X107.779 Y110.573 E.00966
;WIDTH:0.608278
G1 X107.71 Y110 E.01135
G1 X107.796 Y109.372 E.01246
;WIDTH:0.58879
G1 X108.009 Y108.861 E.01053
;WIDTH:0.590682
G1 X108.339 Y108.417 E.01055
G1 X108.767 Y108.068 E.01053
;WIDTH:0.58714
G1 X109.265 Y107.828 E.01048
;WIDTH:0.593206
G1 X109.806 Y107.712 E.0106
G1 X110.215 Y107.73 E.00784
G1 X110.308 Y107.232 F9000
;TYPE:External perimeter
;WIDTH:0.419999
G1 F900
G1 X110.806 Y107.334 E.00681
G1 X111.282 Y107.527 E.00688
G1 X111.714 Y107.805 E.00688
G1 X112.088 Y108.157 E.00688
G1 X112.392 Y108.573 E.0069
G1 X112.613 Y109.037 E.00689
G1 X112.746 Y109.533 E.00688
G1 X112.785 Y110.045 E.00688
G1 X112.729 Y110.556 E.00689
G1 X112.58 Y111.049 E.0069
G1 X112.344 Y111.505 E.00688
G1 X112.028 Y111.91 E.00688
G1 X111.642 Y112.25 E.00689
G1 X111.201 Y112.513 E.00688
G1 X110.718 Y112.691 E.0069
G1 X110.212 Y112.777 E.00688
G1 X109.698 Y112.769 E.00689
G1 X109.194 Y112.666 E.00689
G1 X108.718 Y112.473 E.00688
G1 X108.286 Y112.195 E.00688
G1 X107.912 Y111.843 E.00688
G1 X107.608 Y111.427 E.0069
G1 X107.387 Y110.963 E.00689
G1 X107.254 Y110.467 E.00688
G1 X107.215 Y109.954 E.00689
G1 X107.275 Y109.431 E.00705
G1 X107.42 Y108.951 E.00672
G1 X107.656 Y108.495 E.00688
G1 X107.972 Y108.09 E.00688
G1 X108.358 Y107.75 E.00689
G1 X108.799 Y107.487 E.00688
G1 X109.282 Y107.309 E.0069
G1 X109.788 Y107.223 E.00688
G1 X110.248 Y107.23 E.00616
;LAYER_CHANGE
;Z:1
;HEIGHT:0.08
;BEFORE_LAYER_CHANGE
G92 E0
;1


G1 E-3.5 F3600
;WIPE_START
G1 F7200
G1 X110.308 Y107.232 E-.02852
G1 X110.806 Y107.334 E-.24146
G1 X111.282 Y107.527 E-.24398
G1 X111.714 Y107.805 E-.24402
G1 X112.088 Y108.157 E-.24396
G1 X112.392 Y108.573 E-.24474
G1 X112.613 Y109.037 E-.24412
G1 X112.618 Y109.056 E-.0092
;WIPE_END
G1 Z1 F9000
;AFTER_LAYER_CHANGE
;1
G1 X110.218 Y108.207
G1 E5 F2400
G1 F900
G1 X110.242 Y108.208 E.00032
G1 X110.664 Y108.318 E.00584
G1 X111.058 Y108.535 E.00603
G1 X111.37 Y108.819 E.00565
G1 X111.613 Y109.181 E.00584
G1 X111.768 Y109.638 E.00647
G1 X111.809 Y110.024 E.0052
G1 X111.75 Y110.456 E.00584
G1 X111.545 Y110.928 E.00689
G1 X111.338 Y111.217 E.00476
G1 X111.007 Y111.502 E.00585
G1 X110.509 Y111.727 E.00732
G1 X110.194 Y111.798 E.00433
G1 X109.758 Y111.792 E.00584
G1 X109.336 Y111.682 E.00584
G1 X108.942 Y111.465 E.00603
G1 X108.63 Y111.181 E.00565
G1 X108.387 Y110.819 E.00584
G1 X108.232 Y110.362 E.00647
G1 X108.191 Y110.024 E.00456
G1 X108.25 Y109.544 E.00648
G1 X108.455 Y109.072 E.00689
G1 X108.662 Y108.783 E.00476
G1 X108.993 Y108.498 E.00585
G1 X109.491 Y108.273 E.00732
G1 X109.806 Y108.202 E.00433
G1 X110.158 Y108.206 E.00472
G1 X110.275 Y107.732 F9000
;TYPE:Perimeter
;WIDTH:0.593206
G1 F900
G1 X110.358 Y107.736 E.00159
;WIDTH:0.585956
G1 X110.89 Y107.887 E.01046
;WIDTH:0.595984
G1 X111.384 Y108.168 E.01094
G1 X111.753 Y108.519 E.0098
;WIDTH:0.586392
G1 X112.038 Y108.947 E.00974
;WIDTH:0.582492
G1 X112.221 Y109.427 E.00966
;WIDTH:0.59128
G1 X112.292 Y110.083 E.0126
;WIDTH:0.588616
G1 X112.204 Y110.628 E.01049
;WIDTH:0.588788
G1 X111.991 Y111.139 E.01053
;WIDTH:0.590676
G1 X111.661 Y111.583 E.01055
G1 X111.233 Y111.932 E.01053
;WIDTH:0.587136
G1 X110.735 Y112.172 E.01048
;WIDTH:0.593206
G1 X110.194 Y112.288 E.0106
G1 X109.642 Y112.264 E.01059
;WIDTH:0.585958
G1 X109.11 Y112.113 E.01046
;WIDTH:0.595986
G1 X108.616 Y111.832 E.01094
G1 X108.23 Y111.457 E.01036
;WIDTH:0.587018
G1 X107.933 Y110.991 E.01047
;WIDTH:0.598302
G1 X107.744 Y110.422 E.01159
G1 X107.708 Y109.917 E.00979
;WIDTH:0.58862
G1 X107.796 Y109.372 E.01049
;WIDTH:0.58879
G1 X108.009 Y108.861 E.01053
;WIDTH:0.590682
G1 X108.339 Y108.417 E.01055
G1 X108.767 Y108.068 E.01053
;WIDTH:0.58714
G1 X109.265 Y107.828 E.01048
;WIDTH:0.593206
G1 X109.806 Y107.712 E.0106
G1 X110.215 Y107.73 E.00784
G1 X110.308 Y107.232 F9000
;TYPE:External perimeter
;WIDTH:0.419999
G1 F900
G1 X110.806 Y107.334 E.00681
G1 X111.282 Y107.527 E.00688
G1 X111.714 Y107.805 E.00688
G1 X112.088 Y108.157 E.00688
G1 X112.392 Y108.573 E.0069
G1 X112.613 Y109.037 E.00689
G1 X112.746 Y109.533 E.00688
G1 X112.785 Y110.045 E.00688
G1 X112.729 Y110.556 E.00689
G1 X112.58 Y111.049 E.0069
G1 X112.344 Y111.505 E.00688
G1 X112.028 Y111.91 E.00688
G1 X111.642 Y112.25 E.00689
G1 X111.201 Y112.513 E.00688
G1 X110.718 Y112.691 E.0069
G1 X110.212 Y112.777 E.00688
G1 X109.698 Y112.769 E.00689
G1 X109.194 Y112.666 E.00689
G1 X108.718 Y112.473 E.00688
G1 X108.286 Y112.195 E.00688
G1 X107.912 Y111.843 E.00688
G1 X107.608 Y111.427 E.0069
G1 X107.387 Y110.963 E.00689
G1 X107.254 Y110.467 E.00688
G1 X107.215 Y109.955 E.00688
G1 X107.271 Y109.444 E.00689
G1 X107.42 Y108.951 E.0069
G1 X107.656 Y108.495 E.00688
G1 X107.972 Y108.09 E.00688
G1 X108.358 Y107.75 E.00689
G1 X108.799 Y107.487 E.00688
G1 X109.282 Y107.309 E.0069
G1 X109.788 Y107.223 E.00688
G1 X110.248 Y107.23 E.00616
;LAYER_CHANGE
;Z:1.08
;HEIGHT:0.08
;BEFORE_LAYER_CHANGE
G92 E0
;1.08


G1 E-3.5 F3600
;WIPE_START
G1 F7200
G1 X110.308 Y107.232 E-.02852
G1 X110.806 Y107.334 E-.24146
G1 X111.282 Y107.527 E-.24398
G1 X111.714 Y107.805 E-.24402
G1 X112.088 Y108.157 E-.24396
G1 X112.392 Y108.573 E-.24474
G1 X112.613 Y109.037 E-.24412
G1 X112.618 Y109.056 E-.0092
;WIPE_END
G1 Z1.08 F9000
;AFTER_LAYER_CHANGE
;1.08
G1 X110.218 Y108.207
G1 E5 F2400
G1 F900
G1 X110.242 Y108.208 E.00032
G1 X110.664 Y108.318 E.00584
G1 X111.058 Y108.535 E.00603
G1 X111.37 Y108.819 E.00565
G1 X111.613 Y109.181 E.00584
G1 X111.768 Y109.638 E.00647
G1 X111.809 Y110.024 E.0052
G1 X111.75 Y110.456 E.00584
G1 X111.545 Y110.928 E.00689
G1 X111.338 Y111.217 E.00476
G1 X111.007 Y111.502 E.00585
G1 X110.509 Y111.727 E.00732
G1 X110.194 Y111.798 E.00433
G1 X109.758 Y111.792 E.00584
G1 X109.336 Y111.682 E.00584
G1 X108.942 Y111.465 E.00603
G1 X108.63 Y111.181 E.00565
G1 X108.387 Y110.819 E.00584
G1 X108.232 Y110.362 E.00647
G1 X108.191 Y109.976 E.0052
G1 X108.25 Y109.544 E.00584
G1 X108.484 Y109.058 E.00723
G1 X108.662 Y108.783 E.00439
G1 X108.993 Y108.498 E.00585
G1 X109.491 Y108.273 E.00732
G1 X109.806 Y108.202 E.00433
G1 X110.158 Y108.206 E.00472
G1 X110.275 Y107.732 F9000
;TYPE:Perimeter
;WIDTH:0.593206
G1 F900
G1 X110.358 Y107.736 E.00159
;WIDTH:0.585954
G1 X110.89 Y107.887 E.01046
;WIDTH:0.595984
G1 X111.384 Y108.168 E.01094
G1 X111.753 Y108.519 E.0098
;WIDTH:0.586392
G1 X112.038 Y108.947 E.00974
;WIDTH:0.582492
G1 X112.221 Y109.427 E.00966
;WIDTH:0.59128
G1 X112.292 Y110.083 E.0126
;WIDTH:0.588616
G1 X112.204 Y110.628 E.01049
;WIDTH:0.588788
G1 X111.991 Y111.139 E.01053
;WIDTH:0.590678
G1 X111.661 Y111.583 E.01055
G1 X111.233 Y111.932 E.01053
;WIDTH:0.587136
G1 X110.735 Y112.172 E.01048
;WIDTH:0.593206
G1 X110.194 Y112.288 E.0106
G1 X109.68 Y112.272 E.00985
;WIDTH:0.584766
G1 X109.182 Y112.143 E.00971
;WIDTH:0.583468
G1 X108.725 Y111.907 E.00969
;WIDTH:0.591824
G1 X108.302 Y111.548 E.0106
G1 X108.009 Y111.139 E.00962
;WIDTH:0.58879
G1 X107.796 Y110.628 E.01053
;WIDTH:0.58862
G1 X107.708 Y110.083 E.01049
;WIDTH:0.598304
G1 X107.744 Y109.578 E.00979
;WIDTH:0.60293
G1 X107.862 Y109.172 E.00824
;WIDTH:0.616082
G1 X108.056 Y108.797 E.00841
G1 X108.339 Y108.417 E.00944
;WIDTH:0.590682
G1 X108.767 Y108.068 E.01053
;WIDTH:0.58714
G1 X109.265 Y107.828 E.01048
;WIDTH:0.593206
G1 X109.806 Y107.712 E.0106
G1 X110.215 Y107.73 E.00784
G1 X110.308 Y107.232 F9000
;TYPE:External perimeter
;WIDTH:0.419999
G1 F900
G1 X110.806 Y107.334 E.00681
G1 X111.282 Y107.527 E.00688
G1 X111.714 Y107.805 E.00688
G1 X112.088 Y108.157 E.00688
G1 X112.392 Y108.573 E.0069
G1 X112.613 Y109.037 E.00689
G1 X112.746 Y109.533 E.00688
G1 X112.785 Y110.045 E.00688
G1 X112.729 Y110.556 E.00689
G1 X112.58 Y111.049 E.0069
G1 X112.344 Y111.505 E.00688
G1 X112.028 Y111.91 E.00688
G1 X111.642 Y112.25 E.00689
G1 X111.201 Y112.513 E.00688
G1 X110.718 Y112.691 E.0069
G1 X110.212 Y112.777 E.00688
G1 X109.698 Y112.769 E.00689
G1 X109.194 Y112.666 E.00689
G1 X108.718 Y112.473 E.00688
G1 X108.286 Y112.195 E.00688
G1 X107.912 Y111.843 E.00688
G1 X107.608 Y111.427 E.0069
G1 X107.387 Y110.963 E.00689
G1 X107.254 Y110.467 E.00688
G1 X107.215 Y109.955 E.00688
G1 X107.271 Y109.444 E.00689
G1 X107.42 Y108.951 E.0069
G1 X107.657 Y108.495 E.00689
G1 X107.972 Y108.09 E.00687
G1 X108.358 Y107.75 E.00689
G1 X108.799 Y107.487 E.00688
G1 X109.282 Y107.309 E.0069
G1 X109.788 Y107.223 E.00688
G1 X110.248 Y107.23 E.00616
;LAYER_CHANGE
;Z:1.16
;HEIGHT:0.0799999
;BEFORE_LAYER_CHANGE
G92 E0
;1.16


G1 E-3.5 F3600
;WIPE_START
G1 F7200
G1 X110.308 Y107.232 E-.02852
G1 X110.806 Y107.334 E-.24146
G1 X111.282 Y107.527 E-.24398
G1 X111.714 Y107.805 E-.24402
G1 X112.088 Y108.157 E-.24396
G1 X112.392 Y108.573 E-.24474
G1 X112.613 Y109.037 E-.24412
G1 X112.618 Y109.056 E-.0092
;WIPE_END
G1 Z1.16 F9000
;AFTER_LAYER_CHANGE
;1.16
G1 X110.218 Y108.207
G1 E5 F2400
G1 F900
G1 X110.242 Y108.208 E.00032
G1 X110.664 Y108.318 E.00584
G1 X111.058 Y108.535 E.00603
G1 X111.37 Y108.819 E.00565
G1 X111.613 Y109.181 E.00584
G1 X111.768 Y109.638 E.00647
G1 X111.809 Y110.024 E.0052
G1 X111.75 Y110.456 E.00584
G1 X111.545 Y110.928 E.00689
G1 X111.338 Y111.217 E.00476
G1 X111.007 Y111.502 E.00585
G1 X110.509 Y111.727 E.00732
G1 X110.194 Y111.798 E.00433
G1 X109.758 Y111.792 E.00584
G1 X109.336 Y111.682 E.00584
G1 X108.942 Y111.465 E.00603
G1 X108.63 Y111.181 E.00565
G1 X108.387 Y110.819 E.00584
G1 X108.232 Y110.362 E.00647
G1 X108.191 Y109.976 E.0052
G1 X108.25 Y109.544 E.00584
G1 X108.455 Y109.072 E.00689
G1 X108.662 Y108.783 E.00476
G1 X108.993 Y108.498 E.00585
G1 X109.491 Y108.273 E.00732
G1 X109.806 Y108.202 E.00433
G1 X110.158 Y108.206 E.00472
G1 X110.275 Y107.732 F9000
;TYPE:Perimeter
;WIDTH:0.593206
G1 F900
G1 X110.358 Y107.736 E.00159
;WIDTH:0.585954
G1 X110.89 Y107.887 E.01046
;WIDTH:0.595984
G1 X111.384 Y108.168 E.01094
G1 X111.753 Y108.519 E.0098
;WIDTH:0.586392
G1 X112.038 Y108.947 E.00974
;WIDTH:0.582492
G1 X112.221 Y109.427 E.00966
;WIDTH:0.59128
G1 X112.292 Y110.083 E.0126
;WIDTH:0.588616
G1 X112.204 Y110.628 E.01049
;WIDTH:0.588788
G1 X111.991 Y111.139 E.01053
;WIDTH:0.590678
G1 X111.661 Y111.583 E.01055
G1 X111.233 Y111.932 E.01053
;WIDTH:0.587136
G1 X110.735 Y112.172 E.01048
;WIDTH:0.593206
G1 X110.194 Y112.288 E.0106
G1 X109.642 Y112.264 E.01059
;WIDTH:0.585956
G1 X109.11 Y112.113 E.01046
;WIDTH:0.595986
G1 X108.616 Y111.832 E.01094
G1 X108.23 Y111.457 E.01036
;WIDTH:0.587018
G1 X107.933 Y110.991 E.01047
;WIDTH:0.598302
G1 X107.744 Y110.422 E.01159
G1 X107.708 Y109.917 E.00979
;WIDTH:0.588616
G1 X107.796 Y109.372 E.01049
;WIDTH:0.58879
G1 X108.009 Y108.861 E.01053
;WIDTH:0.590682
G1 X108.339 Y108.417 E.01055
G1 X108.767 Y108.068 E.01053
;WIDTH:0.58714
G1 X109.265 Y107.828 E.01048
;WIDTH:0.593206
G1 X109.806 Y107.712 E.0106
G1 X110.215 Y107.73 E.00784
G1 X110.308 Y107.232 F9000
;TYPE:External perimeter
;WIDTH:0.419999
G1 F900
G1 X110.806 Y107.334 E.00681
G1 X111.282 Y107.527 E.00688
G1 X111.714 Y107.805 E.00688
G1 X112.088 Y108.157 E.00688
G1 X112.392 Y108.573 E.0069
G1 X112.613 Y109.037 E.00689
G1 X112.746 Y109.533 E.00688
G1 X112.785 Y110.045 E.00688
G1 X112.729 Y110.556 E.00689
G1 X112.58 Y111.049 E.0069
G1 X112.344 Y111.505 E.00688
G1 X112.028 Y111.91 E.00688
G1 X111.642 Y112.25 E.00689
G1 X111.201 Y112.513 E.00688
G1 X110.718 Y112.691 E.0069
G1 X110.212 Y112.777 E.00688
G1 X109.698 Y112.769 E.00689
G1 X109.194 Y112.666 E.00689
G1 X108.718 Y112.473 E.00688
G1 X108.286 Y112.195 E.00688
G1 X107.912 Y111.843 E.00688
G1 X107.608 Y111.427 E.0069
G1 X107.387 Y110.963 E.00689
G1 X107.254 Y110.467 E.00688
G1 X107.215 Y109.955 E.00688
G1 X107.271 Y109.444 E.00689
G1 X107.42 Y108.951 E.0069
G1 X107.656 Y108.495 E.00688
G1 X107.972 Y108.09 E.00688
G1 X108.358 Y107.75 E.00689
G1 X108.799 Y107.487 E.00688
G1 X109.282 Y107.309 E.0069
G1 X109.788 Y107.223 E.00688
G1 X110.248 Y107.23 E.00616
;LAYER_CHANGE
;Z:1.24
;HEIGHT:0.08
;BEFORE_LAYER_CHANGE
G92 E0
;1.24


G1 E-3.5 F3600
;WIPE_START
G1 F7200
G1 X110.308 Y107.232 E-.02852
G1 X110.806 Y107.334 E-.24146
G1 X111.282 Y107.527 E-.24398
G1 X111.714 Y107.805 E-.24402
G1 X112.088 Y108.157 E-.24396
G1 X112.392 Y108.573 E-.24474
G1 X112.613 Y109.037 E-.24412
G1 X112.618 Y109.056 E-.0092
;WIPE_END
G1 Z1.24 F9000
;AFTER_LAYER_CHANGE
;1.24
G1 X110.218 Y108.207
G1 E5 F2400
G1 F900
G1 X110.242 Y108.208 E.00032
G1 X110.664 Y108.318 E.00584
G1 X111.058 Y108.535 E.00603
G1 X111.37 Y108.819 E.00565
G1 X111.613 Y109.181 E.00584
G1 X111.768 Y109.638 E.00647
G1 X111.809 Y110.024 E.0052
G1 X111.75 Y110.456 E.00584
G1 X111.545 Y110.928 E.00689
G1 X111.338 Y111.217 E.00476
G1 X111.007 Y111.502 E.00585
G1 X110.509 Y111.727 E.00732
G1 X110.194 Y111.798 E.00433
G1 X109.758 Y111.792 E.00584
G1 X109.336 Y111.682 E.00584
G1 X108.942 Y111.465 E.00603
G1 X108.63 Y111.181 E.00565
G1 X108.387 Y110.819 E.00584
G1 X108.232 Y110.362 E.00647
G1 X108.191 Y109.976 E.0052
G1 X108.25 Y109.544 E.00584
G1 X108.455 Y109.072 E.00689
G1 X108.662 Y108.783 E.00476
G1 X108.993 Y108.498 E.00585
G1 X109.491 Y108.273 E.00732
G1 X109.806 Y108.202 E.00433
G1 X110.158 Y108.206 E.00472
G1 X110.275 Y107.732 F9000
;TYPE:Perimeter
;WIDTH:0.593206
G1 F900
G1 X110.358 Y107.736 E.00159
;WIDTH:0.585954
G1 X110.89 Y107.887 E.01046
;WIDTH:0.595984
G1 X111.384 Y108.168 E.01094
G1 X111.753 Y108.519 E.0098
;WIDTH:0.586392
G1 X112.038 Y108.947 E.00974
;WIDTH:0.582492
G1 X112.221 Y109.427 E.00966
;WIDTH:0.59128
G1 X112.292 Y110.083 E.0126
;WIDTH:0.588616
G1 X112.204 Y110.628 E.01049
;WIDTH:0.588788
G1 X111.991 Y111.139 E.01053
;WIDTH:0.590678
G1 X111.661 Y111.583 E.01055
G1 X111.233 Y111.932 E.01053
;WIDTH:0.587136
G1 X110.735 Y112.172 E.01048
;WIDTH:0.593206
G1 X110.194 Y112.288 E.0106
G1 X109.642 Y112.264 E.01059
;WIDTH:0.585958
G1 X109.11 Y112.113 E.01046
;WIDTH:0.595986
G1 X108.616 Y111.832 E.01094
G1 X108.23 Y111.457 E.01036
;WIDTH:0.587018
G1 X107.933 Y110.991 E.01047
;WIDTH:0.598304
G1 X107.744 Y110.422 E.01159
G1 X107.708 Y109.917 E.00979
;WIDTH:0.58862
G1 X107.796 Y109.372 E.01049
;WIDTH:0.58879
G1 X108.009 Y108.861 E.01053
;WIDTH:0.590682
G1 X108.339 Y108.417 E.01055
G1 X108.767 Y108.068 E.01053
;WIDTH:0.58714
G1 X109.265 Y107.828 E.01048
;WIDTH:0.593206
G1 X109.806 Y107.712 E.0106
G1 X110.215 Y107.73 E.00784
G1 X110.308 Y107.232 F9000
;TYPE:External perimeter
;WIDTH:0.419999
G1 F900
G1 X110.806 Y107.334 E.00681
G1 X111.282 Y107.527 E.00688
G1 X111.714 Y107.805 E.00688
G1 X112.088 Y108.157 E.00688
G1 X112.392 Y108.573 E.0069
G1 X112.613 Y109.037 E.00689
G1 X112.746 Y109.533 E.00688
G1 X112.785 Y110.045 E.00688
G1 X112.729 Y110.556 E.00689
G1 X112.58 Y111.049 E.0069
G1 X112.344 Y111.505 E.00688
G1 X112.028 Y111.91 E.00688
G1 X111.642 Y112.25 E.00689
G1 X111.201 Y112.513 E.00688
G1 X110.718 Y112.691 E.0069
G1 X110.212 Y112.777 E.00688
G1 X109.698 Y112.769 E.00689
G1 X109.194 Y112.666 E.00689
G1 X108.718 Y112.473 E.00688
G1 X108.286 Y112.195 E.00688
G1 X107.912 Y111.843 E.00688
G1 X107.608 Y111.427 E.0069
G1 X107.387 Y110.963 E.00689
G1 X107.254 Y110.467 E.00688
G1 X107.215 Y109.955 E.00688
G1 X107.271 Y109.444 E.00689
G1 X107.42 Y108.951 E.0069
G1 X107.656 Y108.495 E.00688
G1 X107.972 Y108.09 E.00688
G1 X108.358 Y107.75 E.00689
G1 X108.799 Y107.487 E.00688
G1 X109.282 Y107.309 E.0069
G1 X109.788 Y107.223 E.00688
G1 X110.248 Y107.23 E.00616
;LAYER_CHANGE
;Z:1.32
;HEIGHT:0.08
;BEFORE_LAYER_CHANGE
G92 E0
;1.32


G1 E-3.5 F3600
;WIPE_START
G1 F7200
G1 X110.308 Y107.232 E-.02852
G1 X110.806 Y107.334 E-.24146
G1 X111.282 Y107.527 E-.24398
G1 X111.714 Y107.805 E-.24402
G1 X112.088 Y108.157 E-.24396
G1 X112.392 Y108.573 E-.24474
G1 X112.613 Y109.037 E-.24412
G1 X112.618 Y109.056 E-.0092
;WIPE_END
G1 Z1.32 F9000
;AFTER_LAYER_CHANGE
;1.32
G1 X110.218 Y108.207
G1 E5 F2400
G1 F900
G1 X110.242 Y108.208 E.00032
G1 X110.664 Y108.318 E.00584
G1 X111.058 Y108.535 E.00603
G1 X111.37 Y108.819 E.00565
G1 X111.613 Y109.181 E.00584
G1 X111.768 Y109.638 E.00647
G1 X111.809 Y110.024 E.0052
G1 X111.75 Y110.456 E.00584
G1 X111.545 Y110.928 E.00689
G1 X111.338 Y111.217 E.00476
G1 X111.007 Y111.502 E.00585
G1 X110.509 Y111.727 E.00732
G1 X110.194 Y111.798 E.00433
G1 X109.758 Y111.792 E.00584
G1 X109.336 Y111.682 E.00584
G1 X108.942 Y111.465 E.00603
G1 X108.63 Y111.181 E.00565
G1 X108.387 Y110.819 E.00584
G1 X108.232 Y110.362 E.00647
G1 X108.191 Y109.976 E.0052
G1 X108.25 Y109.544 E.00584
G1 X108.455 Y109.072 E.00689
G1 X108.662 Y108.783 E.00476
G1 X108.993 Y108.498 E.00585
G1 X109.491 Y108.273 E.00732
G1 X109.806 Y108.202 E.00433
G1 X110.158 Y108.206 E.00472
G1 X110.275 Y107.732 F9000
;TYPE:Perimeter
;WIDTH:0.593206
G1 F900
G1 X110.358 Y107.736 E.00159
;WIDTH:0.585954
G1 X110.89 Y107.887 E.01046
;WIDTH:0.595984
G1 X111.384 Y108.168 E.01094
G1 X111.753 Y108.519 E.0098
;WIDTH:0.586392
G1 X112.038 Y108.947 E.00974
;WIDTH:0.582492
G1 X112.221 Y109.427 E.00966
;WIDTH:0.59128
G1 X112.292 Y110.083 E.0126
;WIDTH:0.588616
G1 X112.204 Y110.628 E.01049
;WIDTH:0.588788
G1 X111.991 Y111.139 E.01053
;WIDTH:0.590678
G1 X111.661 Y111.583 E.01055
G1 X111.233 Y111.932 E.01053
;WIDTH:0.587138
G1 X110.735 Y112.172 E.01048
;WIDTH:0.593206
G1 X110.194 Y112.288 E.0106
G1 X109.642 Y112.264 E.01059
;WIDTH:0.585956
G1 X109.11 Y112.113 E.01046
;WIDTH:0.595986
G1 X108.616 Y111.832 E.01094
G1 X108.23 Y111.457 E.01036
;WIDTH:0.587018
G1 X107.933 Y110.991 E.01047
;WIDTH:0.598304
G1 X107.744 Y110.422 E.01159
G1 X107.708 Y109.917 E.00979
;WIDTH:0.58862
G1 X107.796 Y109.372 E.01049
;WIDTH:0.58879
G1 X108.009 Y108.861 E.01053
;WIDTH:0.590682
G1 X108.339 Y108.417 E.01055
G1 X108.767 Y108.068 E.01053
;WIDTH:0.58714
G1 X109.265 Y107.828 E.01048
;WIDTH:0.593206
G1 X109.806 Y107.712 E.0106
G1 X110.215 Y107.73 E.00784
G1 X110.308 Y107.232 F9000
;TYPE:External perimeter
;WIDTH:0.419999
G1 F900
G1 X110.806 Y107.334 E.00681
G1 X111.282 Y107.527 E.00688
G1 X111.714 Y107.805 E.00688
G1 X112.088 Y108.157 E.00688
G1 X112.392 Y108.573 E.0069
G1 X112.613 Y109.037 E.00689
G1 X112.746 Y109.533 E.00688
G1 X112.785 Y110.045 E.00688
G1 X112.729 Y110.556 E.00689
G1 X112.58 Y111.049 E.0069
G1 X112.344 Y111.505 E.00688
G1 X112.028 Y111.91 E.00688
G1 X111.642 Y112.25 E.00689
G1 X111.201 Y112.513 E.00688
G1 X110.718 Y112.691 E.0069
G1 X110.212 Y112.777 E.00688
G1 X109.698 Y112.769 E.00689
G1 X109.194 Y112.666 E.00689
G1 X108.718 Y112.473 E.00688
G1 X108.286 Y112.195 E.00688
G1 X107.912 Y111.843 E.00688
G1 X107.608 Y111.427 E.0069
G1 X107.387 Y110.963 E.00689
G1 X107.254 Y110.467 E.00688
G1 X107.215 Y109.955 E.00688
G1 X107.271 Y109.444 E.00689
G1 X107.42 Y108.951 E.0069
G1 X107.656 Y108.495 E.00688
G1 X107.972 Y108.09 E.00688
G1 X108.358 Y107.75 E.00689
G1 X108.799 Y107.487 E.00688
G1 X109.282 Y107.309 E.0069
G1 X109.788 Y107.223 E.00688
G1 X110.248 Y107.23 E.00616
;LAYER_CHANGE
;Z:1.4
;HEIGHT:0.0799999
;BEFORE_LAYER_CHANGE
G92 E0
;1.4


G1 E-3.5 F3600
;WIPE_START
G1 F7200
G1 X110.308 Y107.232 E-.02852
G1 X110.806 Y107.334 E-.24146
G1 X111.282 Y107.527 E-.24398
G1 X111.714 Y107.805 E-.24402
G1 X112.088 Y108.157 E-.24396
G1 X112.392 Y108.573 E-.24474
G1 X112.613 Y109.037 E-.24412
G1 X112.618 Y109.056 E-.0092
;WIPE_END
G1 Z1.4 F9000
;AFTER_LAYER_CHANGE
;1.4
G1 X110.218 Y108.207
G1 E5 F2400
G1 F900
G1 X110.242 Y108.208 E.00032
G1 X110.664 Y108.318 E.00584
G1 X111.058 Y108.535 E.00603
G1 X111.37 Y108.819 E.00565
G1 X111.613 Y109.181 E.00584
G1 X111.768 Y109.638 E.00647
G1 X111.809 Y110.024 E.0052
G1 X111.75 Y110.456 E.00584
G1 X111.545 Y110.928 E.00689
G1 X111.338 Y111.217 E.00476
G1 X111.007 Y111.502 E.00585
G1 X110.509 Y111.727 E.00732
G1 X110.194 Y111.798 E.00433
G1 X109.758 Y111.792 E.00584
G1 X109.336 Y111.682 E.00584
G1 X108.942 Y111.465 E.00603
G1 X108.63 Y111.181 E.00565
G1 X108.387 Y110.819 E.00584
G1 X108.232 Y110.362 E.00647
G1 X108.191 Y109.976 E.0052
G1 X108.25 Y109.544 E.00584
G1 X108.455 Y109.072 E.00689
G1 X108.662 Y108.783 E.00476
G1 X108.993 Y108.498 E.00585
G1 X109.491 Y108.273 E.00732
G1 X109.806 Y108.202 E.00433
G1 X110.158 Y108.206 E.00472
G1 X110.275 Y107.732 F9000
;TYPE:Perimeter
;WIDTH:0.593206
G1 F900
G1 X110.358 Y107.736 E.00159
;WIDTH:0.585954
G1 X110.89 Y107.887 E.01046
;WIDTH:0.595984
G1 X111.384 Y108.168 E.01094
G1 X111.753 Y108.519 E.0098
;WIDTH:0.586392
G1 X112.038 Y108.947 E.00974
;WIDTH:0.582492
G1 X112.221 Y109.427 E.00966
;WIDTH:0.59128
G1 X112.292 Y110.083 E.0126
;WIDTH:0.588616
G1 X112.204 Y110.628 E.01049
;WIDTH:0.588788
G1 X111.991 Y111.139 E.01053
;WIDTH:0.590678
G1 X111.661 Y111.583 E.01055
G1 X111.233 Y111.932 E.01053
;WIDTH:0.587136
G1 X110.735 Y112.172 E.01048
;WIDTH:0.593206
G1 X110.194 Y112.288 E.0106
G1 X109.642 Y112.264 E.01059
;WIDTH:0.585958
G1 X109.11 Y112.113 E.01046
;WIDTH:0.595986
G1 X108.616 Y111.832 E.01094
G1 X108.23 Y111.457 E.01036
;WIDTH:0.587018
G1 X107.933 Y110.991 E.01047
;WIDTH:0.598304
G1 X107.744 Y110.422 E.01159
G1 X107.708 Y109.917 E.00979
;WIDTH:0.58862
G1 X107.796 Y109.372 E.01049
;WIDTH:0.58879
G1 X108.009 Y108.861 E.01053
;WIDTH:0.590682
G1 X108.339 Y108.417 E.01055
G1 X108.767 Y108.068 E.01053
;WIDTH:0.58714
G1 X109.265 Y107.828 E.01048
;WIDTH:0.593206
G1 X109.806 Y107.712 E.0106
G1 X110.215 Y107.73 E.00784
G1 X110.308 Y107.232 F9000
;TYPE:External perimeter
;WIDTH:0.419999
G1 F900
G1 X110.806 Y107.334 E.00681
G1 X111.282 Y107.527 E.00688
G1 X111.714 Y107.805 E.00688
G1 X112.088 Y108.157 E.00688
G1 X112.392 Y108.573 E.0069
G1 X112.613 Y109.037 E.00689
G1 X112.746 Y109.533 E.00688
G1 X112.785 Y110.045 E.00688
G1 X112.729 Y110.556 E.00689
G1 X112.58 Y111.049 E.0069
G1 X112.344 Y111.505 E.00688
G1 X112.028 Y111.91 E.00688
G1 X111.642 Y112.25 E.00689
G1 X111.201 Y112.513 E.00688
G1 X110.718 Y112.691 E.0069
G1 X110.212 Y112.777 E.00688
G1 X109.698 Y112.769 E.00689
G1 X109.194 Y112.666 E.00689
G1 X108.718 Y112.473 E.00688
G1 X108.286 Y112.195 E.00688
G1 X107.912 Y111.843 E.00688
G1 X107.608 Y111.427 E.0069
G1 X107.387 Y110.963 E.00689
G1 X107.254 Y110.467 E.00688
G1 X107.215 Y109.955 E.00688
G1 X107.271 Y109.444 E.00689
G1 X107.42 Y108.951 E.0069
G1 X107.656 Y108.495 E.00688
G1 X107.972 Y108.09 E.00688
G1 X108.358 Y107.75 E.00689
G1 X108.799 Y107.487 E.00688
G1 X109.282 Y107.309 E.0069
G1 X109.788 Y107.223 E.00688
G1 X110.248 Y107.23 E.00616
;LAYER_CHANGE
;Z:1.48
;HEIGHT:0.08
;BEFORE_LAYER_CHANGE
G92 E0
;1.48


G1 E-3.5 F3600
;WIPE_START
G1 F7200
G1 X110.308 Y107.232 E-.02852
G1 X110.806 Y107.334 E-.24146
G1 X111.282 Y107.527 E-.24398
G1 X111.714 Y107.805 E-.24402
G1 X112.088 Y108.157 E-.24396
G1 X112.392 Y108.573 E-.24474
G1 X112.613 Y109.037 E-.24412
G1 X112.618 Y109.056 E-.0092
;WIPE_END
G1 Z1.48 F9000
;AFTER_LAYER_CHANGE
;1.48
G1 X110.218 Y108.207
G1 E5 F2400
G1 F900
G1 X110.242 Y108.208 E.00032
G1 X110.664 Y108.318 E.00584
G1 X111.058 Y108.535 E.00603
G1 X111.37 Y108.819 E.00565
G1 X111.613 Y109.181 E.00584
G1 X111.768 Y109.638 E.00647
G1 X111.809 Y110.024 E.0052
G1 X111.75 Y110.456 E.00584
G1 X111.545 Y110.928 E.00689
G1 X111.338 Y111.217 E.00476
G1 X111.007 Y111.502 E.00585
G1 X110.509 Y111.727 E.00732
G1 X110.194 Y111.798 E.00433
G1 X109.758 Y111.792 E.00584
G1 X109.336 Y111.682 E.00584
G1 X108.942 Y111.465 E.00603
G1 X108.63 Y111.181 E.00565
G1 X108.387 Y110.819 E.00584
G1 X108.232 Y110.362 E.00647
G1 X108.191 Y110.024 E.00456
G1 X108.25 Y109.544 E.00648
G1 X108.455 Y109.072 E.00689
G1 X108.662 Y108.783 E.00476
G1 X108.993 Y108.498 E.00585
G1 X109.491 Y108.273 E.00732
G1 X109.806 Y108.202 E.00433
G1 X110.158 Y108.206 E.00472
G1 X110.275 Y107.732 F9000
;TYPE:Perimeter
;WIDTH:0.593206
G1 F900
G1 X110.358 Y107.736 E.00159
;WIDTH:0.585954
G1 X110.89 Y107.887 E.01046
;WIDTH:0.595984
G1 X111.384 Y108.168 E.01094
G1 X111.753 Y108.519 E.0098
;WIDTH:0.586392
G1 X112.038 Y108.947 E.00974
;WIDTH:0.582492
G1 X112.221 Y109.427 E.00966
;WIDTH:0.59128
G1 X112.292 Y110.083 E.0126
;WIDTH:0.588616
G1 X112.204 Y110.628 E.01049
;WIDTH:0.588788
G1 X111.991 Y111.139 E.01053
;WIDTH:0.590678
G1 X111.661 Y111.583 E.01055
G1 X111.233 Y111.932 E.01053
;WIDTH:0.587136
G1 X110.735 Y112.172 E.01048
;WIDTH:0.593206
G1 X110.194 Y112.288 E.0106
G1 X109.642 Y112.264 E.01059
;WIDTH:0.585956
G1 X109.11 Y112.113 E.01046
;WIDTH:0.595986
G1 X108.616 Y111.832 E.01094
G1 X108.23 Y111.457 E.01036
;WIDTH:0.587018
G1 X107.933 Y110.991 E.01047
;WIDTH:0.598304
G1 X107.744 Y110.422 E.01159
G1 X107.708 Y109.917 E.00979
;WIDTH:0.58862
G1 X107.796 Y109.372 E.01049
;WIDTH:0.58879
G1 X108.009 Y108.861 E.01053
;WIDTH:0.590682
G1 X108.339 Y108.417 E.01055
G1 X108.767 Y108.068 E.01053
;WIDTH:0.58714
G1 X109.265 Y107.828 E.01048
;WIDTH:0.593206
G1 X109.806 Y107.712 E.0106
G1 X110.215 Y107.73 E.00784
G1 X110.308 Y107.232 F9000
;TYPE:External perimeter
;WIDTH:0.419999
G1 F900
G1 X110.806 Y107.334 E.00681
G1 X111.282 Y107.527 E.00688
G1 X111.714 Y107.805 E.00688
G1 X112.088 Y108.157 E.00688
G1 X112.392 Y108.573 E.0069
G1 X112.613 Y109.037 E.00689
G1 X112.746 Y109.533 E.00688
G1 X112.785 Y110.045 E.00688
G1 X112.729 Y110.556 E.00689
G1 X112.58 Y111.049 E.0069
G1 X112.344 Y111.505 E.00688
G1 X112.028 Y111.91 E.00688
G1 X111.642 Y112.25 E.00689
G1 X111.201 Y112.513 E.00688
G1 X110.718 Y112.691 E.0069
G1 X110.212 Y112.777 E.00688
G1 X109.698 Y112.769 E.00689
G1 X109.194 Y112.666 E.00689
G1 X108.718 Y112.473 E.00688
G1 X108.286 Y112.195 E.00688
G1 X107.912 Y111.843 E.00688
G1 X107.608 Y111.427 E.0069
G1 X107.387 Y110.963 E.00689
G1 X107.254 Y110.467 E.00688
G1 X107.215 Y109.955 E.00688
G1 X107.271 Y109.444 E.00689
G1 X107.42 Y108.951 E.0069
G1 X107.656 Y108.495 E.00688
G1 X107.972 Y108.09 E.00688
G1 X108.358 Y107.75 E.00689
G1 X108.799 Y107.487 E.00688
G1 X109.282 Y107.309 E.0069
G1 X109.788 Y107.223 E.00688
G1 X110.248 Y107.23 E.00616
;LAYER_CHANGE
;Z:1.56
;HEIGHT:0.0799999
;BEFORE_LAYER_CHANGE
G92 E0
;1.56


G1 E-3.5 F3600
;WIPE_START
G1 F7200
G1 X110.308 Y107.232 E-.02852
G1 X110.806 Y107.334 E-.24146
G1 X111.282 Y107.527 E-.24398
G1 X111.714 Y107.805 E-.24402
G1 X112.088 Y108.157 E-.24396
G1 X112.392 Y108.573 E-.24474
G1 X112.613 Y109.037 E-.24412
G1 X112.618 Y109.056 E-.0092
;WIPE_END
G1 Z1.56 F9000
;AFTER_LAYER_CHANGE
;1.56
G1 X110.218 Y108.207
G1 E5 F2400
G1 F900
G1 X110.242 Y108.208 E.00032
G1 X110.664 Y108.318 E.00584
G1 X111.058 Y108.535 E.00603
G1 X111.37 Y108.819 E.00565
G1 X111.613 Y109.181 E.00584
G1 X111.768 Y109.638 E.00647
G1 X111.809 Y110.024 E.0052
G1 X111.75 Y110.456 E.00584
G1 X111.545 Y110.928 E.00689
G1 X111.338 Y111.217 E.00476
G1 X111.007 Y111.502 E.00585
G1 X110.509 Y111.727 E.00732
G1 X110.194 Y111.798 E.00433
G1 X109.758 Y111.792 E.00584
G1 X109.336 Y111.682 E.00584
G1 X108.942 Y111.465 E.00603
G1 X108.63 Y111.181 E.00565
G1 X108.387 Y110.819 E.00584
G1 X108.232 Y110.362 E.00647
G1 X108.191 Y110.024 E.00456
G1 X108.25 Y109.544 E.00648
G1 X108.455 Y109.072 E.00689
G1 X108.662 Y108.783 E.00476
G1 X108.993 Y108.498 E.00585
G1 X109.491 Y108.273 E.00732
G1 X109.806 Y108.202 E.00433
G1 X110.158 Y108.206 E.00472
G1 X110.275 Y107.732 F9000
;TYPE:Perimeter
;WIDTH:0.593206
G1 F900
G1 X110.358 Y107.736 E.00159
;WIDTH:0.585956
G1 X110.89 Y107.887 E.01046
;WIDTH:0.595984
G1 X111.384 Y108.168 E.01094
G1 X111.753 Y108.519 E.0098
;WIDTH:0.58639
G1 X112.038 Y108.947 E.00974
;WIDTH:0.582492
G1 X112.221 Y109.427 E.00966
;WIDTH:0.59128
G1 X112.292 Y110.083 E.0126
;WIDTH:0.588618
G1 X112.204 Y110.628 E.01049
;WIDTH:0.588788
G1 X111.991 Y111.139 E.01053
;WIDTH:0.590678
G1 X111.661 Y111.583 E.01055
G1 X111.233 Y111.932 E.01053
;WIDTH:0.587136
G1 X110.735 Y112.172 E.01048
;WIDTH:0.593206
G1 X110.194 Y112.288 E.0106
G1 X109.642 Y112.264 E.01059
;WIDTH:0.585958
G1 X109.11 Y112.113 E.01046
;WIDTH:0.595986
G1 X108.616 Y111.832 E.01094
G1 X108.23 Y111.457 E.01036
;WIDTH:0.587018
G1 X107.933 Y110.991 E.01047
;WIDTH:0.598304
G1 X107.744 Y110.422 E.01159
G1 X107.708 Y109.917 E.00979
;WIDTH:0.58862
G1 X107.796 Y109.372 E.01049
;WIDTH:0.58879
G1 X108.009 Y108.861 E.01053
;WIDTH:0.590682
G1 X108.339 Y108.417 E.01055
G1 X108.767 Y108.068 E.01053
;WIDTH:0.58714
G1 X109.265 Y107.828 E.01048
;WIDTH:0.593206
G1 X109.806 Y107.712 E.0106
G1 X110.215 Y107.73 E.00784
G1 X110.308 Y107.232 F9000
;TYPE:External perimeter
;WIDTH:0.419999
G1 F900
G1 X110.806 Y107.334 E.00681
G1 X111.282 Y107.527 E.00688
G1 X111.714 Y107.805 E.00688
G1 X112.088 Y108.157 E.00688
G1 X112.392 Y108.573 E.0069
G1 X112.613 Y109.037 E.00689
G1 X112.746 Y109.533 E.00688
G1 X112.785 Y110.045 E.00688
G1 X112.729 Y110.556 E.00689
G1 X112.58 Y111.049 E.0069
G1 X112.344 Y111.505 E.00688
G1 X112.028 Y111.91 E.00688
G1 X111.642 Y112.25 E.00689
G1 X111.201 Y112.513 E.00688
G1 X110.718 Y112.691 E.0069
G1 X110.212 Y112.777 E.00688
G1 X109.698 Y112.769 E.00689
G1 X109.194 Y112.666 E.00689
G1 X108.718 Y112.473 E.00688
G1 X108.286 Y112.195 E.00688
G1 X107.912 Y111.843 E.00688
G1 X107.608 Y111.427 E.0069
G1 X107.387 Y110.963 E.00689
G1 X107.254 Y110.467 E.00688
G1 X107.215 Y109.955 E.00688
G1 X107.271 Y109.444 E.00689
G1 X107.42 Y108.951 E.0069
G1 X107.656 Y108.495 E.00688
G1 X107.972 Y108.09 E.00688
G1 X108.358 Y107.75 E.00689
G1 X108.799 Y107.487 E.00688
G1 X109.282 Y107.309 E.0069
G1 X109.788 Y107.223 E.00688
G1 X110.248 Y107.23 E.00616
;LAYER_CHANGE
;Z:1.64
;HEIGHT:0.08
;BEFORE_LAYER_CHANGE
G92 E0
;1.64


G1 E-3.5 F3600
;WIPE_START
G1 F7200
G1 X110.308 Y107.232 E-.02852
G1 X110.806 Y107.334 E-.24146
G1 X111.282 Y107.527 E-.24398
G1 X111.714 Y107.805 E-.24402
G1 X112.088 Y108.157 E-.24396
G1 X112.392 Y108.573 E-.24474
G1 X112.613 Y109.037 E-.24412
G1 X112.618 Y109.056 E-.0092
;WIPE_END
G1 Z1.64 F9000
;AFTER_LAYER_CHANGE
;1.64
G1 X110.218 Y108.207
G1 E5 F2400
G1 F900
G1 X110.242 Y108.208 E.00032
G1 X110.664 Y108.318 E.00584
G1 X111.058 Y108.535 E.00603
G1 X111.37 Y108.819 E.00565
G1 X111.613 Y109.181 E.00584
G1 X111.768 Y109.638 E.00647
G1 X111.809 Y110.024 E.0052
G1 X111.75 Y110.456 E.00584
G1 X111.545 Y110.928 E.00689
G1 X111.338 Y111.217 E.00476
G1 X111.007 Y111.502 E.00585
G1 X110.509 Y111.727 E.00732
G1 X110.194 Y111.798 E.00433
G1 X109.758 Y111.792 E.00584
G1 X109.336 Y111.682 E.00584
G1 X108.942 Y111.465 E.00603
G1 X108.63 Y111.181 E.00565
G1 X108.387 Y110.819 E.00584
G1 X108.232 Y110.362 E.00647
G1 X108.191 Y110.024 E.00456
G1 X108.25 Y109.544 E.00648
G1 X108.455 Y109.072 E.00689
G1 X108.662 Y108.783 E.00476
G1 X108.993 Y108.498 E.00585
G1 X109.491 Y108.273 E.00732
G1 X109.806 Y108.202 E.00433
G1 X110.158 Y108.206 E.00472
G1 X110.275 Y107.732 F9000
;TYPE:Perimeter
;WIDTH:0.593206
G1 F900
G1 X110.358 Y107.736 E.00159
;WIDTH:0.585956
G1 X110.89 Y107.887 E.01046
;WIDTH:0.595984
G1 X111.384 Y108.168 E.01094
G1 X111.753 Y108.519 E.0098
;WIDTH:0.586392
G1 X112.038 Y108.947 E.00974
;WIDTH:0.582492
G1 X112.221 Y109.427 E.00966
;WIDTH:0.59128
G1 X112.292 Y110.083 E.0126
;WIDTH:0.588618
G1 X112.204 Y110.628 E.01049
;WIDTH:0.588788
G1 X111.991 Y111.139 E.01053
;WIDTH:0.590678
G1 X111.661 Y111.583 E.01055
G1 X111.233 Y111.932 E.01053
;WIDTH:0.587136
G1 X110.735 Y112.172 E.01048
;WIDTH:0.593206
G1 X110.194 Y112.288 E.0106
G1 X109.642 Y112.264 E.01059
;WIDTH:0.585956
G1 X109.11 Y112.113 E.01046
;WIDTH:0.595986
G1 X108.616 Y111.832 E.01094
G1 X108.23 Y111.457 E.01036
;WIDTH:0.587018
G1 X107.933 Y110.991 E.01047
;WIDTH:0.598304
G1 X107.744 Y110.422 E.01159
G1 X107.708 Y109.917 E.00979
;WIDTH:0.58862
G1 X107.796 Y109.372 E.01049
;WIDTH:0.58879
G1 X108.009 Y108.861 E.01053
;WIDTH:0.590682
G1 X108.339 Y108.417 E.01055
G1 X108.767 Y108.068 E.01053
;WIDTH:0.58714
G1 X109.265 Y107.828 E.01048
;WIDTH:0.593206
G1 X109.806 Y107.712 E.0106
G1 X110.215 Y107.73 E.00784
G1 X110.308 Y107.232 F9000
;TYPE:External perimeter
;WIDTH:0.419999
G1 F900
G1 X110.806 Y107.334 E.00681
G1 X111.282 Y107.527 E.00688
G1 X111.714 Y107.805 E.00688
G1 X112.088 Y108.157 E.00688
G1 X112.392 Y108.573 E.0069
G1 X112.613 Y109.037 E.00689
G1 X112.746 Y109.533 E.00688
G1 X112.785 Y110.045 E.00688
G1 X112.729 Y110.556 E.00689
G1 X112.58 Y111.049 E.0069
G1 X112.344 Y111.505 E.00688
G1 X112.028 Y111.91 E.00688
G1 X111.642 Y112.25 E.00689
G1 X111.201 Y112.513 E.00688
G1 X110.718 Y112.691 E.0069
G1 X110.212 Y112.777 E.00688
G1 X109.698 Y112.769 E.00689
G1 X109.194 Y112.666 E.00689
G1 X108.718 Y112.473 E.00688
G1 X108.286 Y112.195 E.00688
G1 X107.912 Y111.843 E.00688
G1 X107.608 Y111.427 E.0069
G1 X107.387 Y110.963 E.00689
G1 X107.254 Y110.467 E.00688
G1 X107.215 Y109.955 E.00688
G1 X107.271 Y109.444 E.00689
G1 X107.42 Y108.951 E.0069
G1 X107.656 Y108.495 E.00688
G1 X107.972 Y108.09 E.00688
G1 X108.358 Y107.75 E.00689
G1 X108.799 Y107.487 E.00688
G1 X109.282 Y107.309 E.0069
G1 X109.788 Y107.223 E.00688
G1 X110.248 Y107.23 E.00616
;LAYER_CHANGE
;Z:1.72
;HEIGHT:0.08
;BEFORE_LAYER_CHANGE
G92 E0
;1.72


G1 E-3.5 F3600
;WIPE_START
G1 F7200
G1 X110.308 Y107.232 E-.02852
G1 X110.806 Y107.334 E-.24146
G1 X111.282 Y107.527 E-.24398
G1 X111.714 Y107.805 E-.24402
G1 X112.088 Y108.157 E-.24396
G1 X112.392 Y108.573 E-.24474
G1 X112.613 Y109.037 E-.24412
G1 X112.618 Y109.056 E-.0092
;WIPE_END
G1 Z1.72 F9000
;AFTER_LAYER_CHANGE
;1.72
G1 X110.218 Y108.207
G1 E5 F2400
G1 F900
G1 X110.242 Y108.208 E.00032
G1 X110.664 Y108.318 E.00584
G1 X111.058 Y108.535 E.00603
G1 X111.37 Y108.819 E.00565
G1 X111.613 Y109.181 E.00584
G1 X111.768 Y109.638 E.00647
G1 X111.809 Y110.024 E.0052
G1 X111.75 Y110.456 E.00584
G1 X111.545 Y110.928 E.00689
G1 X111.338 Y111.217 E.00476
G1 X111.007 Y111.502 E.00585
G1 X110.509 Y111.727 E.00732
G1 X110.194 Y111.798 E.00433
G1 X109.758 Y111.792 E.00584
G1 X109.336 Y111.682 E.00584
G1 X108.942 Y111.465 E.00603
G1 X108.63 Y111.181 E.00565
G1 X108.387 Y110.819 E.00584
G1 X108.232 Y110.362 E.00647
G1 X108.191 Y110.024 E.00456
G1 X108.25 Y109.544 E.00648
G1 X108.455 Y109.072 E.00689
G1 X108.662 Y108.783 E.00476
G1 X108.993 Y108.498 E.00585
G1 X109.491 Y108.273 E.00732
G1 X109.806 Y108.202 E.00433
G1 X110.158 Y108.206 E.00472
G1 X110.275 Y107.732 F9000
;TYPE:Perimeter
;WIDTH:0.593206
G1 F900
G1 X110.358 Y107.736 E.00159
;WIDTH:0.585956
G1 X110.89 Y107.887 E.01046
;WIDTH:0.595984
G1 X111.384 Y108.168 E.01094
G1 X111.753 Y108.519 E.0098
;WIDTH:0.58639
G1 X112.038 Y108.947 E.00974
;WIDTH:0.582494
G1 X112.221 Y109.427 E.00966
;WIDTH:0.59128
G1 X112.292 Y110.083 E.0126
;WIDTH:0.588616
G1 X112.204 Y110.628 E.01049
;WIDTH:0.588788
G1 X111.991 Y111.139 E.01053
;WIDTH:0.590678
G1 X111.661 Y111.583 E.01055
G1 X111.233 Y111.932 E.01053
;WIDTH:0.587136
G1 X110.735 Y112.172 E.01048
;WIDTH:0.593206
G1 X110.194 Y112.288 E.0106
G1 X109.642 Y112.264 E.01059
;WIDTH:0.585956
G1 X109.11 Y112.113 E.01046
;WIDTH:0.595986
G1 X108.616 Y111.832 E.01094
G1 X108.23 Y111.457 E.01036
;WIDTH:0.587016
G1 X107.933 Y110.991 E.01047
;WIDTH:0.598302
G1 X107.744 Y110.422 E.01159
G1 X107.708 Y109.917 E.00979
;WIDTH:0.58862
G1 X107.796 Y109.372 E.01049
;WIDTH:0.58879
G1 X108.009 Y108.861 E.01053
;WIDTH:0.590682
G1 X108.339 Y108.417 E.01055
G1 X108.767 Y108.068 E.01053
;WIDTH:0.58714
G1 X109.265 Y107.828 E.01048
;WIDTH:0.593206
G1 X109.806 Y107.712 E.0106
G1 X110.215 Y107.73 E.00784
G1 X110.308 Y107.232 F9000
;TYPE:External perimeter
;WIDTH:0.419999
G1 F900
G1 X110.806 Y107.334 E.00681
G1 X111.282 Y107.527 E.00688
G1 X111.714 Y107.805 E.00688
G1 X112.088 Y108.157 E.00688
G1 X112.392 Y108.573 E.0069
G1 X112.613 Y109.037 E.00689
G1 X112.746 Y109.533 E.00688
G1 X112.785 Y110.045 E.00688
G1 X112.729 Y110.556 E.00689
G1 X112.58 Y111.049 E.0069
G1 X112.344 Y111.505 E.00688
G1 X112.028 Y111.91 E.00688
G1 X111.642 Y112.25 E.00689
G1 X111.201 Y112.513 E.00688
G1 X110.718 Y112.691 E.0069
G1 X110.212 Y112.777 E.00688
G1 X109.698 Y112.769 E.00689
G1 X109.194 Y112.666 E.00689
G1 X108.718 Y112.473 E.00688
G1 X108.286 Y112.195 E.00688
G1 X107.912 Y111.843 E.00688
G1 X107.608 Y111.427 E.0069
G1 X107.387 Y110.963 E.00689
G1 X107.254 Y110.467 E.00688
G1 X107.215 Y109.955 E.00688
G1 X107.271 Y109.444 E.00689
G1 X107.42 Y108.951 E.0069
G1 X107.656 Y108.495 E.00688
G1 X107.972 Y108.09 E.00688
G1 X108.358 Y107.75 E.00689
G1 X108.799 Y107.487 E.00688
G1 X109.282 Y107.309 E.0069
G1 X109.788 Y107.223 E.00688
G1 X110.248 Y107.23 E.00616
;LAYER_CHANGE
;Z:1.8
;HEIGHT:0.0799999
;BEFORE_LAYER_CHANGE
G92 E0
;1.8


G1 E-3.5 F3600
;WIPE_START
G1 F7200
G1 X110.308 Y107.232 E-.02852
G1 X110.806 Y107.334 E-.24146
G1 X111.282 Y107.527 E-.24398
G1 X111.714 Y107.805 E-.24402
G1 X112.088 Y108.157 E-.24396
G1 X112.392 Y108.573 E-.24474
G1 X112.613 Y109.037 E-.24412
G1 X112.618 Y109.056 E-.0092
;WIPE_END
G1 Z1.8 F9000
;AFTER_LAYER_CHANGE
;1.8
G1 X110.218 Y108.207
G1 E5 F2400
G1 F900
G1 X110.242 Y108.208 E.00032
G1 X110.664 Y108.318 E.00584
G1 X111.058 Y108.535 E.00603
G1 X111.37 Y108.819 E.00565
G1 X111.613 Y109.181 E.00584
G1 X111.768 Y109.638 E.00647
G1 X111.809 Y110.024 E.0052
G1 X111.75 Y110.456 E.00584
G1 X111.545 Y110.928 E.00689
G1 X111.338 Y111.217 E.00476
G1 X111.007 Y111.502 E.00585
G1 X110.509 Y111.727 E.00732
G1 X110.194 Y111.798 E.00433
G1 X109.758 Y111.792 E.00584
G1 X109.336 Y111.682 E.00584
G1 X108.942 Y111.465 E.00603
G1 X108.63 Y111.181 E.00565
G1 X108.387 Y110.819 E.00584
G1 X108.232 Y110.362 E.00647
G1 X108.191 Y110.024 E.00456
G1 X108.25 Y109.544 E.00648
G1 X108.455 Y109.072 E.00689
G1 X108.662 Y108.783 E.00476
G1 X108.993 Y108.498 E.00585
G1 X109.491 Y108.273 E.00732
G1 X109.806 Y108.202 E.00433
G1 X110.158 Y108.206 E.00472
G1 X110.275 Y107.732 F9000
;TYPE:Perimeter
;WIDTH:0.593206
G1 F900
G1 X110.358 Y107.736 E.00159
;WIDTH:0.585956
G1 X110.89 Y107.887 E.01046
;WIDTH:0.595984
G1 X111.384 Y108.168 E.01094
G1 X111.753 Y108.519 E.0098
;WIDTH:0.586392
G1 X112.038 Y108.947 E.00974
;WIDTH:0.582494
G1 X112.221 Y109.427 E.00966
;WIDTH:0.59128
G1 X112.292 Y110.083 E.0126
;WIDTH:0.588618
G1 X112.204 Y110.628 E.01049
;WIDTH:0.588788
G1 X111.991 Y111.139 E.01053
;WIDTH:0.590678
G1 X111.661 Y111.583 E.01055
G1 X111.233 Y111.932 E.01053
;WIDTH:0.587136
G1 X110.735 Y112.172 E.01048
;WIDTH:0.593206
G1 X110.194 Y112.288 E.0106
G1 X109.642 Y112.264 E.01059
;WIDTH:0.585958
G1 X109.11 Y112.113 E.01046
;WIDTH:0.595986
G1 X108.616 Y111.832 E.01094
G1 X108.23 Y111.457 E.01036
;WIDTH:0.587018
G1 X107.933 Y110.991 E.01047
;WIDTH:0.598302
G1 X107.744 Y110.422 E.01159
G1 X107.708 Y109.917 E.00979
;WIDTH:0.58862
G1 X107.796 Y109.372 E.01049
;WIDTH:0.58879
G1 X108.009 Y108.861 E.01053
;WIDTH:0.590682
G1 X108.339 Y108.417 E.01055
G1 X108.767 Y108.068 E.01053
;WIDTH:0.58714
G1 X109.265 Y107.828 E.01048
;WIDTH:0.593206
G1 X109.806 Y107.712 E.0106
G1 X110.215 Y107.73 E.00784
G1 X110.308 Y107.232 F9000
;TYPE:External perimeter
;WIDTH:0.419999
G1 F900
G1 X110.806 Y107.334 E.00681
G1 X111.282 Y107.527 E.00688
G1 X111.714 Y107.805 E.00688
G1 X112.088 Y108.157 E.00688
G1 X112.392 Y108.573 E.0069
G1 X112.613 Y109.037 E.00689
G1 X112.746 Y109.533 E.00688
G1 X112.785 Y110.045 E.00688
G1 X112.729 Y110.556 E.00689
G1 X112.58 Y111.049 E.0069
G1 X112.344 Y111.505 E.00688
G1 X112.028 Y111.91 E.00688
G1 X111.642 Y112.25 E.00689
G1 X111.201 Y112.513 E.00688
G1 X110.718 Y112.691 E.0069
G1 X110.212 Y112.777 E.00688
G1 X109.698 Y112.769 E.00689
G1 X109.194 Y112.666 E.00689
G1 X108.718 Y112.473 E.00688
G1 X108.286 Y112.195 E.00688
G1 X107.912 Y111.843 E.00688
G1 X107.608 Y111.427 E.0069
G1 X107.387 Y110.963 E.00689
G1 X107.254 Y110.467 E.00688
G1 X107.215 Y109.955 E.00688
G1 X107.271 Y109.444 E.00689
G1 X107.42 Y108.951 E.0069
G1 X107.656 Y108.495 E.00688
G1 X107.972 Y108.09 E.00688
G1 X108.358 Y107.75 E.00689
G1 X108.799 Y107.487 E.00688
G1 X109.282 Y107.309 E.0069
G1 X109.788 Y107.223 E.00688
G1 X110.248 Y107.23 E.00616
;LAYER_CHANGE
;Z:1.88
;HEIGHT:0.08
;BEFORE_LAYER_CHANGE
G92 E0
;1.88


G1 E-3.5 F3600
;WIPE_START
G1 F7200
G1 X110.308 Y107.232 E-.02852
G1 X110.806 Y107.334 E-.24146
G1 X111.282 Y107.527 E-.24398
G1 X111.714 Y107.805 E-.24402
G1 X112.088 Y108.157 E-.24396
G1 X112.392 Y108.573 E-.24474
G1 X112.613 Y109.037 E-.24412
G1 X112.618 Y109.056 E-.0092
;WIPE_END
G1 Z1.88 F9000
;AFTER_LAYER_CHANGE
;1.88
G1 X110.218 Y108.207
G1 E5 F2400
G1 F900
G1 X110.242 Y108.208 E.00032
G1 X110.664 Y108.318 E.00584
G1 X111.058 Y108.535 E.00603
G1 X111.37 Y108.819 E.00565
G1 X111.613 Y109.181 E.00584
G1 X111.768 Y109.638 E.00647
G1 X111.809 Y110.024 E.0052
G1 X111.75 Y110.456 E.00584
G1 X111.545 Y110.928 E.00689
G1 X111.338 Y111.217 E.00476
G1 X111.007 Y111.502 E.00585
G1 X110.509 Y111.727 E.00732
G1 X110.194 Y111.798 E.00433
G1 X109.758 Y111.792 E.00584
G1 X109.336 Y111.682 E.00584
G1 X108.942 Y111.465 E.00603
G1 X108.63 Y111.181 E.00565
G1 X108.387 Y110.819 E.00584
G1 X108.232 Y110.362 E.00647
G1 X108.191 Y110.024 E.00456
G1 X108.25 Y109.544 E.00648
G1 X108.455 Y109.072 E.00689
G1 X108.662 Y108.783 E.00476
G1 X108.993 Y108.498 E.00585
G1 X109.491 Y108.273 E.00732
G1 X109.806 Y108.202 E.00433
G1 X110.158 Y108.206 E.00472
G1 X110.275 Y107.732 F9000
;TYPE:Perimeter
;WIDTH:0.593206
G1 F900
G1 X110.358 Y107.736 E.00159
;WIDTH:0.585954
G1 X110.89 Y107.887 E.01046
;WIDTH:0.595982
G1 X111.384 Y108.168 E.01094
G1 X111.753 Y108.519 E.0098
;WIDTH:0.586392
G1 X112.038 Y108.947 E.00974
;WIDTH:0.582494
G1 X112.221 Y109.427 E.00966
;WIDTH:0.59128
G1 X112.292 Y110.083 E.0126
;WIDTH:0.588618
G1 X112.204 Y110.628 E.01049
;WIDTH:0.588788
G1 X111.991 Y111.139 E.01053
;WIDTH:0.590678
G1 X111.661 Y111.583 E.01055
G1 X111.233 Y111.932 E.01053
;WIDTH:0.587136
G1 X110.735 Y112.172 E.01048
;WIDTH:0.593206
G1 X110.194 Y112.288 E.0106
G1 X109.642 Y112.264 E.01059
;WIDTH:0.585958
G1 X109.11 Y112.113 E.01046
;WIDTH:0.595986
G1 X108.616 Y111.832 E.01094
G1 X108.23 Y111.457 E.01036
;WIDTH:0.587018
G1 X107.933 Y110.991 E.01047
;WIDTH:0.598302
G1 X107.744 Y110.422 E.01159
G1 X107.708 Y109.917 E.00979
;WIDTH:0.58862
G1 X107.796 Y109.372 E.01049
;WIDTH:0.58879
G1 X108.009 Y108.861 E.01053
;WIDTH:0.590682
G1 X108.339 Y108.417 E.01055
G1 X108.767 Y108.068 E.01053
;WIDTH:0.58714
G1 X109.265 Y107.828 E.01048
;WIDTH:0.593206
G1 X109.806 Y107.712 E.0106
G1 X110.215 Y107.73 E.00784
G1 X110.308 Y107.232 F9000
;TYPE:External perimeter
;WIDTH:0.419999
G1 F900
G1 X110.806 Y107.334 E.00681
G1 X111.282 Y107.527 E.00688
G1 X111.714 Y107.805 E.00688
G1 X112.088 Y108.157 E.00688
G1 X112.392 Y108.573 E.0069
G1 X112.613 Y109.037 E.00689
G1 X112.746 Y109.533 E.00688
G1 X112.785 Y110.045 E.00688
G1 X112.729 Y110.556 E.00689
G1 X112.58 Y111.049 E.0069
G1 X112.344 Y111.505 E.00688
G1 X112.028 Y111.91 E.00688
G1 X111.642 Y112.25 E.00689
G1 X111.201 Y112.513 E.00688
G1 X110.718 Y112.691 E.0069
G1 X110.212 Y112.777 E.00688
G1 X109.698 Y112.769 E.00689
G1 X109.194 Y112.666 E.00689
G1 X108.718 Y112.473 E.00688
G1 X108.286 Y112.195 E.00688
G1 X107.912 Y111.843 E.00688
G1 X107.608 Y111.427 E.0069
G1 X107.387 Y110.963 E.00689
G1 X107.254 Y110.467 E.00688
G1 X107.215 Y109.955 E.00688
G1 X107.271 Y109.444 E.00689
G1 X107.42 Y108.951 E.0069
G1 X107.656 Y108.495 E.00688
G1 X107.972 Y108.09 E.00688
G1 X108.358 Y107.75 E.00689
G1 X108.799 Y107.487 E.00688
G1 X109.282 Y107.309 E.0069
G1 X109.788 Y107.223 E.00688
G1 X110.248 Y107.23 E.00616
;LAYER_CHANGE
;Z:1.96
;HEIGHT:0.08
;BEFORE_LAYER_CHANGE
G92 E0
;1.96


G1 E-3.5 F3600
;WIPE_START
G1 F7200
G1 X110.308 Y107.232 E-.02852
G1 X110.806 Y107.334 E-.24146
G1 X111.282 Y107.527 E-.24398
G1 X111.714 Y107.805 E-.24402
G1 X112.088 Y108.157 E-.24396
G1 X112.392 Y108.573 E-.24474
G1 X112.613 Y109.037 E-.24412
G1 X112.618 Y109.056 E-.0092
;WIPE_END
G1 Z1.96 F9000
;AFTER_LAYER_CHANGE
;1.96
G1 X110.218 Y108.207
G1 E5 F2400
G1 F900
G1 X110.242 Y108.208 E.00032
G1 X110.664 Y108.318 E.00584
G1 X111.058 Y108.535 E.00603
G1 X111.37 Y108.819 E.00565
G1 X111.613 Y109.181 E.00584
G1 X111.768 Y109.638 E.00647
G1 X111.809 Y110.024 E.0052
G1 X111.75 Y110.456 E.00584
G1 X111.545 Y110.928 E.00689
G1 X111.338 Y111.217 E.00476
G1 X111.007 Y111.502 E.00585
G1 X110.509 Y111.727 E.00732
G1 X110.194 Y111.798 E.00433
G1 X109.758 Y111.792 E.00584
G1 X109.336 Y111.682 E.00584
G1 X108.942 Y111.465 E.00603
G1 X108.63 Y111.181 E.00565
G1 X108.387 Y110.819 E.00584
G1 X108.232 Y110.362 E.00647
G1 X108.191 Y109.976 E.0052
G1 X108.25 Y109.544 E.00584
G1 X108.455 Y109.072 E.00689
G1 X108.662 Y108.783 E.00476
G1 X108.993 Y108.498 E.00585
G1 X109.491 Y108.273 E.00732
G1 X109.806 Y108.202 E.00433
G1 X110.158 Y108.206 E.00472
G1 X110.275 Y107.732 F9000
;TYPE:Perimeter
;WIDTH:0.593206
G1 F900
G1 X110.358 Y107.736 E.00159
;WIDTH:0.585954
G1 X110.89 Y107.887 E.01046
;WIDTH:0.595984
G1 X111.384 Y108.168 E.01094
G1 X111.753 Y108.519 E.0098
;WIDTH:0.586392
G1 X112.038 Y108.947 E.00974
;WIDTH:0.582492
G1 X112.221 Y109.427 E.00966
;WIDTH:0.59128
G1 X112.292 Y110.083 E.0126
;WIDTH:0.588616
G1 X112.204 Y110.628 E.01049
;WIDTH:0.588788
G1 X111.991 Y111.139 E.01053
;WIDTH:0.590678
G1 X111.661 Y111.583 E.01055
G1 X111.233 Y111.932 E.01053
;WIDTH:0.587136
G1 X110.735 Y112.172 E.01048
;WIDTH:0.593206
G1 X110.194 Y112.288 E.0106
G1 X109.642 Y112.264 E.01059
;WIDTH:0.585958
G1 X109.11 Y112.113 E.01046
;WIDTH:0.595986
G1 X108.616 Y111.832 E.01094
G1 X108.23 Y111.457 E.01036
;WIDTH:0.587018
G1 X107.933 Y110.991 E.01047
;WIDTH:0.598304
G1 X107.744 Y110.422 E.01159
G1 X107.708 Y109.917 E.00979
;WIDTH:0.58862
G1 X107.796 Y109.372 E.01049
;WIDTH:0.58879
G1 X108.009 Y108.861 E.01053
;WIDTH:0.590682
G1 X108.339 Y108.417 E.01055
G1 X108.767 Y108.068 E.01053
;WIDTH:0.58714
G1 X109.265 Y107.828 E.01048
;WIDTH:0.593206
G1 X109.806 Y107.712 E.0106
G1 X110.215 Y107.73 E.00784
G1 X110.308 Y107.232 F9000
;TYPE:External perimeter
;WIDTH:0.419999
G1 F900
G1 X110.806 Y107.334 E.00681
G1 X111.282 Y107.527 E.00688
G1 X111.714 Y107.805 E.00688
G1 X112.088 Y108.157 E.00688
G1 X112.392 Y108.573 E.0069
G1 X112.613 Y109.037 E.00689
G1 X112.746 Y109.533 E.00688
G1 X112.785 Y110.045 E.00688
G1 X112.729 Y110.556 E.00689
G1 X112.58 Y111.049 E.0069
G1 X112.344 Y111.505 E.00688
G1 X112.028 Y111.91 E.00688
G1 X111.642 Y112.25 E.00689
G1 X111.201 Y112.513 E.00688
G1 X110.718 Y112.691 E.0069
G1 X110.212 Y112.777 E.00688
G1 X109.698 Y112.769 E.00689
G1 X109.194 Y112.666 E.00689
G1 X108.718 Y112.473 E.00688
G1 X108.286 Y112.195 E.00688
G1 X107.912 Y111.843 E.00688
G1 X107.608 Y111.427 E.0069
G1 X107.387 Y110.963 E.00689
G1 X107.254 Y110.467 E.00688
G1 X107.215 Y109.955 E.00688
G1 X107.271 Y109.444 E.00689
G1 X107.42 Y108.951 E.0069
G1 X107.656 Y108.495 E.00688
G1 X107.972 Y108.09 E.00688
G1 X108.358 Y107.75 E.00689
G1 X108.799 Y107.487 E.00688
G1 X109.282 Y107.309 E.0069
G1 X109.788 Y107.223 E.00688
G1 X110.248 Y107.23 E.00616
;LAYER_CHANGE
;Z:2.04
;HEIGHT:0.0799999
;BEFORE_LAYER_CHANGE
G92 E0
;2.04


G1 E-3.5 F3600
;WIPE_START
G1 F7200
G1 X110.308 Y107.232 E-.02852
G1 X110.806 Y107.334 E-.24146
G1 X111.282 Y107.527 E-.24398
G1 X111.714 Y107.805 E-.24402
G1 X112.088 Y108.157 E-.24396
G1 X112.392 Y108.573 E-.24474
G1 X112.613 Y109.037 E-.24412
G1 X112.618 Y109.056 E-.0092
;WIPE_END
G1 Z2.04 F9000
;AFTER_LAYER_CHANGE
;2.04
G1 X110.218 Y108.207
G1 E5 F2400
G1 F900
G1 X110.242 Y108.208 E.00032
G1 X110.664 Y108.318 E.00584
G1 X111.058 Y108.535 E.00603
G1 X111.37 Y108.819 E.00565
G1 X111.613 Y109.181 E.00584
G1 X111.768 Y109.638 E.00647
G1 X111.809 Y110.024 E.0052
G1 X111.75 Y110.456 E.00584
G1 X111.545 Y110.928 E.00689
G1 X111.338 Y111.217 E.00476
G1 X111.007 Y111.502 E.00585
G1 X110.509 Y111.727 E.00732
G1 X110.194 Y111.798 E.00433
G1 X109.758 Y111.792 E.00584
G1 X109.336 Y111.682 E.00584
G1 X108.942 Y111.465 E.00603
G1 X108.63 Y111.181 E.00565
G1 X108.387 Y110.819 E.00584
G1 X108.232 Y110.362 E.00647
G1 X108.191 Y110.024 E.00456
G1 X108.25 Y109.544 E.00648
G1 X108.455 Y109.072 E.00689
G1 X108.662 Y108.783 E.00476
G1 X108.993 Y108.498 E.00585
G1 X109.491 Y108.273 E.00732
G1 X109.806 Y108.202 E.00433
G1 X110.158 Y108.206 E.00472
G1 X110.275 Y107.732 F9000
;TYPE:Perimeter
;WIDTH:0.593206
G1 F900
G1 X110.358 Y107.736 E.00159
;WIDTH:0.585954
G1 X110.89 Y107.887 E.01046
;WIDTH:0.595984
G1 X111.384 Y108.168 E.01094
G1 X111.753 Y108.519 E.0098
;WIDTH:0.58639
G1 X112.038 Y108.947 E.00974
;WIDTH:0.582492
G1 X112.221 Y109.427 E.00966
;WIDTH:0.59128
G1 X112.292 Y110.083 E.0126
;WIDTH:0.588618
G1 X112.204 Y110.628 E.01049
;WIDTH:0.588788
G1 X111.991 Y111.139 E.01053
;WIDTH:0.590678
G1 X111.661 Y111.583 E.01055
G1 X111.233 Y111.932 E.01053
;WIDTH:0.587136
G1 X110.735 Y112.172 E.01048
;WIDTH:0.593206
G1 X110.194 Y112.288 E.0106
G1 X109.642 Y112.264 E.01059
;WIDTH:0.585956
G1 X109.11 Y112.113 E.01046
;WIDTH:0.595984
G1 X108.616 Y111.832 E.01094
G1 X108.23 Y111.457 E.01036
;WIDTH:0.587018
G1 X107.933 Y110.991 E.01047
;WIDTH:0.598304
G1 X107.744 Y110.422 E.01159
G1 X107.708 Y109.917 E.00979
;WIDTH:0.58862
G1 X107.796 Y109.372 E.01049
;WIDTH:0.58879
G1 X108.009 Y108.861 E.01053
;WIDTH:0.590682
G1 X108.339 Y108.417 E.01055
G1 X108.767 Y108.068 E.01053
;WIDTH:0.58714
G1 X109.265 Y107.828 E.01048
;WIDTH:0.593206
G1 X109.806 Y107.712 E.0106
G1 X110.215 Y107.73 E.00784
G1 X110.308 Y107.232 F9000
;TYPE:External perimeter
;WIDTH:0.419999
G1 F900
G1 X110.806 Y107.334 E.00681
G1 X111.282 Y107.527 E.00688
G1 X111.714 Y107.805 E.00688
G1 X112.088 Y108.157 E.00688
G1 X112.392 Y108.573 E.0069
G1 X112.613 Y109.037 E.00689
G1 X112.746 Y109.533 E.00688
G1 X112.785 Y110.045 E.00688
G1 X112.729 Y110.556 E.00689
G1 X112.58 Y111.049 E.0069
G1 X112.344 Y111.505 E.00688
G1 X112.028 Y111.91 E.00688
G1 X111.642 Y112.25 E.00689
G1 X111.201 Y112.513 E.00688
G1 X110.718 Y112.691 E.0069
G1 X110.212 Y112.777 E.00688
G1 X109.698 Y112.769 E.00689
G1 X109.194 Y112.666 E.00689
G1 X108.718 Y112.473 E.00688
G1 X108.286 Y112.195 E.00688
G1 X107.912 Y111.843 E.00688
G1 X107.608 Y111.427 E.0069
G1 X107.387 Y110.963 E.00689
G1 X107.254 Y110.467 E.00688
G1 X107.215 Y109.955 E.00688
G1 X107.271 Y109.444 E.00689
G1 X107.42 Y108.951 E.0069
G1 X107.656 Y108.495 E.00688
G1 X107.972 Y108.09 E.00688
G1 X108.358 Y107.75 E.00689
G1 X108.799 Y107.487 E.00688
G1 X109.282 Y107.309 E.0069
G1 X109.788 Y107.223 E.00688
G1 X110.248 Y107.23 E.00616
;LAYER_CHANGE
;Z:2.12
;HEIGHT:0.0799999
;BEFORE_LAYER_CHANGE
G92 E0
;2.12


G1 E-3.5 F3600
;WIPE_START
G1 F7200
G1 X110.308 Y107.232 E-.02852
G1 X110.806 Y107.334 E-.24146
G1 X111.282 Y107.527 E-.24398
G1 X111.714 Y107.805 E-.24402
G1 X112.088 Y108.157 E-.24396
G1 X112.392 Y108.573 E-.24474
G1 X112.613 Y109.037 E-.24412
G1 X112.618 Y109.056 E-.0092
;WIPE_END
G1 Z2.12 F9000
;AFTER_LAYER_CHANGE
;2.12
G1 X110.218 Y108.207
G1 E5 F2400
G1 F900
G1 X110.242 Y108.208 E.00032
G1 X110.664 Y108.318 E.00584
G1 X111.058 Y108.535 E.00603
G1 X111.37 Y108.819 E.00565
G1 X111.613 Y109.181 E.00584
G1 X111.768 Y109.638 E.00647
G1 X111.809 Y110.024 E.0052
G1 X111.75 Y110.456 E.00584
G1 X111.545 Y110.928 E.00689
G1 X111.338 Y111.217 E.00476
G1 X111.007 Y111.502 E.00585
G1 X110.509 Y111.727 E.00732
G1 X110.194 Y111.798 E.00433
G1 X109.758 Y111.792 E.00584
G1 X109.336 Y111.682 E.00584
G1 X108.942 Y111.465 E.00603
G1 X108.63 Y111.181 E.00565
G1 X108.387 Y110.819 E.00584
G1 X108.232 Y110.362 E.00647
G1 X108.191 Y109.976 E.0052
G1 X108.25 Y109.544 E.00584
G1 X108.455 Y109.072 E.00689
G1 X108.662 Y108.783 E.00476
G1 X108.993 Y108.498 E.00585
G1 X109.491 Y108.273 E.00732
G1 X109.806 Y108.202 E.00433
G1 X110.158 Y108.206 E.00472
G1 X110.275 Y107.732 F9000
;TYPE:Perimeter
;WIDTH:0.593206
G1 F900
G1 X110.358 Y107.736 E.00159
;WIDTH:0.585954
G1 X110.89 Y107.887 E.01046
;WIDTH:0.595984
G1 X111.384 Y108.168 E.01094
G1 X111.753 Y108.519 E.0098
;WIDTH:0.586392
G1 X112.038 Y108.947 E.00974
;WIDTH:0.582492
G1 X112.221 Y109.427 E.00966
;WIDTH:0.59128
G1 X112.292 Y110.083 E.0126
;WIDTH:0.588616
G1 X112.204 Y110.628 E.01049
;WIDTH:0.588788
G1 X111.991 Y111.139 E.01053
;WIDTH:0.590678
G1 X111.661 Y111.583 E.01055
G1 X111.233 Y111.932 E.01053
;WIDTH:0.587136
G1 X110.735 Y112.172 E.01048
;WIDTH:0.593206
G1 X110.194 Y112.288 E.0106
G1 X109.642 Y112.264 E.01059
;WIDTH:0.585956
G1 X109.11 Y112.113 E.01046
;WIDTH:0.595986
G1 X108.616 Y111.832 E.01094
G1 X108.23 Y111.457 E.01036
;WIDTH:0.587018
G1 X107.933 Y110.991 E.01047
;WIDTH:0.598304
G1 X107.744 Y110.422 E.01159
G1 X107.708 Y109.917 E.00979
;WIDTH:0.58862
G1 X107.796 Y109.372 E.01049
;WIDTH:0.58879
G1 X108.009 Y108.861 E.01053
;WIDTH:0.590682
G1 X108.339 Y108.417 E.01055
G1 X108.767 Y108.068 E.01053
;WIDTH:0.58714
G1 X109.265 Y107.828 E.01048
;WIDTH:0.593206
G1 X109.806 Y107.712 E.0106
G1 X110.215 Y107.73 E.00784
G1 X110.308 Y107.232 F9000
;TYPE:External perimeter
;WIDTH:0.419999
G1 F900
G1 X110.806 Y107.334 E.00681
G1 X111.282 Y107.527 E.00688
G1 X111.714 Y107.805 E.00688
G1 X112.088 Y108.157 E.00688
G1 X112.392 Y108.573 E.0069
G1 X112.613 Y109.037 E.00689
G1 X112.746 Y109.533 E.00688
G1 X112.785 Y110.045 E.00688
G1 X112.729 Y110.556 E.00689
G1 X112.58 Y111.049 E.0069
G1 X112.344 Y111.505 E.00688
G1 X112.028 Y111.91 E.00688
G1 X111.642 Y112.25 E.00689
G1 X111.201 Y112.513 E.00688
G1 X110.718 Y112.691 E.0069
G1 X110.212 Y112.777 E.00688
G1 X109.698 Y112.769 E.00689
G1 X109.194 Y112.666 E.00689
G1 X108.718 Y112.473 E.00688
G1 X108.286 Y112.195 E.00688
G1 X107.912 Y111.843 E.00688
G1 X107.608 Y111.427 E.0069
G1 X107.387 Y110.963 E.00689
G1 X107.254 Y110.467 E.00688
G1 X107.215 Y109.955 E.00688
G1 X107.271 Y109.444 E.00689
G1 X107.42 Y108.951 E.0069
G1 X107.656 Y108.495 E.00688
G1 X107.972 Y108.09 E.00688
G1 X108.358 Y107.75 E.00689
G1 X108.799 Y107.487 E.00688
G1 X109.282 Y107.309 E.0069
G1 X109.788 Y107.223 E.00688
G1 X110.248 Y107.23 E.00616
;LAYER_CHANGE
;Z:2.2
;HEIGHT:0.0800002
;BEFORE_LAYER_CHANGE
G92 E0
;2.2


G1 E-3.5 F3600
;WIPE_START
G1 F7200
G1 X110.308 Y107.232 E-.02852
G1 X110.806 Y107.334 E-.24146
G1 X111.282 Y107.527 E-.24398
G1 X111.714 Y107.805 E-.24402
G1 X112.088 Y108.157 E-.24396
G1 X112.392 Y108.573 E-.24474
G1 X112.613 Y109.037 E-.24412
G1 X112.618 Y109.056 E-.0092
;WIPE_END
G1 Z2.2 F9000
;AFTER_LAYER_CHANGE
;2.2
G1 X110.218 Y108.207
G1 E5 F2400
G1 F900
G1 X110.242 Y108.208 E.00032
G1 X110.664 Y108.318 E.00584
G1 X111.058 Y108.535 E.00603
G1 X111.37 Y108.819 E.00565
G1 X111.613 Y109.181 E.00584
G1 X111.768 Y109.638 E.00647
G1 X111.809 Y110.024 E.0052
G1 X111.75 Y110.456 E.00584
G1 X111.545 Y110.928 E.00689
G1 X111.338 Y111.217 E.00476
G1 X111.007 Y111.502 E.00585
G1 X110.509 Y111.727 E.00732
G1 X110.194 Y111.798 E.00433
G1 X109.758 Y111.792 E.00584
G1 X109.336 Y111.682 E.00584
G1 X108.942 Y111.465 E.00603
G1 X108.63 Y111.181 E.00565
G1 X108.387 Y110.819 E.00584
G1 X108.232 Y110.362 E.00647
G1 X108.191 Y110.024 E.00456
G1 X108.25 Y109.544 E.00648
G1 X108.455 Y109.072 E.00689
G1 X108.662 Y108.783 E.00476
G1 X108.993 Y108.498 E.00585
G1 X109.491 Y108.273 E.00732
G1 X109.806 Y108.202 E.00433
G1 X110.158 Y108.206 E.00472
G1 X110.275 Y107.732 F9000
;TYPE:Perimeter
;WIDTH:0.593206
G1 F900
G1 X110.358 Y107.736 E.00159
;WIDTH:0.585956
G1 X110.89 Y107.887 E.01046
;WIDTH:0.595982
G1 X111.384 Y108.168 E.01094
G1 X111.753 Y108.519 E.0098
;WIDTH:0.586388
G1 X112.038 Y108.947 E.00974
;WIDTH:0.582492
G1 X112.221 Y109.427 E.00966
;WIDTH:0.59128
G1 X112.292 Y110.083 E.0126
;WIDTH:0.588618
G1 X112.204 Y110.628 E.01049
;WIDTH:0.588788
G1 X111.991 Y111.139 E.01053
;WIDTH:0.590678
G1 X111.661 Y111.583 E.01055
G1 X111.233 Y111.932 E.01053
;WIDTH:0.587136
G1 X110.735 Y112.172 E.01048
;WIDTH:0.593206
G1 X110.194 Y112.288 E.0106
G1 X109.642 Y112.264 E.01059
;WIDTH:0.585958
G1 X109.11 Y112.113 E.01046
;WIDTH:0.595986
G1 X108.616 Y111.832 E.01094
G1 X108.23 Y111.457 E.01036
;WIDTH:0.587016
G1 X107.933 Y110.991 E.01047
;WIDTH:0.598304
G1 X107.744 Y110.422 E.01159
G1 X107.708 Y109.917 E.00979
;WIDTH:0.588618
G1 X107.796 Y109.372 E.01049
;WIDTH:0.58879
G1 X108.009 Y108.861 E.01053
;WIDTH:0.590682
G1 X108.339 Y108.417 E.01055
G1 X108.767 Y108.068 E.01053
;WIDTH:0.58714
G1 X109.265 Y107.828 E.01048
;WIDTH:0.593206
G1 X109.806 Y107.712 E.0106
G1 X110.215 Y107.73 E.00784
G1 X110.308 Y107.232 F9000
;TYPE:External perimeter
;WIDTH:0.419999
G1 F900
G1 X110.806 Y107.334 E.00681
G1 X111.282 Y107.527 E.00688
G1 X111.714 Y107.805 E.00688
G1 X112.088 Y108.157 E.00688
G1 X112.392 Y108.573 E.0069
G1 X112.613 Y109.037 E.00689
G1 X112.746 Y109.533 E.00688
G1 X112.785 Y110.045 E.00688
G1 X112.729 Y110.556 E.00689
G1 X112.58 Y111.049 E.0069
G1 X112.344 Y111.505 E.00688
G1 X112.028 Y111.91 E.00688
G1 X111.642 Y112.25 E.00689
G1 X111.201 Y112.513 E.00688
G1 X110.718 Y112.691 E.0069
G1 X110.212 Y112.777 E.00688
G1 X109.698 Y112.769 E.00689
G1 X109.194 Y112.666 E.00689
G1 X108.718 Y112.473 E.00688
G1 X108.286 Y112.195 E.00688
G1 X107.912 Y111.843 E.00688
G1 X107.608 Y111.427 E.0069
G1 X107.387 Y110.963 E.00689
G1 X107.254 Y110.467 E.00688
G1 X107.215 Y109.955 E.00688
G1 X107.271 Y109.444 E.00689
G1 X107.42 Y108.951 E.0069
G1 X107.656 Y108.495 E.00688
G1 X107.972 Y108.09 E.00688
G1 X108.358 Y107.75 E.00689
G1 X108.799 Y107.487 E.00688
G1 X109.282 Y107.309 E.0069
G1 X109.788 Y107.223 E.00688
G1 X110.248 Y107.23 E.00616
;LAYER_CHANGE
;Z:2.28
;HEIGHT:0.0799999
;BEFORE_LAYER_CHANGE
G92 E0
;2.28


G1 E-3.5 F3600
;WIPE_START
G1 F7200
G1 X110.308 Y107.232 E-.02852
G1 X110.806 Y107.334 E-.24146
G1 X111.282 Y107.527 E-.24398
G1 X111.714 Y107.805 E-.24402
G1 X112.088 Y108.157 E-.24396
G1 X112.392 Y108.573 E-.24474
G1 X112.613 Y109.037 E-.24412
G1 X112.618 Y109.056 E-.0092
;WIPE_END
G1 Z2.28 F9000
;AFTER_LAYER_CHANGE
;2.28
G1 X110.218 Y108.207
G1 E5 F2400
G1 F900
G1 X110.242 Y108.208 E.00032
G1 X110.664 Y108.318 E.00584
G1 X111.058 Y108.535 E.00603
G1 X111.37 Y108.819 E.00565
G1 X111.613 Y109.181 E.00584
G1 X111.752 Y109.672 E.00684
G1 X111.809 Y110.024 E.00478
G1 X111.75 Y110.456 E.00584
G1 X111.545 Y110.928 E.00689
G1 X111.338 Y111.217 E.00476
G1 X111.007 Y111.502 E.00585
G1 X110.509 Y111.727 E.00732
G1 X110.194 Y111.798 E.00433
G1 X109.758 Y111.792 E.00584
G1 X109.336 Y111.682 E.00584
G1 X108.942 Y111.465 E.00603
G1 X108.63 Y111.181 E.00565
G1 X108.387 Y110.819 E.00584
G1 X108.232 Y110.362 E.00647
G1 X108.191 Y110.024 E.00456
G1 X108.25 Y109.544 E.00648
G1 X108.455 Y109.072 E.00689
G1 X108.662 Y108.783 E.00476
G1 X108.993 Y108.498 E.00585
G1 X109.491 Y108.273 E.00732
G1 X109.806 Y108.202 E.00433
G1 X110.158 Y108.206 E.00472
G1 X110.276 Y107.727 F9000
;TYPE:Perimeter
;WIDTH:0.593206
G1 F900
G1 X110.32 Y107.728 E.00084
;WIDTH:0.584766
G1 X110.818 Y107.857 E.00971
;WIDTH:0.583466
G1 X111.275 Y108.093 E.00969
;WIDTH:0.59182
G1 X111.698 Y108.452 E.0106
G1 X111.991 Y108.861 E.00962
;WIDTH:0.597374
G1 X112.193 Y109.357 E.01034
G1 X112.292 Y110.083 E.01414
;WIDTH:0.588618
G1 X112.204 Y110.628 E.01049
;WIDTH:0.588788
G1 X111.991 Y111.139 E.01053
;WIDTH:0.590678
G1 X111.661 Y111.583 E.01055
G1 X111.233 Y111.932 E.01053
;WIDTH:0.587136
G1 X110.735 Y112.172 E.01048
;WIDTH:0.593206
G1 X110.194 Y112.288 E.0106
G1 X109.642 Y112.264 E.01059
;WIDTH:0.585958
G1 X109.11 Y112.113 E.01046
;WIDTH:0.595986
G1 X108.616 Y111.832 E.01094
G1 X108.23 Y111.457 E.01036
;WIDTH:0.587018
G1 X107.933 Y110.991 E.01047
;WIDTH:0.598304
G1 X107.744 Y110.422 E.01159
G1 X107.708 Y109.917 E.00979
;WIDTH:0.58862
G1 X107.796 Y109.372 E.01049
;WIDTH:0.58879
G1 X108.009 Y108.861 E.01053
;WIDTH:0.590682
G1 X108.339 Y108.417 E.01055
G1 X108.767 Y108.068 E.01053
;WIDTH:0.58714
G1 X109.265 Y107.828 E.01048
;WIDTH:0.593206
G1 X109.806 Y107.712 E.0106
G1 X110.216 Y107.725 E.00786
G1 X110.308 Y107.232 F9000
;TYPE:External perimeter
;WIDTH:0.419999
G1 F900
G1 X110.806 Y107.334 E.00681
G1 X111.282 Y107.527 E.00688
G1 X111.714 Y107.805 E.00688
G1 X112.088 Y108.157 E.00688
G1 X112.392 Y108.573 E.0069
G1 X112.613 Y109.037 E.00689
G1 X112.746 Y109.534 E.00689
G1 X112.785 Y110.045 E.00687
G1 X112.729 Y110.556 E.00689
G1 X112.58 Y111.049 E.0069
G1 X112.344 Y111.505 E.00688
G1 X112.028 Y111.91 E.00688
G1 X111.642 Y112.25 E.00689
G1 X111.201 Y112.513 E.00688
G1 X110.718 Y112.691 E.0069
G1 X110.212 Y112.777 E.00688
G1 X109.698 Y112.769 E.00689
G1 X109.194 Y112.666 E.00689
G1 X108.718 Y112.473 E.00688
G1 X108.286 Y112.195 E.00688
G1 X107.912 Y111.843 E.00688
G1 X107.608 Y111.427 E.0069
G1 X107.387 Y110.963 E.00689
G1 X107.254 Y110.467 E.00688
G1 X107.215 Y109.955 E.00688
G1 X107.271 Y109.444 E.00689
G1 X107.42 Y108.951 E.0069
G1 X107.656 Y108.495 E.00688
G1 X107.972 Y108.09 E.00688
G1 X108.358 Y107.75 E.00689
G1 X108.799 Y107.487 E.00688
G1 X109.282 Y107.309 E.0069
G1 X109.788 Y107.223 E.00688
G1 X110.248 Y107.23 E.00616
;LAYER_CHANGE
;Z:2.36
;HEIGHT:0.0799999
;BEFORE_LAYER_CHANGE
G92 E0
;2.36


G1 E-3.5 F3600
;WIPE_START
G1 F7200
G1 X110.308 Y107.232 E-.02852
G1 X110.806 Y107.334 E-.24146
G1 X111.282 Y107.527 E-.24398
G1 X111.714 Y107.805 E-.24402
G1 X112.088 Y108.157 E-.24396
G1 X112.392 Y108.573 E-.24474
G1 X112.613 Y109.037 E-.24412
G1 X112.618 Y109.056 E-.0092
;WIPE_END
G1 Z2.36 F9000
;AFTER_LAYER_CHANGE
;2.36
G1 X110.218 Y108.207
G1 E5 F2400
G1 F900
G1 X110.242 Y108.208 E.00032
G1 X110.664 Y108.318 E.00584
G1 X111.058 Y108.535 E.00603
G1 X111.37 Y108.819 E.00565
G1 X111.613 Y109.181 E.00584
G1 X111.753 Y109.671 E.00683
G1 X111.809 Y110.024 E.00479
G1 X111.75 Y110.456 E.00584
G1 X111.545 Y110.928 E.00689
G1 X111.338 Y111.217 E.00476
G1 X111.007 Y111.502 E.00585
G1 X110.509 Y111.727 E.00732
G1 X110.194 Y111.798 E.00433
G1 X109.758 Y111.792 E.00584
G1 X109.336 Y111.682 E.00584
G1 X108.942 Y111.465 E.00603
G1 X108.63 Y111.181 E.00565
G1 X108.387 Y110.819 E.00584
G1 X108.232 Y110.362 E.00647
G1 X108.191 Y109.976 E.0052
G1 X108.25 Y109.544 E.00584
G1 X108.455 Y109.072 E.00689
G1 X108.662 Y108.783 E.00476
G1 X108.993 Y108.498 E.00585
G1 X109.491 Y108.273 E.00732
G1 X109.806 Y108.202 E.00433
G1 X110.158 Y108.206 E.00472
G1 X110.276 Y107.727 F9000
;TYPE:Perimeter
;WIDTH:0.593206
G1 F900
G1 X110.32 Y107.728 E.00084
;WIDTH:0.584766
G1 X110.818 Y107.857 E.00971
;WIDTH:0.583464
G1 X111.275 Y108.093 E.00969
;WIDTH:0.59182
G1 X111.698 Y108.452 E.0106
G1 X111.991 Y108.861 E.00962
;WIDTH:0.596818
G1 X112.197 Y109.367 E.01053
G1 X112.292 Y110.083 E.01392
;WIDTH:0.588616
G1 X112.204 Y110.628 E.01049
;WIDTH:0.588788
G1 X111.991 Y111.139 E.01053
;WIDTH:0.590678
G1 X111.661 Y111.583 E.01055
G1 X111.233 Y111.932 E.01053
;WIDTH:0.587136
G1 X110.735 Y112.172 E.01048
;WIDTH:0.593206
G1 X110.194 Y112.288 E.0106
G1 X109.642 Y112.264 E.01059
;WIDTH:0.585956
G1 X109.11 Y112.113 E.01046
;WIDTH:0.595984
G1 X108.616 Y111.832 E.01094
G1 X108.23 Y111.457 E.01036
;WIDTH:0.587018
G1 X107.933 Y110.991 E.01047
;WIDTH:0.598304
G1 X107.744 Y110.422 E.01159
G1 X107.708 Y109.917 E.00979
;WIDTH:0.58862
G1 X107.796 Y109.372 E.01049
;WIDTH:0.58879
G1 X108.009 Y108.861 E.01053
;WIDTH:0.590682
G1 X108.339 Y108.417 E.01055
G1 X108.767 Y108.068 E.01053
;WIDTH:0.58714
G1 X109.265 Y107.828 E.01048
;WIDTH:0.593206
G1 X109.806 Y107.712 E.0106
G1 X110.216 Y107.725 E.00786
G1 X110.308 Y107.232 F9000
;TYPE:External perimeter
;WIDTH:0.419999
G1 F900
G1 X110.806 Y107.334 E.00681
G1 X111.282 Y107.527 E.00688
G1 X111.714 Y107.805 E.00688
G1 X112.088 Y108.157 E.00688
G1 X112.392 Y108.573 E.0069
G1 X112.613 Y109.037 E.00689
G1 X112.746 Y109.534 E.00689
G1 X112.785 Y110.045 E.00687
G1 X112.729 Y110.556 E.00689
G1 X112.58 Y111.049 E.0069
G1 X112.344 Y111.505 E.00688
G1 X112.028 Y111.91 E.00688
G1 X111.642 Y112.25 E.00689
G1 X111.201 Y112.513 E.00688
G1 X110.718 Y112.691 E.0069
G1 X110.212 Y112.777 E.00688
G1 X109.698 Y112.769 E.00689
G1 X109.194 Y112.666 E.00689
G1 X108.718 Y112.473 E.00688
G1 X108.286 Y112.195 E.00688
G1 X107.912 Y111.843 E.00688
G1 X107.608 Y111.427 E.0069
G1 X107.387 Y110.963 E.00689
G1 X107.254 Y110.467 E.00688
G1 X107.215 Y109.955 E.00688
G1 X107.271 Y109.444 E.00689
G1 X107.42 Y108.951 E.0069
G1 X107.656 Y108.495 E.00688
G1 X107.972 Y108.09 E.00688
G1 X108.358 Y107.75 E.00689
G1 X108.799 Y107.487 E.00688
G1 X109.282 Y107.309 E.0069
G1 X109.788 Y107.223 E.00688
G1 X110.248 Y107.23 E.00616
;LAYER_CHANGE
;Z:2.44
;HEIGHT:0.0800002
;BEFORE_LAYER_CHANGE
G92 E0
;2.44


G1 E-3.5 F3600
;WIPE_START
G1 F7200
G1 X110.308 Y107.232 E-.02852
G1 X110.806 Y107.334 E-.24146
G1 X111.282 Y107.527 E-.24398
G1 X111.714 Y107.805 E-.24402
G1 X112.088 Y108.157 E-.24396
G1 X112.392 Y108.573 E-.24474
G1 X112.613 Y109.037 E-.24412
G1 X112.618 Y109.056 E-.0092
;WIPE_END
G1 Z2.44 F9000
;AFTER_LAYER_CHANGE
;2.44
G1 X110.218 Y108.207
G1 E5 F2400
G1 F900
G1 X110.242 Y108.208 E.00032
G1 X110.664 Y108.318 E.00584
G1 X111.058 Y108.535 E.00603
G1 X111.37 Y108.819 E.00565
G1 X111.613 Y109.181 E.00584
G1 X111.768 Y109.638 E.00647
G1 X111.809 Y110.024 E.0052
G1 X111.75 Y110.456 E.00584
G1 X111.545 Y110.928 E.00689
G1 X111.338 Y111.217 E.00476
G1 X111.007 Y111.502 E.00585
G1 X110.509 Y111.727 E.00732
G1 X110.194 Y111.798 E.00433
G1 X109.758 Y111.792 E.00584
G1 X109.336 Y111.682 E.00584
G1 X108.942 Y111.465 E.00603
G1 X108.63 Y111.181 E.00565
G1 X108.387 Y110.819 E.00584
G1 X108.232 Y110.362 E.00647
G1 X108.191 Y110.024 E.00456
G1 X108.25 Y109.544 E.00648
G1 X108.455 Y109.072 E.00689
G1 X108.662 Y108.783 E.00476
G1 X108.993 Y108.498 E.00585
G1 X109.491 Y108.273 E.00732
G1 X109.806 Y108.202 E.00433
G1 X110.158 Y108.206 E.00472
G1 X110.275 Y107.732 F9000
;TYPE:Perimeter
;WIDTH:0.593206
G1 F900
G1 X110.358 Y107.736 E.00159
;WIDTH:0.585956
G1 X110.89 Y107.887 E.01046
;WIDTH:0.595982
G1 X111.384 Y108.168 E.01094
G1 X111.753 Y108.519 E.0098
;WIDTH:0.586392
G1 X112.038 Y108.947 E.00974
;WIDTH:0.582492
G1 X112.221 Y109.427 E.00966
;WIDTH:0.59128
G1 X112.292 Y110.083 E.0126
;WIDTH:0.588618
G1 X112.204 Y110.628 E.01049
;WIDTH:0.588788
G1 X111.991 Y111.139 E.01053
;WIDTH:0.590682
G1 X111.661 Y111.583 E.01055
G1 X111.233 Y111.932 E.01053
;WIDTH:0.587138
G1 X110.735 Y112.172 E.01048
;WIDTH:0.593206
G1 X110.194 Y112.288 E.0106
G1 X109.642 Y112.264 E.01059
;WIDTH:0.585958
G1 X109.11 Y112.113 E.01046
;WIDTH:0.595986
G1 X108.616 Y111.832 E.01094
G1 X108.23 Y111.457 E.01036
;WIDTH:0.587018
G1 X107.933 Y110.991 E.01047
;WIDTH:0.598304
G1 X107.744 Y110.422 E.01159
G1 X107.708 Y109.917 E.00979
;WIDTH:0.58862
G1 X107.796 Y109.372 E.01049
;WIDTH:0.58879
G1 X108.009 Y108.861 E.01053
;WIDTH:0.590682
G1 X108.339 Y108.417 E.01055
G1 X108.767 Y108.068 E.01053
;WIDTH:0.58714
G1 X109.265 Y107.828 E.01048
;WIDTH:0.593206
G1 X109.806 Y107.712 E.0106
G1 X110.215 Y107.73 E.00784
G1 X110.308 Y107.232 F9000
;TYPE:External perimeter
;WIDTH:0.419999
G1 F900
G1 X110.806 Y107.334 E.00681
G1 X111.282 Y107.527 E.00688
G1 X111.714 Y107.805 E.00688
G1 X112.088 Y108.157 E.00688
G1 X112.392 Y108.573 E.0069
G1 X112.613 Y109.037 E.00689
G1 X112.746 Y109.533 E.00688
G1 X112.785 Y110.045 E.00688
G1 X112.729 Y110.556 E.00689
G1 X112.58 Y111.049 E.0069
G1 X112.344 Y111.505 E.00688
G1 X112.028 Y111.91 E.00688
G1 X111.642 Y112.25 E.00689
G1 X111.201 Y112.513 E.00688
G1 X110.718 Y112.691 E.0069
G1 X110.212 Y112.777 E.00688
G1 X109.698 Y112.769 E.00689
G1 X109.194 Y112.666 E.00689
G1 X108.718 Y112.473 E.00688
G1 X108.286 Y112.195 E.00688
G1 X107.912 Y111.843 E.00688
G1 X107.608 Y111.427 E.0069
G1 X107.387 Y110.963 E.00689
G1 X107.254 Y110.467 E.00688
G1 X107.215 Y109.955 E.00688
G1 X107.271 Y109.444 E.00689
G1 X107.42 Y108.951 E.0069
G1 X107.656 Y108.495 E.00688
G1 X107.972 Y108.09 E.00688
G1 X108.358 Y107.75 E.00689
G1 X108.799 Y107.487 E.00688
G1 X109.282 Y107.309 E.0069
G1 X109.788 Y107.223 E.00688
G1 X110.248 Y107.23 E.00616
;LAYER_CHANGE
;Z:2.52
;HEIGHT:0.0799999
;BEFORE_LAYER_CHANGE
G92 E0
;2.52


G1 E-3.5 F3600
;WIPE_START
G1 F7200
G1 X110.308 Y107.232 E-.02852
G1 X110.806 Y107.334 E-.24146
G1 X111.282 Y107.527 E-.24398
G1 X111.714 Y107.805 E-.24402
G1 X112.088 Y108.157 E-.24396
G1 X112.392 Y108.573 E-.24474
G1 X112.613 Y109.037 E-.24412
G1 X112.618 Y109.056 E-.0092
;WIPE_END
G1 Z2.52 F9000
;AFTER_LAYER_CHANGE
;2.52
G1 X110.218 Y108.207
G1 E5 F2400
G1 F900
G1 X110.242 Y108.208 E.00032
G1 X110.664 Y108.318 E.00584
G1 X111.058 Y108.535 E.00603
G1 X111.37 Y108.819 E.00565
G1 X111.613 Y109.181 E.00584
G1 X111.754 Y109.667 E.00678
G1 X111.809 Y110.024 E.00484
G1 X111.75 Y110.456 E.00584
G1 X111.545 Y110.928 E.00689
G1 X111.338 Y111.217 E.00476
G1 X111.007 Y111.502 E.00585
G1 X110.509 Y111.727 E.00732
G1 X110.194 Y111.798 E.00433
G1 X109.758 Y111.792 E.00584
G1 X109.336 Y111.682 E.00584
G1 X108.942 Y111.465 E.00603
G1 X108.63 Y111.181 E.00565
G1 X108.387 Y110.819 E.00584
G1 X108.232 Y110.362 E.00647
G1 X108.191 Y109.976 E.0052
G1 X108.25 Y109.544 E.00584
G1 X108.455 Y109.072 E.00689
G1 X108.662 Y108.783 E.00476
G1 X108.993 Y108.498 E.00585
G1 X109.491 Y108.273 E.00732
G1 X109.806 Y108.202 E.00433
G1 X110.158 Y108.206 E.00472
G1 X110.275 Y107.732 F9000
;TYPE:Perimeter
;WIDTH:0.593206
G1 F900
G1 X110.358 Y107.736 E.00159
;WIDTH:0.585956
G1 X110.89 Y107.887 E.01046
;WIDTH:0.595984
G1 X111.384 Y108.168 E.01094
G1 X111.753 Y108.519 E.0098
;WIDTH:0.586388
G1 X112.038 Y108.947 E.00974
;WIDTH:0.595748
G1 X112.203 Y109.388 E.00906
G1 X112.292 Y110.083 E.01348
;WIDTH:0.588618
G1 X112.204 Y110.628 E.01049
;WIDTH:0.588788
G1 X111.991 Y111.139 E.01053
;WIDTH:0.590682
G1 X111.661 Y111.583 E.01055
G1 X111.233 Y111.932 E.01053
;WIDTH:0.587136
G1 X110.735 Y112.172 E.01048
;WIDTH:0.593206
G1 X110.194 Y112.288 E.0106
G1 X109.642 Y112.264 E.01059
;WIDTH:0.585956
G1 X109.11 Y112.113 E.01046
;WIDTH:0.595986
G1 X108.616 Y111.832 E.01094
G1 X108.23 Y111.457 E.01036
;WIDTH:0.587016
G1 X107.933 Y110.991 E.01047
;WIDTH:0.598304
G1 X107.744 Y110.422 E.01159
G1 X107.708 Y109.917 E.00979
;WIDTH:0.58862
G1 X107.796 Y109.372 E.01049
;WIDTH:0.58879
G1 X108.009 Y108.861 E.01053
;WIDTH:0.590682
G1 X108.339 Y108.417 E.01055
G1 X108.767 Y108.068 E.01053
;WIDTH:0.58714
G1 X109.265 Y107.828 E.01048
;WIDTH:0.593206
G1 X109.806 Y107.712 E.0106
G1 X110.215 Y107.73 E.00784
G1 X110.308 Y107.232 F9000
;TYPE:External perimeter
;WIDTH:0.419999
G1 F900
G1 X110.806 Y107.334 E.00681
G1 X111.282 Y107.527 E.00688
G1 X111.714 Y107.805 E.00688
G1 X112.088 Y108.157 E.00688
G1 X112.392 Y108.573 E.0069
G1 X112.613 Y109.037 E.00689
G1 X112.746 Y109.534 E.00689
G1 X112.785 Y110.045 E.00687
G1 X112.729 Y110.556 E.00689
G1 X112.58 Y111.049 E.0069
G1 X112.344 Y111.505 E.00688
G1 X112.028 Y111.91 E.00688
G1 X111.642 Y112.25 E.00689
G1 X111.201 Y112.513 E.00688
G1 X110.718 Y112.691 E.0069
G1 X110.212 Y112.777 E.00688
G1 X109.698 Y112.769 E.00689
G1 X109.194 Y112.666 E.00689
G1 X108.718 Y112.473 E.00688
G1 X108.286 Y112.195 E.00688
G1 X107.912 Y111.843 E.00688
G1 X107.608 Y111.427 E.0069
G1 X107.387 Y110.963 E.00689
G1 X107.254 Y110.467 E.00688
G1 X107.215 Y109.955 E.00688
G1 X107.271 Y109.444 E.00689
G1 X107.42 Y108.951 E.0069
G1 X107.656 Y108.495 E.00688
G1 X107.972 Y108.09 E.00688
G1 X108.358 Y107.75 E.00689
G1 X108.799 Y107.487 E.00688
G1 X109.282 Y107.309 E.0069
G1 X109.788 Y107.223 E.00688
G1 X110.248 Y107.23 E.00616
;LAYER_CHANGE
;Z:2.6
;HEIGHT:0.0799999
;BEFORE_LAYER_CHANGE
G92 E0
;2.6


G1 E-3.5 F3600
;WIPE_START
G1 F7200
G1 X110.308 Y107.232 E-.02852
G1 X110.806 Y107.334 E-.24146
G1 X111.282 Y107.527 E-.24398
G1 X111.714 Y107.805 E-.24402
G1 X112.088 Y108.157 E-.24396
G1 X112.392 Y108.573 E-.24474
G1 X112.613 Y109.037 E-.24412
G1 X112.618 Y109.056 E-.0092
;WIPE_END
G1 Z2.6 F9000
;AFTER_LAYER_CHANGE
;2.6
G1 X110.218 Y108.207
G1 E5 F2400
G1 F900
G1 X110.242 Y108.208 E.00032
G1 X110.553 Y108.288 E.0043
G1 X111.02 Y108.505 E.0069
G1 X111.37 Y108.819 E.0063
G1 X111.613 Y109.181 E.00584
G1 X111.768 Y109.638 E.00647
G1 X111.809 Y110.024 E.0052
G1 X111.75 Y110.456 E.00584
G1 X111.545 Y110.928 E.00689
G1 X111.338 Y111.217 E.00476
G1 X111.007 Y111.502 E.00585
G1 X110.509 Y111.727 E.00732
G1 X110.194 Y111.798 E.00433
G1 X109.758 Y111.792 E.00584
G1 X109.336 Y111.682 E.00584
G1 X108.942 Y111.465 E.00603
G1 X108.63 Y111.181 E.00565
G1 X108.387 Y110.819 E.00584
G1 X108.232 Y110.362 E.00647
G1 X108.191 Y109.976 E.0052
G1 X108.25 Y109.544 E.00584
G1 X108.455 Y109.072 E.00689
G1 X108.662 Y108.783 E.00476
G1 X108.993 Y108.498 E.00585
G1 X109.491 Y108.273 E.00732
G1 X109.806 Y108.202 E.00433
G1 X110.158 Y108.206 E.00472
G1 X110.276 Y107.728 F9000
;TYPE:Perimeter
;WIDTH:0.601538
G1 F900
G1 X110.628 Y107.794 E.00696
;WIDTH:0.61394
G1 X111.019 Y107.953 E.00838
G1 X111.384 Y108.168 E.00841
;WIDTH:0.595982
G1 X111.753 Y108.519 E.0098
;WIDTH:0.586392
G1 X112.038 Y108.947 E.00974
;WIDTH:0.58249
G1 X112.221 Y109.427 E.00966
;WIDTH:0.59128
G1 X112.292 Y110.083 E.0126
;WIDTH:0.588616
G1 X112.204 Y110.628 E.01049
;WIDTH:0.588788
G1 X111.991 Y111.139 E.01053
;WIDTH:0.59068
G1 X111.661 Y111.583 E.01055
G1 X111.233 Y111.932 E.01053
;WIDTH:0.587138
G1 X110.735 Y112.172 E.01048
;WIDTH:0.593206
G1 X110.194 Y112.288 E.0106
G1 X109.642 Y112.264 E.01059
;WIDTH:0.585956
G1 X109.11 Y112.113 E.01046
;WIDTH:0.595988
G1 X108.616 Y111.832 E.01094
G1 X108.23 Y111.457 E.01036
;WIDTH:0.587016
G1 X107.933 Y110.991 E.01047
;WIDTH:0.598304
G1 X107.744 Y110.422 E.01159
G1 X107.708 Y109.917 E.00979
;WIDTH:0.58862
G1 X107.796 Y109.372 E.01049
;WIDTH:0.58879
G1 X108.009 Y108.861 E.01053
;WIDTH:0.590682
G1 X108.339 Y108.417 E.01055
G1 X108.725 Y108.093 E.00961
;WIDTH:0.583466
G1 X109.182 Y107.857 E.00969
;WIDTH:0.584766
G1 X109.68 Y107.728 E.00971
;WIDTH:0.593206
G1 X110.194 Y107.712 E.00985
;WIDTH:0.601538
G1 X110.217 Y107.717 E.00046
G1 X110.308 Y107.232 F9000
;TYPE:External perimeter
;WIDTH:0.419999
G1 F900
G1 X110.813 Y107.337 E.00691
G1 X111.283 Y107.528 E.0068
G1 X111.714 Y107.805 E.00686
G1 X112.088 Y108.157 E.00688
G1 X112.392 Y108.573 E.0069
G1 X112.613 Y109.037 E.00689
G1 X112.746 Y109.533 E.00688
G1 X112.785 Y110.045 E.00688
G1 X112.729 Y110.556 E.00689
G1 X112.58 Y111.049 E.0069
G1 X112.344 Y111.505 E.00688
G1 X112.028 Y111.91 E.00688
G1 X111.642 Y112.25 E.00689
G1 X111.201 Y112.513 E.00688
G1 X110.718 Y112.691 E.0069
G1 X110.212 Y112.777 E.00688
G1 X109.698 Y112.769 E.00689
G1 X109.194 Y112.666 E.00689
G1 X108.718 Y112.473 E.00688
G1 X108.286 Y112.195 E.00688
G1 X107.912 Y111.843 E.00688
G1 X107.608 Y111.427 E.0069
G1 X107.387 Y110.963 E.00689
G1 X107.254 Y110.467 E.00688
G1 X107.215 Y109.955 E.00688
G1 X107.271 Y109.444 E.00689
G1 X107.42 Y108.951 E.0069
G1 X107.656 Y108.495 E.00688
G1 X107.972 Y108.09 E.00688
G1 X108.358 Y107.75 E.00689
G1 X108.799 Y107.487 E.00688
G1 X109.282 Y107.309 E.0069
G1 X109.788 Y107.223 E.00688
G1 X110.248 Y107.23 E.00616
;LAYER_CHANGE
;Z:2.68
;HEIGHT:0.0800002
;BEFORE_LAYER_CHANGE
G92 E0
;2.68


G1 E-3.5 F3600
;WIPE_START
G1 F7200
G1 X110.308 Y107.232 E-.02852
G1 X110.813 Y107.337 E-.24501
G1 X111.283 Y107.528 E-.24098
G1 X111.714 Y107.805 E-.24336
G1 X112.088 Y108.157 E-.24396
G1 X112.392 Y108.573 E-.24474
G1 X112.613 Y109.037 E-.24412
G1 X112.618 Y109.056 E-.00931
;WIPE_END
G1 Z2.68 F9000
;AFTER_LAYER_CHANGE
;2.68
G1 X110.218 Y108.207
G1 E5 F2400
G1 F900
G1 X110.242 Y108.208 E.00032
G1 X110.664 Y108.318 E.00584
G1 X111.058 Y108.535 E.00603
G1 X111.37 Y108.819 E.00565
G1 X111.613 Y109.181 E.00584
G1 X111.768 Y109.638 E.00647
G1 X111.809 Y110.024 E.0052
G1 X111.75 Y110.456 E.00584
G1 X111.545 Y110.928 E.00689
G1 X111.338 Y111.217 E.00476
G1 X111.007 Y111.502 E.00585
G1 X110.509 Y111.727 E.00732
G1 X110.194 Y111.798 E.00433
G1 X109.758 Y111.792 E.00584
G1 X109.336 Y111.682 E.00584
G1 X108.942 Y111.465 E.00603
G1 X108.63 Y111.181 E.00565
G1 X108.387 Y110.819 E.00584
G1 X108.232 Y110.362 E.00647
G1 X108.191 Y110.024 E.00456
G1 X108.25 Y109.544 E.00648
G1 X108.455 Y109.072 E.00689
G1 X108.662 Y108.783 E.00476
G1 X108.993 Y108.498 E.00585
G1 X109.491 Y108.273 E.00732
G1 X109.806 Y108.202 E.00433
G1 X110.158 Y108.206 E.00472
G1 X110.275 Y107.732 F9000
;TYPE:Perimeter
;WIDTH:0.593206
G1 F900
G1 X110.358 Y107.736 E.00159
;WIDTH:0.585956
G1 X110.89 Y107.887 E.01046
;WIDTH:0.595982
G1 X111.384 Y108.168 E.01094
G1 X111.753 Y108.519 E.0098
;WIDTH:0.586392
G1 X112.038 Y108.947 E.00974
;WIDTH:0.582494
G1 X112.221 Y109.427 E.00966
;WIDTH:0.59128
G1 X112.292 Y110.083 E.0126
;WIDTH:0.588616
G1 X112.204 Y110.628 E.01049
;WIDTH:0.588788
G1 X111.991 Y111.139 E.01053
;WIDTH:0.590678
G1 X111.661 Y111.583 E.01055
G1 X111.233 Y111.932 E.01053
;WIDTH:0.58714
G1 X110.735 Y112.172 E.01048
;WIDTH:0.593206
G1 X110.194 Y112.288 E.0106
G1 X109.642 Y112.264 E.01059
;WIDTH:0.585958
G1 X109.11 Y112.113 E.01046
;WIDTH:0.595986
G1 X108.616 Y111.832 E.01094
G1 X108.23 Y111.457 E.01036
;WIDTH:0.587018
G1 X107.933 Y110.991 E.01047
;WIDTH:0.598304
G1 X107.744 Y110.422 E.01159
G1 X107.708 Y109.917 E.00979
;WIDTH:0.58862
G1 X107.796 Y109.372 E.01049
;WIDTH:0.58879
G1 X108.009 Y108.861 E.01053
;WIDTH:0.590682
G1 X108.339 Y108.417 E.01055
G1 X108.767 Y108.068 E.01053
;WIDTH:0.58714
G1 X109.265 Y107.828 E.01048
;WIDTH:0.593206
G1 X109.806 Y107.712 E.0106
G1 X110.215 Y107.73 E.00784
G1 X110.308 Y107.232 F9000
;TYPE:External perimeter
;WIDTH:0.419999
G1 F900
G1 X110.806 Y107.334 E.00681
G1 X111.282 Y107.527 E.00688
G1 X111.714 Y107.805 E.00688
G1 X112.088 Y108.157 E.00688
G1 X112.392 Y108.573 E.0069
G1 X112.613 Y109.037 E.00689
G1 X112.746 Y109.533 E.00688
G1 X112.785 Y110.045 E.00688
G1 X112.729 Y110.556 E.00689
G1 X112.58 Y111.049 E.0069
G1 X112.344 Y111.505 E.00688
G1 X112.028 Y111.91 E.00688
G1 X111.642 Y112.25 E.00689
G1 X111.201 Y112.513 E.00688
G1 X110.718 Y112.691 E.0069
G1 X110.212 Y112.777 E.00688
G1 X109.698 Y112.769 E.00689
G1 X109.194 Y112.666 E.00689
G1 X108.718 Y112.473 E.00688
G1 X108.286 Y112.195 E.00688
G1 X107.912 Y111.843 E.00688
G1 X107.608 Y111.427 E.0069
G1 X107.387 Y110.963 E.00689
G1 X107.254 Y110.467 E.00688
G1 X107.215 Y109.955 E.00688
G1 X107.271 Y109.444 E.00689
G1 X107.42 Y108.951 E.0069
G1 X107.656 Y108.495 E.00688
G1 X107.972 Y108.09 E.00688
G1 X108.358 Y107.75 E.00689
G1 X108.799 Y107.487 E.00688
G1 X109.282 Y107.309 E.0069
G1 X109.788 Y107.223 E.00688
G1 X110.248 Y107.23 E.00616
;LAYER_CHANGE
;Z:2.76
;HEIGHT:0.0799999
;BEFORE_LAYER_CHANGE
G92 E0
;2.76


G1 E-3.5 F3600
;WIPE_START
G1 F7200
G1 X110.308 Y107.232 E-.02852
G1 X110.806 Y107.334 E-.24146
G1 X111.282 Y107.527 E-.24398
G1 X111.714 Y107.805 E-.24402
G1 X112.088 Y108.157 E-.24396
G1 X112.392 Y108.573 E-.24474
G1 X112.613 Y109.037 E-.24412
G1 X112.618 Y109.056 E-.0092
;WIPE_END
G1 Z2.76 F9000
;AFTER_LAYER_CHANGE
;2.76
G1 X110.218 Y108.207
G1 E5 F2400
G1 F900
G1 X110.242 Y108.208 E.00032
G1 X110.664 Y108.318 E.00584
G1 X111.058 Y108.535 E.00603
G1 X111.37 Y108.819 E.00565
G1 X111.613 Y109.181 E.00584
G1 X111.757 Y109.662 E.00673
G1 X111.809 Y110.024 E.0049
G1 X111.75 Y110.456 E.00584
G1 X111.545 Y110.928 E.00689
G1 X111.338 Y111.217 E.00476
G1 X111.007 Y111.502 E.00585
G1 X110.509 Y111.727 E.00732
G1 X110.194 Y111.798 E.00433
G1 X109.758 Y111.792 E.00584
G1 X109.336 Y111.682 E.00584
G1 X108.942 Y111.465 E.00603
G1 X108.63 Y111.181 E.00565
G1 X108.387 Y110.819 E.00584
G1 X108.232 Y110.362 E.00647
G1 X108.191 Y109.976 E.0052
G1 X108.25 Y109.544 E.00584
G1 X108.455 Y109.072 E.00689
G1 X108.662 Y108.783 E.00476
G1 X108.993 Y108.498 E.00585
G1 X109.357 Y108.308 E.0055
G1 X109.806 Y108.202 E.00618
G1 X110.158 Y108.206 E.00472
G1 X110.275 Y107.732 F9000
;TYPE:Perimeter
;WIDTH:0.593206
G1 F900
G1 X110.358 Y107.736 E.00159
;WIDTH:0.585956
G1 X110.89 Y107.887 E.01046
;WIDTH:0.595984
G1 X111.384 Y108.168 E.01094
G1 X111.753 Y108.519 E.0098
;WIDTH:0.586392
G1 X112.038 Y108.947 E.00974
;WIDTH:0.59426
G1 X112.213 Y109.42 E.00968
G1 X112.292 Y110.083 E.01282
;WIDTH:0.588618
G1 X112.204 Y110.628 E.01049
;WIDTH:0.588788
G1 X111.991 Y111.139 E.01053
;WIDTH:0.590676
G1 X111.661 Y111.583 E.01055
G1 X111.233 Y111.932 E.01053
;WIDTH:0.587136
G1 X110.735 Y112.172 E.01048
;WIDTH:0.593206
G1 X110.194 Y112.288 E.0106
G1 X109.642 Y112.264 E.01059
;WIDTH:0.585956
G1 X109.11 Y112.113 E.01046
;WIDTH:0.595988
G1 X108.616 Y111.832 E.01094
G1 X108.23 Y111.457 E.01036
;WIDTH:0.587018
G1 X107.933 Y110.991 E.01047
;WIDTH:0.598304
G1 X107.744 Y110.422 E.01159
G1 X107.708 Y109.917 E.00979
;WIDTH:0.58862
G1 X107.796 Y109.372 E.01049
;WIDTH:0.58879
G1 X108.009 Y108.861 E.01053
;WIDTH:0.59068
G1 X108.339 Y108.417 E.01055
G1 X108.767 Y108.068 E.01053
;WIDTH:0.58714
G1 X109.265 Y107.828 E.01048
;WIDTH:0.593206
G1 X109.806 Y107.712 E.0106
G1 X110.215 Y107.73 E.00784
G1 X110.308 Y107.232 F9000
;TYPE:External perimeter
;WIDTH:0.419999
G1 F900
G1 X110.806 Y107.334 E.00681
G1 X111.282 Y107.527 E.00688
G1 X111.714 Y107.805 E.00688
G1 X112.088 Y108.157 E.00688
G1 X112.392 Y108.573 E.0069
G1 X112.613 Y109.037 E.00689
G1 X112.746 Y109.534 E.00689
G1 X112.785 Y110.045 E.00687
G1 X112.729 Y110.556 E.00689
G1 X112.58 Y111.049 E.0069
G1 X112.344 Y111.505 E.00688
G1 X112.028 Y111.91 E.00688
G1 X111.642 Y112.25 E.00689
G1 X111.201 Y112.513 E.00688
G1 X110.718 Y112.691 E.0069
G1 X110.212 Y112.777 E.00688
G1 X109.698 Y112.769 E.00689
G1 X109.194 Y112.666 E.00689
G1 X108.718 Y112.473 E.00688
G1 X108.286 Y112.195 E.00688
G1 X107.912 Y111.843 E.00688
G1 X107.608 Y111.427 E.0069
G1 X107.387 Y110.963 E.00689
G1 X107.254 Y110.467 E.00688
G1 X107.215 Y109.955 E.00688
G1 X107.271 Y109.444 E.00689
G1 X107.42 Y108.951 E.0069
G1 X107.656 Y108.495 E.00688
G1 X107.972 Y108.09 E.00688
G1 X108.358 Y107.75 E.00689
G1 X108.799 Y107.487 E.00688
G1 X109.282 Y107.309 E.0069
G1 X109.788 Y107.223 E.00688
G1 X110.248 Y107.23 E.00616
;LAYER_CHANGE
;Z:2.84
;HEIGHT:0.0799999
;BEFORE_LAYER_CHANGE
G92 E0
;2.84


G1 E-3.5 F3600
;WIPE_START
G1 F7200
G1 X110.308 Y107.232 E-.02852
G1 X110.806 Y107.334 E-.24146
G1 X111.282 Y107.527 E-.24398
G1 X111.714 Y107.805 E-.24402
G1 X112.088 Y108.157 E-.24396
G1 X112.392 Y108.573 E-.24474
G1 X112.613 Y109.037 E-.24412
G1 X112.618 Y109.056 E-.0092
;WIPE_END
G1 Z2.84 F9000
;AFTER_LAYER_CHANGE
;2.84
G1 X110.218 Y108.207
G1 E5 F2400
G1 F900
G1 X110.242 Y108.208 E.00032
G1 X110.664 Y108.318 E.00584
G1 X111.058 Y108.535 E.00603
G1 X111.37 Y108.819 E.00565
G1 X111.613 Y109.181 E.00584
G1 X111.768 Y109.638 E.00647
G1 X111.809 Y110.024 E.0052
G1 X111.75 Y110.456 E.00584
G1 X111.545 Y110.928 E.00689
G1 X111.338 Y111.217 E.00476
G1 X111.007 Y111.502 E.00585
G1 X110.509 Y111.727 E.00732
G1 X110.194 Y111.798 E.00433
G1 X109.758 Y111.792 E.00584
G1 X109.336 Y111.682 E.00584
G1 X108.942 Y111.465 E.00603
G1 X108.63 Y111.181 E.00565
G1 X108.387 Y110.819 E.00584
G1 X108.232 Y110.362 E.00647
G1 X108.191 Y109.976 E.0052
G1 X108.25 Y109.544 E.00584
G1 X108.455 Y109.072 E.00689
G1 X108.662 Y108.783 E.00476
G1 X108.993 Y108.498 E.00585
G1 X109.491 Y108.273 E.00732
G1 X109.806 Y108.202 E.00433
G1 X110.158 Y108.206 E.00472
G1 X110.275 Y107.732 F9000
;TYPE:Perimeter
;WIDTH:0.593206
G1 F900
G1 X110.358 Y107.736 E.00159
;WIDTH:0.585954
G1 X110.89 Y107.887 E.01046
;WIDTH:0.595984
G1 X111.384 Y108.168 E.01094
G1 X111.753 Y108.519 E.0098
;WIDTH:0.58639
G1 X112.038 Y108.947 E.00974
;WIDTH:0.582494
G1 X112.221 Y109.427 E.00966
;WIDTH:0.59128
G1 X112.292 Y110.083 E.0126
;WIDTH:0.588618
G1 X112.204 Y110.628 E.01049
;WIDTH:0.588788
G1 X111.991 Y111.139 E.01053
;WIDTH:0.590682
G1 X111.661 Y111.583 E.01055
G1 X111.233 Y111.932 E.01053
;WIDTH:0.58714
G1 X110.735 Y112.172 E.01048
;WIDTH:0.593206
G1 X110.194 Y112.288 E.0106
G1 X109.642 Y112.264 E.01059
;WIDTH:0.585956
G1 X109.11 Y112.113 E.01046
;WIDTH:0.595986
G1 X108.616 Y111.832 E.01094
G1 X108.23 Y111.457 E.01036
;WIDTH:0.587018
G1 X107.933 Y110.991 E.01047
;WIDTH:0.598304
G1 X107.744 Y110.422 E.01159
G1 X107.708 Y109.917 E.00979
;WIDTH:0.58862
G1 X107.796 Y109.372 E.01049
;WIDTH:0.58879
G1 X108.009 Y108.861 E.01053
;WIDTH:0.590682
G1 X108.339 Y108.417 E.01055
G1 X108.767 Y108.068 E.01053
;WIDTH:0.58714
G1 X109.265 Y107.828 E.01048
;WIDTH:0.593206
G1 X109.806 Y107.712 E.0106
G1 X110.215 Y107.73 E.00784
G1 X110.308 Y107.232 F9000
;TYPE:External perimeter
;WIDTH:0.419999
G1 F900
G1 X110.806 Y107.334 E.00681
G1 X111.282 Y107.527 E.00688
G1 X111.714 Y107.805 E.00688
G1 X112.088 Y108.157 E.00688
G1 X112.392 Y108.573 E.0069
G1 X112.613 Y109.037 E.00689
G1 X112.746 Y109.533 E.00688
G1 X112.785 Y110.045 E.00688
G1 X112.729 Y110.556 E.00689
G1 X112.58 Y111.049 E.0069
G1 X112.344 Y111.505 E.00688
G1 X112.028 Y111.91 E.00688
G1 X111.642 Y112.25 E.00689
G1 X111.201 Y112.513 E.00688
G1 X110.718 Y112.691 E.0069
G1 X110.212 Y112.777 E.00688
G1 X109.698 Y112.769 E.00689
G1 X109.194 Y112.666 E.00689
G1 X108.718 Y112.473 E.00688
G1 X108.286 Y112.195 E.00688
G1 X107.912 Y111.843 E.00688
G1 X107.608 Y111.427 E.0069
G1 X107.387 Y110.963 E.00689
G1 X107.254 Y110.467 E.00688
G1 X107.215 Y109.955 E.00688
G1 X107.271 Y109.444 E.00689
G1 X107.42 Y108.951 E.0069
G1 X107.656 Y108.495 E.00688
G1 X107.972 Y108.09 E.00688
G1 X108.358 Y107.75 E.00689
G1 X108.799 Y107.487 E.00688
G1 X109.282 Y107.309 E.0069
G1 X109.788 Y107.223 E.00688
G1 X110.248 Y107.23 E.00616
;LAYER_CHANGE
;Z:2.92
;HEIGHT:0.0800002
;BEFORE_LAYER_CHANGE
G92 E0
;2.92


G1 E-3.5 F3600
;WIPE_START
G1 F7200
G1 X110.308 Y107.232 E-.02852
G1 X110.806 Y107.334 E-.24146
G1 X111.282 Y107.527 E-.24398
G1 X111.714 Y107.805 E-.24402
G1 X112.088 Y108.157 E-.24396
G1 X112.392 Y108.573 E-.24474
G1 X112.613 Y109.037 E-.24412
G1 X112.618 Y109.056 E-.0092
;WIPE_END
G1 Z2.92 F9000
;AFTER_LAYER_CHANGE
;2.92
G1 X110.218 Y108.207
G1 E5 F2400
G1 F900
G1 X110.242 Y108.208 E.00032
G1 X110.664 Y108.318 E.00584
G1 X111.058 Y108.535 E.00603
G1 X111.37 Y108.819 E.00565
G1 X111.613 Y109.181 E.00584
G1 X111.768 Y109.638 E.00647
G1 X111.809 Y110.024 E.0052
G1 X111.75 Y110.456 E.00584
G1 X111.545 Y110.928 E.00689
G1 X111.338 Y111.217 E.00476
G1 X111.007 Y111.502 E.00585
G1 X110.509 Y111.727 E.00732
G1 X110.194 Y111.798 E.00433
G1 X109.758 Y111.792 E.00584
G1 X109.336 Y111.682 E.00584
G1 X108.942 Y111.465 E.00603
G1 X108.63 Y111.181 E.00565
G1 X108.387 Y110.819 E.00584
G1 X108.232 Y110.362 E.00647
G1 X108.191 Y109.976 E.0052
G1 X108.25 Y109.544 E.00584
G1 X108.455 Y109.072 E.00689
G1 X108.662 Y108.783 E.00476
G1 X108.993 Y108.498 E.00585
G1 X109.357 Y108.308 E.0055
G1 X109.806 Y108.202 E.00618
G1 X110.158 Y108.206 E.00472
G1 X110.275 Y107.732 F9000
;TYPE:Perimeter
;WIDTH:0.593206
G1 F900
G1 X110.358 Y107.736 E.00159
;WIDTH:0.585954
G1 X110.89 Y107.887 E.01046
;WIDTH:0.595984
G1 X111.384 Y108.168 E.01094
G1 X111.753 Y108.519 E.0098
;WIDTH:0.586392
G1 X112.038 Y108.947 E.00974
;WIDTH:0.582492
G1 X112.221 Y109.427 E.00966
;WIDTH:0.59128
G1 X112.292 Y110.083 E.0126
;WIDTH:0.588616
G1 X112.204 Y110.628 E.01049
;WIDTH:0.588788
G1 X111.991 Y111.139 E.01053
;WIDTH:0.590678
G1 X111.661 Y111.583 E.01055
G1 X111.233 Y111.932 E.01053
;WIDTH:0.587136
G1 X110.735 Y112.172 E.01048
;WIDTH:0.593206
G1 X110.194 Y112.288 E.0106
G1 X109.642 Y112.264 E.01059
;WIDTH:0.585956
G1 X109.11 Y112.113 E.01046
;WIDTH:0.595986
G1 X108.616 Y111.832 E.01094
G1 X108.23 Y111.457 E.01036
;WIDTH:0.587018
G1 X107.933 Y110.991 E.01047
;WIDTH:0.598304
G1 X107.744 Y110.422 E.01159
G1 X107.708 Y109.917 E.00979
;WIDTH:0.58862
G1 X107.796 Y109.372 E.01049
;WIDTH:0.58879
G1 X108.009 Y108.861 E.01053
;WIDTH:0.590682
G1 X108.339 Y108.417 E.01055
G1 X108.767 Y108.068 E.01053
;WIDTH:0.58714
G1 X109.265 Y107.828 E.01048
;WIDTH:0.593206
G1 X109.806 Y107.712 E.0106
G1 X110.215 Y107.73 E.00784
G1 X110.308 Y107.232 F9000
;TYPE:External perimeter
;WIDTH:0.419999
G1 F900
G1 X110.806 Y107.334 E.00681
G1 X111.282 Y107.527 E.00688
G1 X111.714 Y107.805 E.00688
G1 X112.088 Y108.157 E.00688
G1 X112.392 Y108.573 E.0069
G1 X112.613 Y109.037 E.00689
G1 X112.746 Y109.533 E.00688
G1 X112.785 Y110.045 E.00688
G1 X112.729 Y110.556 E.00689
G1 X112.58 Y111.049 E.0069
G1 X112.344 Y111.505 E.00688
G1 X112.028 Y111.91 E.00688
G1 X111.642 Y112.25 E.00689
G1 X111.201 Y112.513 E.00688
G1 X110.718 Y112.691 E.0069
G1 X110.212 Y112.777 E.00688
G1 X109.698 Y112.769 E.00689
G1 X109.194 Y112.666 E.00689
G1 X108.718 Y112.473 E.00688
G1 X108.286 Y112.195 E.00688
G1 X107.912 Y111.843 E.00688
G1 X107.608 Y111.427 E.0069
G1 X107.387 Y110.963 E.00689
G1 X107.254 Y110.467 E.00688
G1 X107.215 Y109.955 E.00688
G1 X107.271 Y109.444 E.00689
G1 X107.42 Y108.951 E.0069
G1 X107.656 Y108.495 E.00688
G1 X107.972 Y108.09 E.00688
G1 X108.358 Y107.75 E.00689
G1 X108.799 Y107.487 E.00688
G1 X109.282 Y107.309 E.0069
G1 X109.788 Y107.223 E.00688
G1 X110.248 Y107.23 E.00616
;LAYER_CHANGE
;Z:3
;HEIGHT:0.0799999
;BEFORE_LAYER_CHANGE
G92 E0
;3


G1 E-3.5 F3600
;WIPE_START
G1 F7200
G1 X110.308 Y107.232 E-.02852
G1 X110.806 Y107.334 E-.24146
G1 X111.282 Y107.527 E-.24398
G1 X111.714 Y107.805 E-.24402
G1 X112.088 Y108.157 E-.24396
G1 X112.392 Y108.573 E-.24474
G1 X112.613 Y109.037 E-.24412
G1 X112.618 Y109.056 E-.0092
;WIPE_END
G1 Z3 F9000
;AFTER_LAYER_CHANGE
;3
G1 X110.218 Y108.207
G1 E5 F2400
G1 F900
G1 X110.242 Y108.208 E.00032
G1 X110.664 Y108.318 E.00584
G1 X111.058 Y108.535 E.00603
G1 X111.37 Y108.819 E.00565
G1 X111.613 Y109.181 E.00584
G1 X111.759 Y109.655 E.00665
G1 X111.809 Y110.024 E.00499
G1 X111.75 Y110.456 E.00584
G1 X111.545 Y110.928 E.00689
G1 X111.338 Y111.217 E.00476
G1 X111.007 Y111.502 E.00585
G1 X110.509 Y111.727 E.00732
G1 X110.194 Y111.798 E.00433
G1 X109.758 Y111.792 E.00584
G1 X109.357 Y111.692 E.00554
G1 X108.942 Y111.465 E.00634
G1 X108.63 Y111.181 E.00565
G1 X108.385 Y110.813 E.00592
G1 X108.231 Y110.35 E.00654
G1 X108.191 Y109.976 E.00504
G1 X108.25 Y109.544 E.00584
G1 X108.455 Y109.072 E.00689
G1 X108.662 Y108.783 E.00476
G1 X108.993 Y108.498 E.00585
G1 X109.491 Y108.273 E.00732
G1 X109.806 Y108.202 E.00433
G1 X110.158 Y108.206 E.00472
G1 X110.275 Y107.732 F9000
;TYPE:Perimeter
;WIDTH:0.593206
G1 F900
G1 X110.358 Y107.736 E.00159
;WIDTH:0.585954
G1 X110.89 Y107.887 E.01046
;WIDTH:0.595982
G1 X111.384 Y108.168 E.01094
G1 X111.753 Y108.519 E.0098
;WIDTH:0.586392
G1 X112.038 Y108.947 E.00974
;WIDTH:0.5929
G1 X112.223 Y109.454 E.01033
G1 X112.292 Y110.083 E.01212
;WIDTH:0.588614
G1 X112.204 Y110.628 E.01049
;WIDTH:0.588788
G1 X111.991 Y111.139 E.01053
;WIDTH:0.590682
G1 X111.661 Y111.583 E.01055
G1 X111.233 Y111.932 E.01053
;WIDTH:0.587136
G1 X110.735 Y112.172 E.01048
;WIDTH:0.593206
G1 X110.194 Y112.288 E.0106
G1 X109.642 Y112.264 E.01059
;WIDTH:0.585956
G1 X109.11 Y112.113 E.01046
;WIDTH:0.595984
G1 X108.616 Y111.832 E.01094
G1 X108.23 Y111.457 E.01036
;WIDTH:0.587774
G1 X107.925 Y110.971 E.01089
;WIDTH:0.598414
G1 X107.744 Y110.422 E.01118
G1 X107.708 Y109.917 E.00979
;WIDTH:0.58862
G1 X107.796 Y109.372 E.01049
;WIDTH:0.58879
G1 X108.009 Y108.861 E.01053
;WIDTH:0.590682
G1 X108.339 Y108.417 E.01055
G1 X108.767 Y108.068 E.01053
;WIDTH:0.58714
G1 X109.265 Y107.828 E.01048
;WIDTH:0.593206
G1 X109.806 Y107.712 E.0106
G1 X110.215 Y107.73 E.00784
G1 X110.308 Y107.232 F9000
;TYPE:External perimeter
;WIDTH:0.419999
G1 F900
G1 X110.806 Y107.334 E.00681
G1 X111.282 Y107.527 E.00688
G1 X111.714 Y107.805 E.00688
G1 X112.088 Y108.157 E.00688
G1 X112.392 Y108.573 E.0069
G1 X112.613 Y109.037 E.00689
G1 X112.746 Y109.533 E.00688
G1 X112.785 Y110.045 E.00688
G1 X112.729 Y110.556 E.00689
G1 X112.58 Y111.049 E.0069
G1 X112.344 Y111.505 E.00688
G1 X112.028 Y111.91 E.00688
G1 X111.642 Y112.25 E.00689
G1 X111.201 Y112.513 E.00688
G1 X110.718 Y112.691 E.0069
G1 X110.212 Y112.777 E.00688
G1 X109.698 Y112.769 E.00689
G1 X109.194 Y112.666 E.00689
G1 X108.718 Y112.473 E.00688
G1 X108.286 Y112.195 E.00688
G1 X107.912 Y111.843 E.00688
G1 X107.608 Y111.427 E.0069
G1 X107.387 Y110.963 E.00689
G1 X107.253 Y110.455 E.00704
G1 X107.215 Y109.955 E.00672
G1 X107.271 Y109.444 E.00689
G1 X107.42 Y108.951 E.0069
G1 X107.656 Y108.495 E.00688
G1 X107.972 Y108.09 E.00688
G1 X108.358 Y107.75 E.00689
G1 X108.799 Y107.487 E.00688
G1 X109.282 Y107.309 E.0069
G1 X109.788 Y107.223 E.00688
G1 X110.248 Y107.23 E.00616
;LAYER_CHANGE
;Z:3.08
;HEIGHT:0.0799999
;BEFORE_LAYER_CHANGE
G92 E0
;3.08


G1 E-3.5 F3600
;WIPE_START
G1 F7200
G1 X110.308 Y107.232 E-.02852
G1 X110.806 Y107.334 E-.24146
G1 X111.282 Y107.527 E-.24398
G1 X111.714 Y107.805 E-.24402
G1 X112.088 Y108.157 E-.24396
G1 X112.392 Y108.573 E-.24474
G1 X112.613 Y109.037 E-.24412
G1 X112.618 Y109.056 E-.0092
;WIPE_END
G1 Z3.08 F9000
;AFTER_LAYER_CHANGE
;3.08
G1 X110.218 Y108.207
G1 E5 F2400
G1 F900
G1 X110.242 Y108.208 E.00032
G1 X110.664 Y108.318 E.00584
G1 X111.058 Y108.535 E.00603
G1 X111.37 Y108.819 E.00565
G1 X111.613 Y109.181 E.00584
G1 X111.76 Y109.653 E.00662
G1 X111.809 Y110.024 E.00501
G1 X111.75 Y110.456 E.00584
G1 X111.545 Y110.928 E.00689
G1 X111.338 Y111.217 E.00476
G1 X111.007 Y111.502 E.00585
G1 X110.509 Y111.727 E.00732
G1 X110.194 Y111.798 E.00433
G1 X109.758 Y111.792 E.00584
G1 X109.336 Y111.682 E.00584
G1 X108.942 Y111.465 E.00603
G1 X108.63 Y111.181 E.00565
G1 X108.385 Y110.814 E.00591
G1 X108.232 Y110.359 E.00643
G1 X108.191 Y109.976 E.00516
G1 X108.25 Y109.544 E.00584
G1 X108.455 Y109.072 E.00689
G1 X108.662 Y108.783 E.00476
G1 X108.993 Y108.498 E.00585
G1 X109.491 Y108.273 E.00732
G1 X109.806 Y108.202 E.00433
G1 X110.158 Y108.206 E.00472
G1 X110.275 Y107.732 F9000
;TYPE:Perimeter
;WIDTH:0.591274
G1 F900
G1 X110.358 Y107.736 E.00159
;WIDTH:0.585956
G1 X110.89 Y107.887 E.01046
;WIDTH:0.595984
G1 X111.384 Y108.168 E.01094
G1 X111.753 Y108.519 E.0098
;WIDTH:0.586392
G1 X112.038 Y108.947 E.00974
;WIDTH:0.592512
G1 X112.227 Y109.465 E.01055
G1 X112.292 Y110.083 E.01189
;WIDTH:0.588614
G1 X112.204 Y110.628 E.01049
;WIDTH:0.588788
G1 X111.991 Y111.139 E.01053
;WIDTH:0.590682
G1 X111.661 Y111.583 E.01055
G1 X111.233 Y111.932 E.01053
;WIDTH:0.587138
G1 X110.735 Y112.172 E.01048
;WIDTH:0.593206
G1 X110.194 Y112.288 E.0106
G1 X109.642 Y112.264 E.01059
;WIDTH:0.585956
G1 X109.11 Y112.113 E.01046
;WIDTH:0.595986
G1 X108.616 Y111.832 E.01094
G1 X108.23 Y111.457 E.01036
;WIDTH:0.587402
G1 X107.926 Y110.973 E.01084
;WIDTH:0.5982
G1 X107.744 Y110.418 E.01129
G1 X107.708 Y109.917 E.00971
;WIDTH:0.58862
G1 X107.796 Y109.372 E.01049
;WIDTH:0.58879
G1 X108.009 Y108.861 E.01053
;WIDTH:0.590682
G1 X108.339 Y108.417 E.01055
G1 X108.767 Y108.068 E.01053
;WIDTH:0.58714
G1 X109.265 Y107.828 E.01048
;WIDTH:0.591274
G1 X109.806 Y107.713 E.01056
G1 X110.215 Y107.73 E.00782
G1 X110.326 Y107.242 F9000
;TYPE:External perimeter
;WIDTH:0.419999
G1 F900
G1 X110.806 Y107.334 E.00655
G1 X111.282 Y107.527 E.00688
G1 X111.714 Y107.805 E.00688
G1 X112.088 Y108.157 E.00688
G1 X112.392 Y108.573 E.0069
G1 X112.613 Y109.037 E.00689
G1 X112.746 Y109.533 E.00688
G1 X112.785 Y110.045 E.00688
G1 X112.742 Y110.513 E.0063
G1 X112.601 Y111.008 E.0069
G1 X112.371 Y111.468 E.00689
G1 X112.061 Y111.879 E.0069
G1 X111.681 Y112.226 E.00689
G1 X111.243 Y112.497 E.0069
G1 X110.763 Y112.683 E.0069
G1 X110.257 Y112.777 E.0069
G1 X109.743 Y112.777 E.00689
G1 X109.237 Y112.683 E.0069
G1 X108.757 Y112.497 E.0069
G1 X108.319 Y112.226 E.0069
G1 X107.939 Y111.879 E.00689
G1 X107.629 Y111.468 E.0069
G1 X107.399 Y111.008 E.00689
G1 X107.258 Y110.513 E.0069
G1 X107.211 Y110 E.0069
G1 X107.258 Y109.488 E.00689
G1 X107.399 Y108.992 E.00691
G1 X107.629 Y108.532 E.00689
G1 X107.939 Y108.121 E.0069
G1 X108.319 Y107.774 E.00689
G1 X108.757 Y107.503 E.0069
G1 X109.237 Y107.317 E.0069
G1 X109.74 Y107.223 E.00686
G1 X110.267 Y107.234 E.00706
;LAYER_CHANGE
;Z:3.16
;HEIGHT:0.0800002
;BEFORE_LAYER_CHANGE
G92 E0
;3.16


G1 E-3.5 F3600
;WIPE_START
G1 F7200
G1 X110.326 Y107.242 E-.02828
G1 X110.806 Y107.334 E-.23215
G1 X111.282 Y107.527 E-.24398
G1 X111.714 Y107.805 E-.24402
G1 X112.088 Y108.157 E-.24396
G1 X112.392 Y108.573 E-.24474
G1 X112.613 Y109.037 E-.24412
G1 X112.623 Y109.075 E-.01875
;WIPE_END
G1 Z3.16 F9000
;AFTER_LAYER_CHANGE
;3.16
G1 X110.218 Y108.207
G1 E5 F2400
G1 F900
G1 X110.242 Y108.208 E.00032
G1 X110.664 Y108.318 E.00584
G1 X111.058 Y108.535 E.00603
G1 X111.37 Y108.819 E.00565
G1 X111.613 Y109.181 E.00584
G1 X111.768 Y109.638 E.00647
G1 X111.809 Y110.024 E.0052
G1 X111.75 Y110.456 E.00584
G1 X111.545 Y110.928 E.00689
G1 X111.338 Y111.217 E.00476
G1 X111.007 Y111.502 E.00585
G1 X110.509 Y111.727 E.00732
G1 X110.194 Y111.798 E.00433
G1 X109.758 Y111.792 E.00584
G1 X109.357 Y111.692 E.00554
G1 X108.942 Y111.465 E.00634
G1 X108.63 Y111.181 E.00565
G1 X108.387 Y110.819 E.00584
G1 X108.232 Y110.362 E.00647
G1 X108.191 Y109.976 E.0052
G1 X108.25 Y109.544 E.00584
G1 X108.455 Y109.072 E.00689
G1 X108.662 Y108.783 E.00476
G1 X108.993 Y108.498 E.00585
G1 X109.491 Y108.273 E.00732
G1 X109.806 Y108.202 E.00433
G1 X110.158 Y108.206 E.00472
G1 X110.275 Y107.732 F9000
;TYPE:Perimeter
;WIDTH:0.591598
G1 F900
G1 X110.358 Y107.736 E.00159
;WIDTH:0.585956
G1 X110.89 Y107.887 E.01046
;WIDTH:0.595984
G1 X111.384 Y108.168 E.01094
G1 X111.753 Y108.519 E.0098
;WIDTH:0.586388
G1 X112.038 Y108.947 E.00974
;WIDTH:0.582492
G1 X112.221 Y109.427 E.00966
;WIDTH:0.59128
G1 X112.292 Y110.083 E.0126
;WIDTH:0.588618
G1 X112.204 Y110.628 E.01049
;WIDTH:0.588788
G1 X111.991 Y111.139 E.01053
;WIDTH:0.590678
G1 X111.661 Y111.583 E.01055
G1 X111.233 Y111.932 E.01053
;WIDTH:0.587138
G1 X110.735 Y112.172 E.01048
;WIDTH:0.593206
G1 X110.194 Y112.288 E.0106
G1 X109.642 Y112.264 E.01059
;WIDTH:0.585956
G1 X109.11 Y112.113 E.01046
;WIDTH:0.595986
G1 X108.616 Y111.832 E.01094
G1 X108.23 Y111.457 E.01036
;WIDTH:0.587018
G1 X107.933 Y110.991 E.01047
;WIDTH:0.598304
G1 X107.744 Y110.422 E.01159
G1 X107.708 Y109.917 E.00979
;WIDTH:0.588618
G1 X107.796 Y109.372 E.01049
;WIDTH:0.58879
G1 X108.009 Y108.861 E.01053
;WIDTH:0.59068
G1 X108.339 Y108.417 E.01055
G1 X108.767 Y108.068 E.01053
;WIDTH:0.58714
G1 X109.265 Y107.828 E.01048
;WIDTH:0.591598
G1 X109.806 Y107.713 E.01057
G1 X110.215 Y107.73 E.00782
G1 X110.315 Y107.233 F9000
;TYPE:External perimeter
;WIDTH:0.419999
G1 F900
G1 X110.806 Y107.334 E.00672
G1 X111.282 Y107.527 E.00688
G1 X111.714 Y107.805 E.00688
G1 X112.088 Y108.157 E.00688
G1 X112.392 Y108.573 E.0069
G1 X112.613 Y109.037 E.00689
G1 X112.746 Y109.533 E.00688
G1 X112.785 Y110.045 E.00688
G1 X112.742 Y110.512 E.00628
G1 X112.601 Y111.008 E.00691
G1 X112.371 Y111.468 E.00689
G1 X112.061 Y111.879 E.0069
G1 X111.681 Y112.226 E.00689
G1 X111.243 Y112.497 E.0069
G1 X110.763 Y112.683 E.0069
G1 X110.257 Y112.777 E.0069
G1 X109.743 Y112.777 E.00689
G1 X109.237 Y112.683 E.0069
G1 X108.757 Y112.497 E.0069
G1 X108.319 Y112.226 E.0069
G1 X107.939 Y111.879 E.00689
G1 X107.629 Y111.468 E.0069
G1 X107.399 Y111.008 E.00689
G1 X107.258 Y110.513 E.0069
G1 X107.211 Y110 E.0069
G1 X107.258 Y109.488 E.00689
G1 X107.399 Y108.992 E.00691
G1 X107.629 Y108.532 E.00689
G1 X107.939 Y108.121 E.0069
G1 X108.319 Y107.774 E.00689
G1 X108.757 Y107.503 E.0069
G1 X109.237 Y107.317 E.0069
G1 X109.741 Y107.223 E.00687
G1 X110.255 Y107.232 E.00689
;LAYER_CHANGE
;Z:3.24
;HEIGHT:0.0799999
;BEFORE_LAYER_CHANGE
G92 E0
;3.24


G1 E-3.5 F3600
;WIPE_START
G1 F7200
G1 X110.315 Y107.233 E-.0285
G1 X110.806 Y107.334 E-.23811
G1 X111.282 Y107.527 E-.24398
G1 X111.714 Y107.805 E-.24402
G1 X112.088 Y108.157 E-.24396
G1 X112.392 Y108.573 E-.24474
G1 X112.613 Y109.037 E-.24412
G1 X112.62 Y109.063 E-.01257
;WIPE_END
G1 Z3.24 F9000
;AFTER_LAYER_CHANGE
;3.24
G1 X110.218 Y108.207
G1 E5 F2400
G1 F900
G1 X110.242 Y108.208 E.00032
G1 X110.664 Y108.318 E.00584
G1 X111.058 Y108.535 E.00603
G1 X111.37 Y108.819 E.00565
G1 X111.613 Y109.181 E.00584
G1 X111.768 Y109.638 E.00647
G1 X111.808 Y110.028 E.00525
G1 X111.738 Y110.487 E.00622
G1 X111.545 Y110.928 E.00645
G1 X111.338 Y111.217 E.00476
G1 X111.007 Y111.502 E.00585
G1 X110.509 Y111.727 E.00732
G1 X110.194 Y111.798 E.00433
G1 X109.758 Y111.792 E.00584
G1 X109.336 Y111.682 E.00584
G1 X108.946 Y111.468 E.00596
G1 X108.63 Y111.181 E.00572
G1 X108.387 Y110.819 E.00584
G1 X108.237 Y110.352 E.00657
G1 X108.192 Y109.972 E.00513
G1 X108.262 Y109.513 E.00622
G1 X108.455 Y109.072 E.00645
G1 X108.665 Y108.78 E.00482
G1 X109.022 Y108.482 E.00623
G1 X109.491 Y108.273 E.00688
G1 X109.806 Y108.202 E.00433
G1 X110.158 Y108.206 E.00472
G1 X110.275 Y107.732 F9000
;TYPE:Perimeter
;WIDTH:0.591928
G1 F900
G1 X110.358 Y107.736 E.00159
;WIDTH:0.585956
G1 X110.89 Y107.887 E.01046
;WIDTH:0.595984
G1 X111.384 Y108.168 E.01094
G1 X111.753 Y108.519 E.0098
;WIDTH:0.586392
G1 X112.038 Y108.947 E.00974
;WIDTH:0.58249
G1 X112.221 Y109.427 E.00966
;WIDTH:0.59127
G1 X112.291 Y110.096 E.01284
;WIDTH:0.589094
G1 X112.194 Y110.66 E.01089
;WIDTH:0.588788
G1 X111.991 Y111.139 E.00989
;WIDTH:0.590678
G1 X111.661 Y111.583 E.01055
G1 X111.233 Y111.932 E.01053
;WIDTH:0.587136
G1 X110.735 Y112.172 E.01048
;WIDTH:0.593206
G1 X110.194 Y112.288 E.0106
G1 X109.642 Y112.264 E.01059
;WIDTH:0.585956
G1 X109.11 Y112.113 E.01046
;WIDTH:0.595116
G1 X108.62 Y111.835 E.01083
G1 X108.23 Y111.457 E.01044
;WIDTH:0.587018
G1 X107.933 Y110.991 E.01047
;WIDTH:0.604598
G1 X107.747 Y110.421 E.01171
G1 X107.709 Y109.904 E.01013
;WIDTH:0.58909
G1 X107.806 Y109.34 E.01089
;WIDTH:0.588788
G1 X108.009 Y108.861 E.00989
;WIDTH:0.59097
G1 X108.348 Y108.408 E.0108
G1 X108.796 Y108.051 E.01093
;WIDTH:0.587558
G1 X109.265 Y107.828 E.00985
;WIDTH:0.591928
G1 X109.806 Y107.713 E.01057
G1 X110.215 Y107.73 E.00783
G1 X110.308 Y107.232 F9000
;TYPE:External perimeter
;WIDTH:0.419999
G1 F900
G1 X110.806 Y107.334 E.00681
G1 X111.282 Y107.527 E.00688
G1 X111.714 Y107.805 E.00688
G1 X112.088 Y108.157 E.00688
G1 X112.392 Y108.573 E.0069
G1 X112.613 Y109.037 E.00689
G1 X112.746 Y109.533 E.00688
G1 X112.785 Y110.045 E.00688
G1 X112.742 Y110.513 E.0063
G1 X112.601 Y111.008 E.0069
G1 X112.371 Y111.468 E.00689
G1 X112.061 Y111.879 E.0069
G1 X111.681 Y112.226 E.00689
G1 X111.243 Y112.497 E.0069
G1 X110.763 Y112.683 E.0069
G1 X110.257 Y112.777 E.0069
G1 X109.743 Y112.777 E.00689
G1 X109.237 Y112.683 E.0069
G1 X108.757 Y112.497 E.0069
G1 X108.321 Y112.227 E.00687
G1 X107.941 Y111.871 E.00698
G1 X107.629 Y111.468 E.00683
G1 X107.399 Y111.008 E.00689
G1 X107.258 Y110.513 E.0069
G1 X107.211 Y110 E.0069
G1 X107.258 Y109.488 E.00689
G1 X107.399 Y108.992 E.00691
G1 X107.629 Y108.532 E.00689
G1 X107.939 Y108.121 E.0069
G1 X108.319 Y107.774 E.00689
G1 X108.757 Y107.503 E.0069
G1 X109.237 Y107.317 E.0069
G1 X109.741 Y107.223 E.00687
G1 X110.248 Y107.23 E.00679
;LAYER_CHANGE
;Z:3.32
;HEIGHT:0.0799999
;BEFORE_LAYER_CHANGE
G92 E0
;3.32


G1 E-3.5 F3600
;WIPE_START
G1 F7200
G1 X110.308 Y107.232 E-.02852
G1 X110.806 Y107.334 E-.24146
G1 X111.282 Y107.527 E-.24398
G1 X111.714 Y107.805 E-.24402
G1 X112.088 Y108.157 E-.24396
G1 X112.392 Y108.573 E-.24474
G1 X112.613 Y109.037 E-.24412
G1 X112.618 Y109.056 E-.0092
;WIPE_END
G1 Z3.32 F9000
;AFTER_LAYER_CHANGE
;3.32
G1 X110.218 Y108.207
G1 E5 F2400
G1 F900
G1 X110.242 Y108.208 E.00032
G1 X110.664 Y108.318 E.00584
G1 X111.058 Y108.535 E.00603
G1 X111.37 Y108.819 E.00565
G1 X111.613 Y109.181 E.00584
G1 X111.768 Y109.638 E.00647
G1 X111.809 Y110.024 E.0052
G1 X111.75 Y110.456 E.00584
G1 X111.545 Y110.928 E.00689
G1 X111.338 Y111.217 E.00476
G1 X111.007 Y111.502 E.00585
G1 X110.509 Y111.727 E.00732
G1 X110.191 Y111.798 E.00437
G1 X109.734 Y111.787 E.00612
G1 X109.336 Y111.682 E.00551
G1 X108.919 Y111.444 E.00643
G1 X108.63 Y111.181 E.00524
G1 X108.386 Y110.816 E.00588
G1 X108.232 Y110.362 E.00642
G1 X108.191 Y110.019 E.00463
G1 X108.25 Y109.544 E.00641
G1 X108.455 Y109.072 E.00689
G1 X108.665 Y108.781 E.00481
G1 X109.014 Y108.486 E.00612
G1 X109.491 Y108.273 E.007
G1 X109.806 Y108.202 E.00433
G1 X110.158 Y108.206 E.00472
G1 X110.275 Y107.732 F9000
;TYPE:Perimeter
;WIDTH:0.592264
G1 F900
G1 X110.358 Y107.736 E.00159
;WIDTH:0.585954
G1 X110.89 Y107.887 E.01046
;WIDTH:0.595982
G1 X111.384 Y108.168 E.01094
G1 X111.753 Y108.519 E.0098
;WIDTH:0.58639
G1 X112.038 Y108.947 E.00974
;WIDTH:0.58249
G1 X112.221 Y109.427 E.00966
;WIDTH:0.59128
G1 X112.292 Y110.083 E.0126
;WIDTH:0.588618
G1 X112.204 Y110.628 E.01049
;WIDTH:0.588786
G1 X111.991 Y111.139 E.01053
;WIDTH:0.590682
G1 X111.661 Y111.583 E.01055
G1 X111.233 Y111.932 E.01053
;WIDTH:0.587138
G1 X110.735 Y112.172 E.01048
;WIDTH:0.593258
G1 X110.184 Y112.288 E.01079
G1 X109.618 Y112.259 E.01086
;WIDTH:0.587258
G1 X109.11 Y112.113 E.01002
;WIDTH:0.595548
G1 X108.593 Y111.812 E.01151
G1 X108.23 Y111.457 E.00977
;WIDTH:0.587018
G1 X107.929 Y110.982 E.01066
;WIDTH:0.598304
G1 X107.744 Y110.422 E.0114
G1 X107.708 Y109.917 E.00979
;WIDTH:0.588618
G1 X107.796 Y109.372 E.01049
;WIDTH:0.58879
G1 X108.009 Y108.861 E.01053
;WIDTH:0.590876
G1 X108.346 Y108.411 E.01073
G1 X108.788 Y108.056 E.01082
;WIDTH:0.58714
G1 X109.265 Y107.828 E.01002
;WIDTH:0.592264
G1 X109.806 Y107.713 E.01058
G1 X110.215 Y107.73 E.00783
G1 X110.308 Y107.233 F9000
;TYPE:External perimeter
;WIDTH:0.419999
G1 F900
G1 X110.806 Y107.334 E.00681
G1 X111.282 Y107.527 E.00688
G1 X111.714 Y107.805 E.00688
G1 X112.088 Y108.157 E.00688
G1 X112.392 Y108.573 E.0069
G1 X112.613 Y109.037 E.00689
G1 X112.746 Y109.533 E.00688
G1 X112.785 Y110.045 E.00688
G1 X112.742 Y110.512 E.00628
G1 X112.601 Y111.008 E.00691
G1 X112.371 Y111.468 E.00689
G1 X112.061 Y111.879 E.0069
G1 X111.681 Y112.226 E.00689
G1 X111.243 Y112.497 E.0069
G1 X110.763 Y112.683 E.0069
G1 X110.257 Y112.777 E.0069
G1 X109.743 Y112.777 E.00689
G1 X109.237 Y112.683 E.0069
G1 X108.758 Y112.497 E.00688
G1 X108.33 Y112.226 E.00679
G1 X107.939 Y111.879 E.007
G1 X107.629 Y111.468 E.0069
G1 X107.399 Y111.008 E.00689
G1 X107.258 Y110.513 E.0069
G1 X107.211 Y110 E.0069
G1 X107.258 Y109.488 E.00689
G1 X107.399 Y108.992 E.00691
G1 X107.629 Y108.532 E.00689
G1 X107.939 Y108.121 E.0069
G1 X108.319 Y107.774 E.00689
G1 X108.757 Y107.503 E.0069
G1 X109.237 Y107.317 E.0069
G1 X109.742 Y107.223 E.00688
G1 X110.249 Y107.229 E.00679
;LAYER_CHANGE
;Z:3.4
;HEIGHT:0.0800002
;BEFORE_LAYER_CHANGE
G92 E0
;3.4


G1 E-3.5 F3600
;WIPE_START
G1 F7200
G1 X110.308 Y107.233 E-.02809
G1 X110.806 Y107.334 E-.24137
G1 X111.282 Y107.527 E-.24398
G1 X111.714 Y107.805 E-.24402
G1 X112.088 Y108.157 E-.24396
G1 X112.392 Y108.573 E-.24474
G1 X112.613 Y109.037 E-.24412
G1 X112.618 Y109.057 E-.00972
;WIPE_END
G1 Z3.4 F9000
;AFTER_LAYER_CHANGE
;3.4
G1 X110.218 Y108.207
G1 E5 F2400
G1 F900
G1 X110.242 Y108.208 E.00032
G1 X110.647 Y108.313 E.00561
G1 X111.058 Y108.535 E.00626
G1 X111.37 Y108.819 E.00565
G1 X111.613 Y109.181 E.00584
G1 X111.768 Y109.638 E.00647
G1 X111.809 Y110.024 E.0052
G1 X111.75 Y110.456 E.00584
G1 X111.545 Y110.928 E.00689
G1 X111.338 Y111.217 E.00476
G1 X111.007 Y111.502 E.00585
G1 X110.509 Y111.727 E.00732
G1 X110.194 Y111.798 E.00433
G1 X109.758 Y111.792 E.00584
G1 X109.336 Y111.682 E.00584
G1 X108.927 Y111.452 E.00629
G1 X108.63 Y111.181 E.00539
G1 X108.387 Y110.817 E.00586
G1 X108.232 Y110.362 E.00644
G1 X108.191 Y110.019 E.00463
G1 X108.25 Y109.544 E.00641
G1 X108.455 Y109.072 E.00689
G1 X108.664 Y108.781 E.0048
G1 X109.006 Y108.491 E.00601
G1 X109.491 Y108.273 E.00712
G1 X109.806 Y108.202 E.00433
G1 X110.158 Y108.206 E.00472
G1 X110.275 Y107.732 F9000
;TYPE:Perimeter
;WIDTH:0.592602
G1 F900
G1 X110.358 Y107.736 E.00159
;WIDTH:0.587242
G1 X110.869 Y107.88 E.01007
;WIDTH:0.59598
G1 X111.384 Y108.168 E.01136
G1 X111.753 Y108.519 E.0098
;WIDTH:0.586392
G1 X112.038 Y108.947 E.00974
;WIDTH:0.582494
G1 X112.221 Y109.427 E.00966
;WIDTH:0.59128
G1 X112.292 Y110.083 E.0126
;WIDTH:0.588618
G1 X112.204 Y110.628 E.01049
;WIDTH:0.588786
G1 X111.991 Y111.139 E.01053
;WIDTH:0.590678
G1 X111.661 Y111.583 E.01055
G1 X111.233 Y111.932 E.01053
;WIDTH:0.587138
G1 X110.735 Y112.172 E.01048
;WIDTH:0.593206
G1 X110.194 Y112.288 E.0106
G1 X109.642 Y112.264 E.01059
;WIDTH:0.585956
G1 X109.11 Y112.113 E.01046
;WIDTH:0.59571
G1 X108.602 Y111.819 E.01129
G1 X108.23 Y111.457 E.00999
;WIDTH:0.587018
G1 X107.931 Y110.985 E.01059
;WIDTH:0.598302
G1 X107.744 Y110.422 E.01147
G1 X107.708 Y109.917 E.00979
;WIDTH:0.588618
G1 X107.796 Y109.372 E.01049
;WIDTH:0.588788
G1 X108.009 Y108.861 E.01053
;WIDTH:0.590792
G1 X108.343 Y108.413 E.01066
G1 X108.78 Y108.06 E.01072
;WIDTH:0.58714
G1 X109.265 Y107.828 E.01019
;WIDTH:0.592602
G1 X109.806 Y107.713 E.01059
G1 X110.215 Y107.73 E.00783
G1 X110.308 Y107.233 F9000
;TYPE:External perimeter
;WIDTH:0.419999
G1 F900
G1 X110.806 Y107.334 E.00681
G1 X111.282 Y107.527 E.00688
G1 X111.714 Y107.805 E.00688
G1 X112.088 Y108.157 E.00688
G1 X112.392 Y108.573 E.0069
G1 X112.613 Y109.037 E.00689
G1 X112.746 Y109.533 E.00688
G1 X112.785 Y110.045 E.00688
G1 X112.746 Y110.467 E.00568
G1 X112.613 Y110.963 E.00688
G1 X112.392 Y111.427 E.00689
G1 X112.088 Y111.843 E.0069
G1 X111.714 Y112.195 E.00688
G1 X111.282 Y112.473 E.00688
G1 X110.806 Y112.666 E.00688
G1 X110.302 Y112.769 E.00689
G1 X109.788 Y112.777 E.00689
G1 X109.282 Y112.691 E.00688
G1 X108.802 Y112.514 E.00685
G1 X108.34 Y112.235 E.00723
G1 X107.939 Y111.879 E.00718
G1 X107.629 Y111.468 E.0069
G1 X107.399 Y111.008 E.00689
G1 X107.258 Y110.513 E.0069
G1 X107.211 Y110 E.0069
G1 X107.258 Y109.488 E.00689
G1 X107.399 Y108.992 E.00691
G1 X107.629 Y108.532 E.00689
G1 X107.939 Y108.121 E.0069
G1 X108.319 Y107.774 E.00689
G1 X108.757 Y107.503 E.0069
G1 X109.237 Y107.317 E.0069
G1 X109.742 Y107.223 E.00688
G1 X110.249 Y107.227 E.00679
;LAYER_CHANGE
;Z:3.48
;HEIGHT:0.0799999
;BEFORE_LAYER_CHANGE
G92 E0
;3.48


G1 E-3.5 F3600
;WIPE_START
G1 F7200
G1 X110.308 Y107.233 E-.02817
G1 X110.806 Y107.334 E-.24137
G1 X111.282 Y107.527 E-.24398
G1 X111.714 Y107.805 E-.24402
G1 X112.088 Y108.157 E-.24396
G1 X112.392 Y108.573 E-.24474
G1 X112.613 Y109.037 E-.24412
G1 X112.618 Y109.057 E-.00964
;WIPE_END
G1 Z3.48 F9000
;AFTER_LAYER_CHANGE
;3.48
G1 X110.218 Y108.207
G1 E5 F2400
G1 F900
G1 X110.242 Y108.208 E.00032
G1 X110.664 Y108.318 E.00584
G1 X111.058 Y108.535 E.00603
G1 X111.37 Y108.819 E.00565
G1 X111.613 Y109.181 E.00584
G1 X111.768 Y109.638 E.00647
G1 X111.809 Y110.024 E.0052
G1 X111.75 Y110.456 E.00584
G1 X111.545 Y110.928 E.00689
G1 X111.338 Y111.217 E.00476
G1 X111.007 Y111.502 E.00585
G1 X110.625 Y111.696 E.00574
G1 X110.193 Y111.798 E.00595
G1 X109.751 Y111.791 E.00592
G1 X109.336 Y111.682 E.00575
G1 X108.935 Y111.459 E.00615
G1 X108.63 Y111.181 E.00553
G1 X108.387 Y110.819 E.00584
G1 X108.232 Y110.362 E.00647
G1 X108.191 Y110.019 E.00463
G1 X108.25 Y109.544 E.00641
G1 X108.455 Y109.072 E.00689
G1 X108.662 Y108.783 E.00476
G1 X108.993 Y108.498 E.00585
G1 X109.491 Y108.273 E.00732
G1 X109.806 Y108.202 E.00433
G1 X110.158 Y108.206 E.00472
G1 X110.275 Y107.732 F9000
;TYPE:Perimeter
;WIDTH:0.592944
G1 F900
G1 X110.358 Y107.736 E.00159
;WIDTH:0.585956
G1 X110.89 Y107.887 E.01046
;WIDTH:0.595982
G1 X111.384 Y108.168 E.01094
G1 X111.753 Y108.519 E.0098
;WIDTH:0.586388
G1 X112.038 Y108.947 E.00974
;WIDTH:0.582486
G1 X112.221 Y109.427 E.00966
;WIDTH:0.591276
G1 X112.292 Y110.083 E.0126
;WIDTH:0.588612
G1 X112.204 Y110.629 E.01051
;WIDTH:0.588788
G1 X111.991 Y111.139 E.01051
;WIDTH:0.590676
G1 X111.661 Y111.583 E.01055
G1 X111.233 Y111.932 E.01053
;WIDTH:0.58754
G1 X110.744 Y112.168 E.0103
;WIDTH:0.593208
G1 X110.191 Y112.288 E.01084
G1 X109.635 Y112.263 E.01066
;WIDTH:0.586256
G1 X109.11 Y112.113 E.01033
;WIDTH:0.595864
G1 X108.61 Y111.827 E.01109
G1 X108.23 Y111.457 E.01021
;WIDTH:0.587016
G1 X107.933 Y110.991 E.01047
;WIDTH:0.598298
G1 X107.744 Y110.422 E.01159
G1 X107.708 Y109.917 E.00979
;WIDTH:0.588618
G1 X107.796 Y109.371 E.01051
;WIDTH:0.58879
G1 X108.009 Y108.861 E.01051
;WIDTH:0.590678
G1 X108.339 Y108.417 E.01055
G1 X108.767 Y108.068 E.01053
;WIDTH:0.587138
G1 X109.265 Y107.828 E.01048
;WIDTH:0.592944
G1 X109.806 Y107.712 E.0106
G1 X110.215 Y107.73 E.00784
G1 X110.308 Y107.233 F9000
;TYPE:External perimeter
;WIDTH:0.419999
G1 F900
G1 X110.31 Y107.233 E.00003
G1 X110.806 Y107.334 E.00678
G1 X111.282 Y107.527 E.00688
G1 X111.714 Y107.805 E.00688
G1 X112.088 Y108.157 E.00688
G1 X112.392 Y108.573 E.0069
G1 X112.613 Y109.037 E.00689
G1 X112.746 Y109.533 E.00688
G1 X112.785 Y110.045 E.00688
G1 X112.729 Y110.556 E.00689
G1 X112.58 Y111.049 E.0069
G1 X112.344 Y111.505 E.00688
G1 X112.028 Y111.91 E.00688
G1 X111.642 Y112.25 E.00689
G1 X111.201 Y112.513 E.00688
G1 X110.718 Y112.691 E.0069
G1 X110.212 Y112.777 E.00688
G1 X109.698 Y112.769 E.00689
G1 X109.194 Y112.666 E.00689
G1 X108.718 Y112.472 E.00689
G1 X108.279 Y112.189 E.007
G1 X107.912 Y111.843 E.00676
G1 X107.608 Y111.427 E.0069
G1 X107.387 Y110.963 E.00689
G1 X107.254 Y110.467 E.00688
G1 X107.215 Y109.955 E.00688
G1 X107.271 Y109.444 E.00689
G1 X107.42 Y108.951 E.0069
G1 X107.656 Y108.495 E.00688
G1 X107.972 Y108.09 E.00688
G1 X108.358 Y107.75 E.00689
G1 X108.799 Y107.487 E.00688
G1 X109.282 Y107.309 E.0069
G1 X109.808 Y107.223 E.00714
G1 X110.248 Y107.231 E.0059
; stop printing object 3.5 mm-spacer.stl id:0 copy 0
G1 E-3.5 F3600
;WIPE_START
G1 F7200;_WIPE
G1 X110.308 Y107.233 E-.02852
G1 X110.31 Y107.233 E-.00095
G1 X110.806 Y107.334 E-.24043
G1 X111.282 Y107.527 E-.24398
G1 X111.714 Y107.805 E-.24402
G1 X112.088 Y108.157 E-.24396
G1 X112.392 Y108.573 E-.24474
G1 X112.613 Y109.037 E-.24412
G1 X112.618 Y109.056 E-.00928
;WIPE_END
M107
;TYPE:Custom
; Filament-specific end gcode 
;END gcode for filament
G1 Z5.48 F600 ; Move print head up
G1 X5 Y187 F9000 ; present print
G1 Z73.48 F600 ; Move print head further up
G1 Z150 F600 ; Move print head further up
M140 S0 ; turn off heatbed
M104 S0 ; turn off temperature
M107 ; turn off fan
M84 X Y E ; disable motors
; objects_info = {"objects":[{"name":"3.5 mm-spacer.stl id:0 copy 0","polygon":[[110.821,107.115],[111.337,107.315],[111.808,107.606],[112.217,107.979],[112.551,108.421],[112.797,108.916],[112.949,109.449],[113.000,110.000],[112.949,110.551],[112.797,111.084],[112.551,111.579],[112.217,112.021],[111.808,112.394],[111.337,112.685],[110.821,112.885],[110.277,112.987],[109.723,112.987],[109.179,112.885],[108.663,112.685],[108.192,112.394],[107.783,112.021],[107.449,111.579],[107.203,111.084],[107.051,110.551],[107.000,110.000],[107.051,109.449],[107.203,108.916],[107.449,108.421],[107.783,107.979],[108.192,107.606],[108.663,107.315],[109.179,107.115],[109.723,107.013],[110.277,107.013]]}]}
; filament used [mm] = 55.90
; filament used [cm3] = 0.13
; filament used [g] = 0.17
; filament cost = 0.01
; total filament used [g] = 0.17
; total filament cost = 0.01
; total filament used for wipe tower [g] = 0.00
; estimated printing time (normal mode) = 3m 47s
; estimated first layer printing time (normal mode) = 53s

; prusaslicer_config = begin
; arc_fitting = disabled
; autoemit_temperature_commands = 1
; automatic_extrusion_widths = 0
; automatic_infill_combination = 0
; automatic_infill_combination_max_layer_height = 100%
; avoid_crossing_curled_overhangs = 0
; avoid_crossing_perimeters = 0
; avoid_crossing_perimeters_max_detour = 0
; bed_custom_model = 
; bed_custom_texture = 
; bed_shape = 5x0,215x0,215x220,5x220
; bed_temperature = 70
; bed_temperature_extruder = 0
; before_layer_gcode = ;BEFORE_LAYER_CHANGE\nG92 E0\n;{layer_z}\n\n
; between_objects_gcode = 
; binary_gcode = 0
; bottom_fill_pattern = monotonic
; bottom_solid_layers = 9
; bottom_solid_min_thickness = 0
; bridge_acceleration = 250
; bridge_angle = 0
; bridge_fan_speed = 100
; bridge_flow_ratio = 0.7
; bridge_speed = 25
; brim_separation = 0
; brim_type = outer_only
; brim_width = 0
; chamber_minimal_temperature = 0
; chamber_temperature = 0
; color_change_gcode = M600
; colorprint_heights = 
; compatible_printers_condition_cummulative = "printer_model=~/(ENDER|CR|SERMOON).*/ and nozzle_diameter[0]==0.4";printer_notes=~/.*PRINTER_VENDOR_CREALITY.*/
; complete_objects = 0
; cooling = 1
; cooling_perimeter_transition_distance = 0
; cooling_slowdown_logic = uniform_cooling
; cooling_tube_length = 5
; cooling_tube_retraction = 91.5
; custom_parameters_filament = ""
; custom_parameters_print = 
; custom_parameters_printer = 
; default_acceleration = 500
; default_filament_profile = "Generic PLA @CREALITY"
; default_print_profile = "0.16 mm OPTIMAL (0.4 mm nozzle) @CREALITY"
; deretract_speed = 40
; disable_fan_first_layers = 3
; dont_support_bridges = 1
; draft_shield = disabled
; duplicate_distance = 6
; elefant_foot_compensation = 0.1
; enable_dynamic_fan_speeds = 0
; enable_dynamic_overhang_speeds = 0
; end_filament_gcode = "; Filament-specific end gcode \n;END gcode for filament\n"
; end_gcode = {if max_layer_z < max_print_height}G1 Z{z_offset+min(max_layer_z+2, max_print_height)} F600 ; Move print head up{endif}\nG1 X5 Y{print_bed_max[1]*0.85} F{travel_speed*60} ; present print\n{if max_layer_z < max_print_height-10}G1 Z{z_offset+min(max_layer_z+70, max_print_height-10)} F600 ; Move print head further up{endif}\n{if max_layer_z < max_print_height*0.6}G1 Z{max_print_height*0.6} F600 ; Move print head further up{endif}\nM140 S0 ; turn off heatbed\nM104 S0 ; turn off temperature\nM107 ; turn off fan\nM84 X Y E ; disable motors
; ensure_vertical_shell_thickness = enabled
; external_perimeter_acceleration = 0
; external_perimeter_extrusion_width = 0.42
; external_perimeter_speed = 25
; external_perimeters_first = 0
; extra_loading_move = -2
; extra_perimeters = 0
; extra_perimeters_on_overhangs = 0
; extruder_clearance_height = 25
; extruder_clearance_radius = 55
; extruder_colour = #FCE94F
; extruder_offset = 0x0
; extrusion_axis = E
; extrusion_multiplier = 1
; extrusion_width = 0.44
; fan_always_on = 1
; fan_below_layer_time = 20
; filament_abrasive = 0
; filament_colour = #DDDDDD
; filament_cooling_final_speed = 3.4
; filament_cooling_initial_speed = 2.2
; filament_cooling_moves = 4
; filament_cost = 30
; filament_density = 1.27
; filament_deretract_speed = nil
; filament_diameter = 1.75
; filament_flush_speed = 0
; filament_flush_volume = 0
; filament_infill_max_crossing_speed = 0
; filament_infill_max_speed = 0
; filament_load_time = 0
; filament_loading_speed = 28
; filament_loading_speed_start = 3
; filament_max_volumetric_speed = 8
; filament_minimal_purge_on_wipe_tower = 15
; filament_multitool_ramming = 0
; filament_multitool_ramming_flow = 10
; filament_multitool_ramming_volume = 10
; filament_notes = ""
; filament_purge_multiplier = 100%
; filament_ramming_parameters = "120 100 6.6 6.8 7.2 7.6 7.9 8.2 8.7 9.4 9.9 10.0| 0.05 6.6 0.45 6.8 0.95 7.8 1.45 8.3 1.95 9.7 2.45 10 2.95 7.6 3.45 7.6 3.95 7.6 4.45 7.6 4.95 7.6"
; filament_retract_before_travel = nil
; filament_retract_before_wipe = nil
; filament_retract_layer_change = nil
; filament_retract_length = nil
; filament_retract_length_toolchange = nil
; filament_retract_lift = nil
; filament_retract_lift_above = nil
; filament_retract_lift_below = nil
; filament_retract_restart_extra = nil
; filament_retract_restart_extra_toolchange = nil
; filament_retract_speed = nil
; filament_seam_gap_distance = nil
; filament_settings_id = "Generic PETG @CREALITY"
; filament_shrinkage_compensation_xy = 0%
; filament_shrinkage_compensation_z = 0%
; filament_soluble = 0
; filament_spool_weight = 0
; filament_stamping_distance = 0
; filament_stamping_loading_speed = 20
; filament_toolchange_delay = 0
; filament_travel_lift_before_obstacle = nil
; filament_travel_max_lift = nil
; filament_travel_ramping_lift = nil
; filament_travel_slope = nil
; filament_type = PETG
; filament_unload_time = 0
; filament_unloading_speed = 90
; filament_unloading_speed_start = 100
; filament_vendor = Generic
; filament_wipe = nil
; fill_angle = 45
; fill_density = 40%
; fill_pattern = grid
; first_layer_acceleration = 0
; first_layer_acceleration_over_raft = 0
; first_layer_bed_temperature = 70
; first_layer_extrusion_width = 0.42
; first_layer_height = 0.2
; first_layer_infill_speed = 0
; first_layer_speed = 20
; first_layer_speed_over_raft = 30
; first_layer_temperature = 240
; full_fan_speed_layer = 0
; fuzzy_skin = none
; fuzzy_skin_point_dist = 0.8
; fuzzy_skin_thickness = 0.3
; gap_fill_enabled = 1
; gap_fill_speed = 30
; gcode_comments = 0
; gcode_flavor = marlin
; gcode_label_objects = octoprint
; gcode_resolution = 0.0125
; gcode_substitutions = 
; high_current_on_filament_swap = 0
; host_type = prusalink
; idle_temperature = 160
; infill_acceleration = 0
; infill_anchor = 600%
; infill_anchor_max = 50
; infill_every_layers = 1
; infill_extruder = 1
; infill_extrusion_width = 0.44
; infill_first = 0
; infill_overlap = 23%
; infill_speed = 50
; inherits_cummulative = "0.08 mm SUPERDETAIL (0.4 mm nozzle) @CREALITY";;
; interface_shells = 0
; interlocking_beam = 0
; interlocking_beam_layer_count = 2
; interlocking_beam_width = 0.8
; interlocking_boundary_avoidance = 2
; interlocking_depth = 2
; interlocking_orientation = 22.5
; ironing = 0
; ironing_flowrate = 10%
; ironing_spacing = 0.1
; ironing_speed = 20
; ironing_type = top
; layer_gcode = ;AFTER_LAYER_CHANGE\n;{layer_z}
; layer_height = 0.08
; machine_limits_usage = emit_to_gcode
; machine_max_acceleration_e = 5000
; machine_max_acceleration_extruding = 500
; machine_max_acceleration_retracting = 1000
; machine_max_acceleration_travel = 500
; machine_max_acceleration_x = 500
; machine_max_acceleration_y = 500
; machine_max_acceleration_z = 100
; machine_max_feedrate_e = 60
; machine_max_feedrate_x = 500
; machine_max_feedrate_y = 500
; machine_max_feedrate_z = 10
; machine_max_jerk_e = 5
; machine_max_jerk_x = 8
; machine_max_jerk_y = 8
; machine_max_jerk_z = 0.4
; machine_max_junction_deviation = 0,0
; machine_min_extruding_rate = 0
; machine_min_travel_rate = 0
; max_fan_speed = 50
; max_layer_height = 0.32
; max_print_height = 250
; max_print_speed = 100
; max_volumetric_extrusion_rate_slope_negative = 0
; max_volumetric_extrusion_rate_slope_positive = 0
; max_volumetric_speed = 0
; min_bead_width = 85%
; min_fan_speed = 20
; min_feature_size = 25%
; min_layer_height = 0.06
; min_print_speed = 15
; min_skirt_length = 4
; mmu_segmented_region_interlocking_depth = 0
; mmu_segmented_region_max_width = 0
; multimaterial_purging = 140
; notes = 
; nozzle_diameter = 0.4
; nozzle_high_flow = 0
; only_one_perimeter_first_layer = 0
; only_retract_when_crossing_perimeters = 0
; ooze_prevention = 0
; output_filename_format = {input_filename_base}_{print_time}_{digits(layer_height,1,2)}mm_{temperature[0]}C_{filament_type[0]}_{printer_model}.gcode
; over_bridge_speed = 0
; overhang_fan_speed_0 = 0
; overhang_fan_speed_1 = 0
; overhang_fan_speed_2 = 0
; overhang_fan_speed_3 = 0
; overhang_speed_0 = 15
; overhang_speed_1 = 15
; overhang_speed_2 = 20
; overhang_speed_3 = 25
; overhangs = 1
; parking_pos_retraction = 92
; pause_print_gcode = M25 ; pause print
; perimeter_acceleration = 0
; perimeter_extruder = 1
; perimeter_extrusion_width = 0.44
; perimeter_generator = arachne
; perimeter_speed = 40
; perimeters = 3
; physical_printer_settings_id = 
; post_process = 
; prefer_clockwise_movements = 0
; print_settings_id = 0.08 mm SUPERDETAIL (0.4 mm nozzle) @CREALITY - Copy
; printer_model = ENDER3V2
; printer_notes = Don't remove the following keywords! These keywords are used in the "compatible printer" condition of the print and filament profiles to link the particular print and filament profiles to this printer profile.\nPRINTER_VENDOR_CREALITY\nPRINTER_MODEL_ENDER3V2\nPRINTER_HAS_BOWDEN
; printer_settings_id = Creality Ender-3 V2 (0.4 mm nozzle)
; printer_technology = FFF
; printer_variant = 0.4
; printer_vendor = 
; profile_vendor = Creality
; profile_version = 1.1.0
; raft_contact_distance = 0.1
; raft_expansion = 1.5
; raft_first_layer_density = 90%
; raft_first_layer_expansion = 3
; raft_layers = 0
; remaining_times = 0
; resolution = 0
; retract_before_travel = 2
; retract_before_wipe = 70%
; retract_layer_change = 1
; retract_length = 5
; retract_length_toolchange = 1
; retract_lift = 0
; retract_lift_above = 0.2
; retract_lift_below = 0
; retract_restart_extra = 0
; retract_restart_extra_toolchange = 0
; retract_speed = 60
; scarf_seam_entire_loop = 0
; scarf_seam_length = 20
; scarf_seam_max_segment_length = 1
; scarf_seam_on_inner_perimeters = 0
; scarf_seam_only_on_smooth = 1
; scarf_seam_placement = nowhere
; scarf_seam_start_height = 0%
; seam_gap_distance = 15%
; seam_position = nearest
; silent_mode = 0
; single_extruder_multi_material = 0
; single_extruder_multi_material_priming = 0
; skirt_distance = 3
; skirt_height = 2
; skirts = 1
; slice_closing_radius = 0.049
; slicing_mode = regular
; slowdown_below_layer_time = 20
; small_perimeter_speed = 25
; solid_infill_acceleration = 0
; solid_infill_below_area = 0
; solid_infill_every_layers = 0
; solid_infill_extruder = 1
; solid_infill_extrusion_width = 0.44
; solid_infill_speed = 40
; spiral_vase = 0
; staggered_inner_seams = 0
; standby_temperature_delta = -5
; start_filament_gcode = "; Filament gcode\n"
; start_gcode = G90 ; use absolute coordinates\nM83 ; extruder relative mode\nM104 S{is_nil(idle_temperature[0]) ? 150 : idle_temperature[0]} ; set temporary nozzle temp to prevent oozing during homing\nM140 S{first_layer_bed_temperature[0]} ; set final bed temp\nG4 S30 ; allow partial nozzle warmup\nG28 ; home all axis\nG1 Z50 F240\nG1 X2.0 Y10 F3000\nM104 S{first_layer_temperature[0]} ; set final nozzle temp\nM190 S{first_layer_bed_temperature[0]} ; wait for bed temp to stabilize\nM109 S{first_layer_temperature[0]} ; wait for nozzle temp to stabilize\nG1 Z0.28 F240\nG92 E0\nG1 X2.0 Y140 E10 F1500 ; prime the nozzle\nG1 X2.3 Y140 F5000\nG92 E0\nG1 X2.3 Y10 E10 F1200 ; prime the nozzle\nG92 E0
; support_material = 1
; support_material_angle = 0
; support_material_auto = 1
; support_material_bottom_contact_distance = 0
; support_material_bottom_interface_layers = -1
; support_material_buildplate_only = 0
; support_material_closing_radius = 2
; support_material_contact_distance = 0.15
; support_material_enforce_layers = 0
; support_material_extruder = 0
; support_material_extrusion_width = 0.36
; support_material_interface_contact_loops = 0
; support_material_interface_extruder = 0
; support_material_interface_layers = 2
; support_material_interface_pattern = rectilinear
; support_material_interface_spacing = 0.2
; support_material_interface_speed = 100%
; support_material_pattern = rectilinear
; support_material_spacing = 1
; support_material_speed = 40
; support_material_style = grid
; support_material_synchronize_layers = 0
; support_material_threshold = 40
; support_material_with_sheath = 0
; support_material_xy_spacing = 60%
; support_tree_angle = 40
; support_tree_angle_slow = 25
; support_tree_branch_diameter = 2
; support_tree_branch_diameter_angle = 5
; support_tree_branch_diameter_double_wall = 3
; support_tree_branch_distance = 1
; support_tree_tip_diameter = 0.8
; support_tree_top_rate = 15%
; temperature = 240
; template_custom_gcode = 
; thick_bridges = 1
; thin_walls = 0
; thumbnails = 
; thumbnails_format = PNG
; toolchange_gcode = 
; toolchange_ordering = optimized
; top_fill_pattern = monotonic
; top_infill_extrusion_width = 0.4
; top_one_perimeter_type = none
; top_solid_infill_acceleration = 0
; top_solid_infill_speed = 30
; top_solid_layers = 11
; top_solid_min_thickness = 0
; travel_acceleration = 0
; travel_lift_before_obstacle = 0
; travel_max_lift = 0
; travel_ramping_lift = 0
; travel_short_distance_acceleration = 0
; travel_slope = 0
; travel_speed = 150
; travel_speed_z = 0
; use_firmware_retraction = 0
; use_relative_e_distances = 1
; use_volumetric_e = 0
; variable_layer_height = 1
; wall_distribution_count = 1
; wall_transition_angle = 10
; wall_transition_filter_deviation = 25%
; wall_transition_length = 100%
; wipe = 1
; wipe_into_infill = 0
; wipe_into_objects = 0
; wipe_tower = 0
; wipe_tower_acceleration = 0
; wipe_tower_bridging = 10
; wipe_tower_brim_width = 2
; wipe_tower_cone_angle = 0
; wipe_tower_extra_flow = 100%
; wipe_tower_extra_spacing = 100%
; wipe_tower_extruder = 0
; wipe_tower_no_sparse_layers = 0
; wipe_tower_width = 60
; wiping_volumes_matrix = 0
; wiping_volumes_use_custom_matrix = 0
; xy_size_compensation = 0
; z_offset = 0
; prusaslicer_config = end
