; generated by PrusaSlicer 2.9.6 on 2026-07-23 at 16:04:55 UTC

; 

; external perimeters extrusion width = 0.42mm
; perimeters extrusion width = 0.44mm
; infill extrusion width = 0.44mm
; solid infill extrusion width = 0.44mm
; top infill extrusion width = 0.40mm
; support material extrusion width = 0.36mm
; first layer extrusion width = 0.42mm

M201 X500 Y500 Z100 E5000 ; sets maximum accelerations, mm/sec^2
M203 X500 Y500 Z10 E60 ; sets maximum feedrates, mm / sec
M204 S500 T1000 ; sets acceleration (S) and retract acceleration (R), mm/sec^2
M205 X8.00 Y8.00 Z0.40 E5.00 ; sets the jerk limits, mm/sec
M205 S0 T0 ; sets the minimum extruding and travel feed rate, mm/sec

; printing object pro_micro_cover.stl id:0 copy 0
; stop printing object pro_micro_cover.stl id:0 copy 0

;TYPE:Custom
G90 ; use absolute coordinates
M83 ; extruder relative mode
M104 S160 ; set temporary nozzle temp to prevent oozing during homing
M140 S70 ; set final bed temp
G4 S30 ; allow partial nozzle warmup
G28 ; home all axis
G1 Z50 F240
G1 X2.0 Y10 F3000
M104 S240 ; set final nozzle temp
M190 S70 ; wait for bed temp to stabilize
M109 S240 ; wait for nozzle temp to stabilize
G1 Z0.28 F240
G92 E0
G1 X2.0 Y140 E10 F1500 ; prime the nozzle
G1 X2.3 Y140 F5000
G92 E0
G1 X2.3 Y10 E10 F1200 ; prime the nozzle
G92 E0
G21 ; set units to millimeters
G90 ; use absolute coordinates
M83 ; use relative distances for extrusion
; Filament gcode
M107
;LAYER_CHANGE
;Z:0.2
;HEIGHT:0.2
G1 E-5 F3600
G1 Z.2 F9000
G1 X89.789 Y98.309
G1 E5 F2400
M204 S500
;TYPE:Skirt/Brim
;WIDTH:0.42
G1 F1200
G1 X91.149 Y97.831 E.0452
G1 X121.458 Y94.47 E.95614
G1 X130.418 Y94.45 E.28094
G1 X131.953 Y94.844 E.04969
G1 X133.109 Y95.928 E.04969
G1 X133.607 Y97.639 E.05587
G1 X133.608 Y122.361 E.77514
G1 X133.214 Y123.896 E.04969
G1 X132.13 Y125.052 E.04969
G1 X130.419 Y125.55 E.05587
G1 X121.44 Y125.528 E.28153
G1 X92.631 Y122.167 E.90941
G1 X91.152 Y121.598 E.04969
G1 X90.129 Y120.388 E.04968
G1 X89.855 Y119.524 E.02842
G1 X88.311 Y110 E.30252
G1 X88.311 Y101 E.28219
G1 X88.705 Y99.465 E.04969
G1 X89.748 Y98.353 E.0478
G1 E-3.5 F3600
;WIPE_START
G1 F7200
G1 X89.789 Y98.309 E-.02857
G1 X91.149 Y97.831 E-.68474
G1 X92.795 Y97.648 E-.78669
;WIPE_END
; printing object pro_micro_cover.stl id:0 copy 0
G1 X130.419 Y122.361 F9000
G1 E5 F2400
;TYPE:Support material
G1 F1200
G1 X121.81 Y122.361 E.26993
G1 X121.81 Y119.462 E.0909
G1 X128.691 Y119.462 E.21575
G1 X128.962 Y119.191 E.01202
G1 X128.962 Y117.212 E.06205
G1 X130.416 Y117.212 E.04559
G1 X130.419 Y122.305 E.15969
G1 X129.692 Y122.191 F9000
G1 F1200
G1 X129.692 Y117.551 E.14548
G1 X129.301 Y117.551 E.01226
G1 X129.273 Y122.022 E.14019
G1 X128.854 Y122.022 E.01314
G1 X128.854 Y119.779 E.07033
G1 X128.435 Y119.801 E.01316
G1 X128.435 Y122.022 E.06964
G1 X128.016 Y122.022 E.01314
G1 X128.016 Y119.801 E.06964
G1 X127.597 Y119.801 E.01314
G1 X127.597 Y122.022 E.06964
G1 X127.178 Y122.022 E.01314
G1 X127.178 Y119.801 E.06964
G1 X126.759 Y119.801 E.01314
G1 X126.759 Y122.022 E.06964
G1 X126.34 Y122.022 E.01314
G1 X126.34 Y119.801 E.06964
G1 X125.921 Y119.801 E.01314
G1 X125.921 Y122.022 E.06964
G1 X125.502 Y122.022 E.01314
G1 X125.502 Y119.801 E.06964
G1 X125.083 Y119.801 E.01314
G1 X125.083 Y122.022 E.06964
G1 X124.664 Y122.022 E.01314
G1 X124.664 Y119.801 E.06964
G1 X124.245 Y119.801 E.01314
G1 X124.245 Y122.022 E.06964
G1 X123.826 Y122.022 E.01314
G1 X123.826 Y119.801 E.06964
G1 X123.407 Y119.801 E.01314
G1 X123.407 Y122.022 E.06964
G1 X122.988 Y122.022 E.01314
G1 X122.988 Y119.801 E.06964
G1 X122.569 Y119.801 E.01314
G1 X122.569 Y122.022 E.06964
G1 X122.15 Y122.022 E.01314
G1 X122.15 Y119.632 E.07494
G1 E-3.5 F3600
;WIPE_START
G1 F7200
G1 X122.15 Y122.022 E-1.13525
G1 X122.569 Y122.022 E-.19902
G1 X122.569 Y121.673 E-.16573
;WIPE_END
G1 X130.418 Y116.784 F9000
G1 E5 F2400
G1 F1200
G1 X128.962 Y116.787 E.04565
G1 X128.962 Y114.809 E.06202
G1 X128.691 Y114.538 E.01202
G1 X127.462 Y114.538 E.03853
G1 X127.462 Y111.067 E.10883
G1 X130.418 Y111.067 E.09268
G1 X130.418 Y116.727 E.17747
G1 X129.692 Y116.616 F9000
G1 F1200
G1 X129.692 Y111.407 E.16332
G1 X129.273 Y111.407 E.01314
G1 X129.273 Y114.64 E.10137
G1 X128.854 Y114.221 E.01858
G1 X128.854 Y111.407 E.08823
G1 X128.435 Y111.407 E.01314
G1 X128.435 Y114.199 E.08754
G1 X128.016 Y114.199 E.01314
G1 X128.016 Y111.237 E.09287
G1 E-3.5 F3600
;WIPE_START
G1 F7200
G1 X128.016 Y114.199 E-1.40695
G1 X128.212 Y114.199 E-.09305
;WIPE_END
G1 X130.419 Y108.933 F9000
G1 E5 F2400
G1 F1200
G1 X127.462 Y108.933 E.09271
G1 X127.462 Y105.462 E.10883
G1 X128.691 Y105.462 E.03853
G1 X128.962 Y105.191 E.01202
G1 X128.962 Y103.212 E.06205
G1 X130.416 Y103.212 E.04559
G1 X130.419 Y108.876 E.17759
G1 X129.692 Y108.763 F9000
G1 F1200
G1 X129.692 Y103.551 E.16342
G1 X129.301 Y103.551 E.01226
G1 X129.273 Y108.593 E.15809
G1 X128.854 Y108.593 E.01314
G1 X128.854 Y105.779 E.08823
G1 X128.435 Y105.801 E.01316
G1 X128.435 Y108.593 E.08754
G1 X128.016 Y108.593 E.01314
G1 X128.016 Y105.632 E.09284
G1 E-3.5 F3600
;WIPE_START
G1 F7200
G1 X128.016 Y108.593 E-1.40647
G1 X128.213 Y108.593 E-.09353
;WIPE_END
G1 X130.418 Y102.784 F9000
G1 E5 F2400
G1 F1200
G1 X128.962 Y102.787 E.04565
G1 X128.962 Y100.809 E.06202
G1 X128.691 Y100.538 E.01202
G1 X121.81 Y100.538 E.21575
G1 X121.81 Y97.639 E.0909
G1 X130.418 Y97.639 E.2699
G1 X130.418 Y102.727 E.15953
G1 X129.692 Y102.616 F9000
G1 F1200
G1 X129.692 Y97.978 E.14542
G1 X129.273 Y97.978 E.01314
G1 X129.273 Y100.64 E.08347
G1 X128.854 Y100.221 E.01858
G1 X128.854 Y97.978 E.07033
G1 X128.435 Y97.978 E.01314
G1 X128.435 Y100.199 E.06964
G1 X128.016 Y100.199 E.01314
G1 X128.016 Y97.978 E.06964
G1 X127.597 Y97.978 E.01314
G1 X127.597 Y100.199 E.06964
G1 X127.178 Y100.199 E.01314
G1 X127.178 Y97.978 E.06964
G1 X126.759 Y97.978 E.01314
G1 X126.759 Y100.199 E.06964
G1 X126.34 Y100.199 E.01314
G1 X126.34 Y97.978 E.06964
G1 X125.921 Y97.978 E.01314
G1 X125.921 Y100.199 E.06964
G1 X125.502 Y100.199 E.01314
G1 X125.502 Y97.978 E.06964
G1 X125.083 Y97.978 E.01314
G1 X125.083 Y100.199 E.06964
G1 X124.664 Y100.199 E.01314
G1 X124.664 Y97.978 E.06964
G1 X124.245 Y97.978 E.01314
G1 X124.245 Y100.199 E.06964
G1 X123.826 Y100.199 E.01314
G1 X123.826 Y97.978 E.06964
G1 X123.407 Y97.978 E.01314
G1 X123.407 Y100.199 E.06964
G1 X122.988 Y100.199 E.01314
G1 X122.988 Y97.978 E.06964
G1 X122.569 Y97.978 E.01314
G1 X122.569 Y100.199 E.06964
G1 X122.15 Y100.199 E.01314
G1 X122.15 Y97.809 E.07494
G1 E-3.5 F3600
;WIPE_START
G1 F7200
G1 X122.15 Y100.199 E-1.13525
G1 X122.569 Y100.199 E-.19902
G1 X122.569 Y99.85 E-.16573
;WIPE_END
G1 X92.564 Y102.064 F9000
G1 E5 F2400
;TYPE:Perimeter
;WIDTH:0.419999
G1 F1200
G1 X127.436 Y102.064 E1.09339
G1 X127.436 Y103.936 E.0587
G1 X126.68 Y103.957 E.02371
G1 X126.318 Y104.121 E.01246
G1 X126.08 Y104.378 E.01098
G1 X125.965 Y104.645 E.00912
G1 X125.936 Y104.879 E.00739
G1 X125.936 Y115.121 E.32113
G1 X125.965 Y115.355 E.00739
G1 X126.08 Y115.622 E.00912
G1 X126.318 Y115.879 E.01098
G1 X126.68 Y116.043 E.01246
G1 X126.879 Y116.064 E.00627
G1 X127.436 Y116.064 E.01746
G1 X127.436 Y117.936 E.0587
G1 X94.064 Y117.936 E1.04635
G1 X94.064 Y109.799 E.25513
G1 X93.96 Y109.447 E.01151
G1 X93.789 Y109.213 E.00909
G1 X93.469 Y109.002 E.01202
G1 X93.121 Y108.936 E.01111
G1 X92.564 Y108.936 E.01746
G1 X92.564 Y102.124 E.21359
G1 X92.187 Y101.687 F9000
G1 F1200
G1 X127.813 Y101.687 E1.11703
G1 X127.813 Y104.313 E.08234
G1 X126.76 Y104.326 E.03302
G1 X126.542 Y104.424 E.00749
G1 X126.399 Y104.578 E.00659
G1 X126.313 Y104.879 E.00982
G1 X126.313 Y115.121 E.32113
G1 X126.399 Y115.422 E.00982
G1 X126.542 Y115.576 E.00659
G1 X126.76 Y115.674 E.00749
G1 X127.813 Y115.687 E.03302
G1 X127.813 Y118.313 E.08234
G1 X93.687 Y118.313 E1.06999
G1 X93.687 Y110 E.26065
G1 X93.655 Y109.69 E.00977
G1 X93.522 Y109.479 E.00782
G1 X93.33 Y109.353 E.0072
G1 X93.121 Y109.313 E.00667
G1 X92.187 Y109.313 E.02928
G1 X92.187 Y101.747 E.23723
G1 X91.81 Y101.31 F9000
;TYPE:External perimeter
G1 F1200
G1 X128.19 Y101.31 E1.14067
G1 X128.19 Y104.69 E.10598
G1 X126.879 Y104.69 E.04111
G1 X126.766 Y104.727 E.00373
G1 X126.69 Y104.879 E.00533
G1 X126.69 Y115.121 E.32113
G1 X126.766 Y115.273 E.00533
G1 X126.879 Y115.31 E.00373
G1 X128.19 Y115.31 E.04111
G1 X128.19 Y118.69 E.10598
G1 X93.31 Y118.69 E1.09364
G1 X93.31 Y109.879 E.27626
G1 X93.255 Y109.745 E.00454
G1 X93.121 Y109.69 E.00454
G1 X91.81 Y109.69 E.04111
G1 X91.81 Y101.37 E.26087
G1 E-3.5 F3600
;WIPE_START
G1 F7200
G1 X91.81 Y101.31 E-.0285
G1 X94.908 Y101.31 E-1.4715
;WIPE_END
G1 X126.548 Y102.185 F9000
G1 E5 F2400
;TYPE:Solid infill
;WIDTH:0.422395
G1 F1200
G1 X127.145 Y102.782 E.02664
G1 X127.145 Y103.319 E.01694
G1 X126.181 Y102.355 E.04302
G1 X125.644 Y102.355 E.01694
G1 X126.935 Y103.645 E.05759
G1 X126.613 Y103.673 E.0102
G1 X126.484 Y103.731 E.00446
G1 X125.108 Y102.355 E.0614
G1 X124.571 Y102.355 E.01694
G1 X126.124 Y103.908 E.0693
G1 X125.866 Y104.186 E.01197
G1 X124.034 Y102.355 E.08173
G1 X123.498 Y102.355 E.01691
G1 X125.693 Y104.55 E.09795
G1 X125.645 Y104.872 E.01027
G1 X125.645 Y105.039 E.00527
G1 X122.961 Y102.355 E.11977
G1 X122.424 Y102.355 E.01694
G1 X125.645 Y105.576 E.14373
G1 X125.645 Y106.112 E.01691
G1 X121.888 Y102.355 E.16765
G1 X121.351 Y102.355 E.01694
G1 X125.645 Y106.649 E.19161
G1 X125.645 Y107.186 E.01694
G1 X120.814 Y102.355 E.21558
G1 X120.278 Y102.355 E.01691
G1 X125.645 Y107.722 E.23949
G1 X125.645 Y108.259 E.01694
G1 X119.741 Y102.355 E.26346
G1 X119.204 Y102.355 E.01694
G1 X125.645 Y108.796 E.28742
G1 X125.645 Y109.332 E.01691
G1 X118.668 Y102.355 E.31134
G1 X118.131 Y102.355 E.01694
G1 X125.645 Y109.869 E.3353
G1 X125.645 Y110.406 E.01694
G1 X117.594 Y102.355 E.35926
G1 X117.058 Y102.355 E.01691
G1 X125.645 Y110.942 E.38318
G1 X125.645 Y111.479 E.01694
G1 X116.521 Y102.355 E.40714
G1 X115.984 Y102.355 E.01694
G1 X125.645 Y112.016 E.43111
G1 X125.645 Y112.552 E.01691
G1 X115.448 Y102.355 E.45502
G1 X114.911 Y102.355 E.01694
G1 X125.645 Y113.089 E.47899
G1 X125.645 Y113.626 E.01694
G1 X114.374 Y102.355 E.50295
G1 X113.838 Y102.355 E.01691
G1 X125.645 Y114.162 E.52687
G1 X125.645 Y114.699 E.01694
G1 X113.301 Y102.355 E.55083
G1 X112.764 Y102.355 E.01694
G1 X125.661 Y115.251 E.57549
G1 X125.683 Y115.428 E.00563
G1 X125.834 Y115.779 E.01206
G1 X126.145 Y116.115 E.01445
G1 X126.613 Y116.327 E.01621
G1 X126.751 Y116.342 E.00438
G1 X127.145 Y116.736 E.01758
G1 X127.145 Y117.272 E.01691
G1 X112.228 Y102.355 E.66565
G1 X111.691 Y102.355 E.01694
G1 X126.982 Y117.645 E.68231
G1 X126.445 Y117.645 E.01694
G1 X111.154 Y102.355 E.68231
G1 X110.618 Y102.355 E.01691
G1 X125.909 Y117.645 E.68231
G1 X125.372 Y117.645 E.01694
G1 X110.081 Y102.355 E.68231
G1 X109.544 Y102.355 E.01694
G1 X124.835 Y117.645 E.68231
G1 X124.299 Y117.645 E.01691
G1 X109.008 Y102.355 E.68231
G1 X108.471 Y102.355 E.01694
G1 X123.762 Y117.645 E.68231
G1 X123.225 Y117.645 E.01694
G1 X107.934 Y102.355 E.68231
G1 X107.398 Y102.355 E.01691
G1 X122.689 Y117.645 E.68231
G1 X122.152 Y117.645 E.01694
G1 X106.861 Y102.355 E.68231
G1 X106.324 Y102.355 E.01694
G1 X121.615 Y117.645 E.68231
G1 X121.079 Y117.645 E.01691
G1 X105.788 Y102.355 E.68231
G1 X105.251 Y102.355 E.01694
G1 X120.542 Y117.645 E.68231
G1 X120.005 Y117.645 E.01694
G1 X104.715 Y102.355 E.68229
G1 X104.178 Y102.355 E.01694
G1 X119.469 Y117.645 E.68231
G1 X118.932 Y117.645 E.01694
G1 X103.641 Y102.355 E.68231
G1 X103.105 Y102.355 E.01691
G1 X118.396 Y117.645 E.68231
G1 X117.859 Y117.645 E.01694
G1 X102.568 Y102.355 E.68231
G1 X102.031 Y102.355 E.01694
G1 X117.322 Y117.645 E.68231
G1 X116.786 Y117.645 E.01691
G1 X101.495 Y102.355 E.68231
G1 X100.958 Y102.355 E.01694
G1 X116.249 Y117.645 E.68231
G1 X115.712 Y117.645 E.01694
G1 X100.421 Y102.355 E.68231
G1 X99.885 Y102.355 E.01691
G1 X115.176 Y117.645 E.68231
G1 X114.639 Y117.645 E.01694
G1 X99.348 Y102.355 E.68231
G1 X98.811 Y102.355 E.01694
G1 X114.102 Y117.645 E.68231
G1 X113.566 Y117.645 E.01691
G1 X98.275 Y102.355 E.68231
G1 X97.738 Y102.355 E.01694
G1 X113.029 Y117.645 E.68231
G1 X112.492 Y117.645 E.01694
G1 X97.201 Y102.355 E.68231
G1 X96.665 Y102.355 E.01691
G1 X111.956 Y117.645 E.68231
G1 X111.419 Y117.645 E.01694
G1 X96.128 Y102.355 E.68231
G1 X95.591 Y102.355 E.01694
G1 X110.882 Y117.645 E.68231
G1 X110.346 Y117.645 E.01691
G1 X95.055 Y102.355 E.68231
G1 X94.518 Y102.355 E.01694
G1 X109.809 Y117.645 E.68231
G1 X109.272 Y117.645 E.01694
G1 X93.981 Y102.355 E.68231
G1 X93.445 Y102.355 E.01691
G1 X108.736 Y117.645 E.68231
G1 X108.199 Y117.645 E.01694
G1 X92.908 Y102.355 E.68231
G1 X92.855 Y102.355 E.00167
G1 X92.855 Y102.838 E.01524
G1 X107.662 Y117.645 E.66074
G1 X107.126 Y117.645 E.01691
G1 X92.855 Y103.374 E.63682
G1 X92.855 Y103.911 E.01694
G1 X106.589 Y117.645 E.61286
G1 X106.052 Y117.645 E.01694
G1 X92.855 Y104.448 E.58889
G1 X92.855 Y104.984 E.01691
G1 X105.516 Y117.645 E.56498
G1 X104.979 Y117.645 E.01694
G1 X92.855 Y105.521 E.54101
G1 X92.855 Y106.058 E.01694
G1 X104.442 Y117.645 E.51705
G1 X103.906 Y117.645 E.01691
G1 X92.855 Y106.594 E.49313
G1 X92.855 Y107.131 E.01694
G1 X103.369 Y117.645 E.46917
G1 X102.832 Y117.645 E.01694
G1 X92.855 Y107.668 E.44521
G1 X92.855 Y108.204 E.01691
G1 X93.335 Y108.684 E.02142
G1 X93.573 Y108.73 E.00765
G1 X93.837 Y108.874 E.00949
G1 X93.994 Y109.007 E.00649
G1 X94.122 Y109.158 E.00625
G1 X94.218 Y109.314 E.00578
G1 X94.285 Y109.47 E.00536
G1 X94.333 Y109.683 E.00689
G1 X102.296 Y117.645 E.35531
G1 X101.759 Y117.645 E.01694
G1 X94.349 Y110.235 E.33066
G1 X94.349 Y110.772 E.01694
G1 X101.222 Y117.645 E.3067
G1 X100.686 Y117.645 E.01691
G1 X94.35 Y111.309 E.28273
G1 X94.35 Y111.846 E.01694
G1 X100.149 Y117.645 E.25877
G1 X99.612 Y117.645 E.01694
G1 X94.351 Y112.384 E.23476
G1 X94.351 Y112.921 E.01694
G1 X99.076 Y117.645 E.21082
G1 X98.539 Y117.645 E.01694
G1 X94.351 Y113.458 E.18686
G1 X94.352 Y113.995 E.01694
G1 X98.002 Y117.645 E.16288
G1 X97.466 Y117.645 E.01691
G1 X94.352 Y114.532 E.13893
G1 X94.353 Y115.069 E.01694
G1 X96.929 Y117.645 E.11495
G1 X96.393 Y117.645 E.01691
G1 X94.353 Y115.606 E.09101
G1 X94.353 Y116.143 E.01694
G1 X95.856 Y117.645 E.06705
G1 X95.319 Y117.645 E.01694
G1 X94.354 Y116.68 E.04306
G1 X94.354 Y117.217 E.01694
G1 X94.952 Y117.815 E.02668
;LAYER_CHANGE
;Z:0.28
;HEIGHT:0.08
;BEFORE_LAYER_CHANGE
G92 E0
;0.28


G1 E-3.5 F3600
;WIPE_START
G1 F7200
G1 X94.354 Y117.217 E-.40171
G1 X94.354 Y116.68 E-.25507
G1 X95.319 Y117.645 E-.64824
G1 X95.729 Y117.645 E-.19498
;WIPE_END
G1 Z.28 F9000
;AFTER_LAYER_CHANGE
;0.28
; stop printing object pro_micro_cover.stl id:0 copy 0
G1 X94.42 Y122.376
G1 E5 F2400
;TYPE:Skirt/Brim
;WIDTH:0.42
G1 X92.631 Y122.167 E.02413
G1 X91.152 Y121.598 E.02123
G1 X90.129 Y120.388 E.02123
G1 X89.855 Y119.524 E.01214
G1 X88.311 Y110 E.12927
G1 X88.311 Y101 E.12058
G1 X88.705 Y99.465 E.02123
G1 X89.789 Y98.309 E.02123
G1 X91.149 Y97.831 E.01931
G1 X121.458 Y94.47 E.40858
G1 X130.418 Y94.45 E.12005
G1 X131.953 Y94.844 E.02123
G1 X133.109 Y95.928 E.02123
G1 X133.607 Y97.639 E.02388
G1 X133.608 Y122.361 E.33123
G1 X133.214 Y123.896 E.02123
G1 X132.13 Y125.052 E.02123
G1 X130.419 Y125.55 E.02388
G1 X121.44 Y125.528 E.1203
G1 X94.48 Y122.383 E.36367
G1 E-3.5 F3600
;WIPE_START
G1 F7200
G1 X94.42 Y122.376 E-.02869
G1 X92.631 Y122.167 E-.85555
G1 X91.421 Y121.702 E-.61576
;WIPE_END
; printing object pro_micro_cover.stl id:0 copy 0
G1 X94.046 Y117.954 F9000
G1 E5 F2400
;TYPE:Perimeter
;WIDTH:0.439999
G1 X94.046 Y109.905 E.1132
G1 X93.934 Y109.523 E.0056
G1 X93.752 Y109.268 E.00441
G1 X93.4 Y109.031 E.00597
G1 X93.009 Y108.954 E.0056
G1 X92.546 Y108.954 E.00651
G1 X92.546 Y102.046 E.09715
G1 X127.454 Y102.046 E.49093
G1 X127.454 Y103.954 E.02683
G1 X126.722 Y103.99 E.01031
G1 X126.346 Y104.18 E.00592
G1 X126.102 Y104.458 E.0052
G1 X125.985 Y104.743 E.00433
G1 X125.954 Y104.991 E.00351
G1 X125.954 Y115.009 E.14089
G1 X125.985 Y115.257 E.00351
G1 X126.102 Y115.542 E.00433
G1 X126.346 Y115.82 E.0052
G1 X126.722 Y116.01 E.00592
G1 X127.454 Y116.046 E.01031
G1 X127.454 Y117.954 E.02683
G1 X94.106 Y117.954 E.46899
G1 X93.623 Y118.377 F9000
G1 F2400
G1 X93.623 Y110 E.11781
G1 X93.589 Y109.79 E.00299
G1 X93.449 Y109.563 E.00375
G1 X93.24 Y109.423 E.00354
G1 X93.009 Y109.377 E.00331
G1 X92.123 Y109.377 E.01246
G1 X92.123 Y101.623 E.10905
G1 X127.877 Y101.623 E.50282
G1 X127.877 Y104.377 E.03873
G1 X126.832 Y104.398 E.0147
G1 X126.609 Y104.511 E.00352
G1 X126.465 Y104.675 E.00307
G1 X126.377 Y104.991 E.00461
G1 X126.377 Y115.009 E.14089
G1 X126.465 Y115.325 E.00461
G1 X126.609 Y115.489 E.00307
G1 X126.832 Y115.602 E.00352
G1 X126.991 Y115.623 E.00226
G1 X127.877 Y115.623 E.01246
G1 X127.877 Y118.377 E.03873
G1 X93.683 Y118.377 E.48088
G1 X93.21 Y118.79 F9000
;TYPE:External perimeter
;WIDTH:0.419999
G1 F1500
G1 X93.21 Y110 E.11777
G1 X93.153 Y109.851 E.00214
G1 X93.009 Y109.79 E.0021
G1 X91.71 Y109.79 E.0174
G1 X91.71 Y101.21 E.11496
G1 X128.29 Y101.21 E.49011
G1 X128.29 Y104.79 E.04797
G1 X126.991 Y104.79 E.0174
G1 X126.866 Y104.834 E.00178
G1 X126.79 Y104.991 E.00234
G1 X126.79 Y115.009 E.13422
G1 X126.866 Y115.166 E.00234
G1 X126.991 Y115.21 E.00178
G1 X128.29 Y115.21 E.0174
G1 X128.29 Y118.79 E.04797
G1 X93.27 Y118.79 E.46921
G1 E-3.5 F3600
;WIPE_START
G1 F7200
G1 X93.21 Y118.79 E-.0285
G1 X93.21 Y115.692 E-1.4715
;WIPE_END
G1 X92.986 Y102.406 F9000
G1 E5 F2400
;TYPE:Solid infill
;WIDTH:0.542588
G1 X92.94 Y102.359 E.00115
G1 X92.876 Y102.376 E.00116
G1 X92.859 Y102.44 E.00116
G1 X92.906 Y102.486 E.00115
G1 X92.969 Y102.469 E.00114
;WIDTH:0.439999
G1 X92.871 Y103.144 E.00959
G1 X93.644 Y102.371 E.01537
G1 X94.242 Y102.371 E.00841
G1 X92.871 Y103.742 E.02727
G1 X92.871 Y104.34 E.00841
G1 X94.84 Y102.371 E.03916
G1 X95.438 Y102.371 E.00841
G1 X92.871 Y104.938 E.05105
G1 X92.871 Y105.536 E.00841
G1 X96.036 Y102.371 E.06295
G1 X96.634 Y102.371 E.00841
G1 X92.871 Y106.134 E.07484
G1 X92.871 Y106.732 E.00841
G1 X97.232 Y102.371 E.08673
G1 X97.83 Y102.371 E.00841
G1 X92.871 Y107.33 E.09863
G1 X92.871 Y107.928 E.00841
G1 X98.428 Y102.371 E.11052
G1 X99.026 Y102.371 E.00841
G1 X92.871 Y108.526 E.12241
G1 X92.825 Y108.64 E.00173
;WIDTH:0.398584
G1 X92.779 Y108.754 E.00156
;WIDTH:0.357168
G1 X92.708 Y108.735 E.00083
G1 X92.727 Y108.806 E.00083
G1 X92.768 Y108.795 E.00048
;WIDTH:0.439999
G1 X93.31 Y108.686 E.00777
G1 X99.624 Y102.371 E.12559
G1 X100.222 Y102.371 E.00841
G1 X93.742 Y108.851 E.12888
G1 X94.06 Y109.131 E.00596
G1 X100.82 Y102.371 E.13445
G1 X101.418 Y102.371 E.00841
G1 X94.281 Y109.508 E.14195
G1 X94.215 Y110.206 E.00986
;WIDTH:0.357168
G1 X94.174 Y110.217 E.00048
G1 X94.155 Y110.146 E.00083
G1 X94.226 Y110.165 E.00083
;WIDTH:0.398584
G1 X94.295 Y110.093 E.00127
;WIDTH:0.439999
G1 X102.016 Y102.371 E.15357
G1 X102.614 Y102.371 E.00841
G1 X94.365 Y110.62 E.16406
G1 X94.366 Y111.217 E.0084
G1 X103.212 Y102.371 E.17594
G1 X103.81 Y102.371 E.00841
G1 X94.366 Y111.815 E.18783
G1 X94.367 Y112.412 E.0084
G1 X104.408 Y102.371 E.1997
G1 X105.006 Y102.371 E.00841
G1 X94.367 Y113.01 E.2116
G1 X94.368 Y113.607 E.0084
G1 X105.604 Y102.371 E.22347
G1 X106.202 Y102.371 E.00841
G1 X94.368 Y114.205 E.23536
G1 X94.369 Y114.802 E.0084
G1 X106.8 Y102.371 E.24724
G1 X107.398 Y102.371 E.00841
G1 X94.369 Y115.4 E.25913
G1 X94.37 Y115.997 E.0084
G1 X107.996 Y102.371 E.271
G1 X108.594 Y102.371 E.00841
G1 X94.37 Y116.595 E.2829
G1 X94.371 Y117.192 E.0084
G1 X109.192 Y102.371 E.29477
G1 X109.79 Y102.371 E.00841
G1 X94.532 Y117.629 E.30346
G1 X94.417 Y117.679 E.00176
;WIDTH:0.398584
G1 X94.302 Y117.728 E.00159
;WIDTH:0.357168
G1 X94.231 Y117.709 E.00083
G1 X94.25 Y117.78 E.00083
G1 X94.291 Y117.769 E.00048
G1 X95.13 Y117.629 F9000
;WIDTH:0.439999
G1 F2400
G1 X110.388 Y102.371 E.30346
G1 X110.986 Y102.371 E.00841
G1 X95.728 Y117.629 E.30346
G1 X96.326 Y117.629 E.00841
G1 X111.584 Y102.371 E.30346
G1 X112.182 Y102.371 E.00841
G1 X96.924 Y117.629 E.30346
G1 X97.522 Y117.629 E.00841
G1 X112.78 Y102.371 E.30346
G1 X113.377 Y102.371 E.0084
G1 X98.12 Y117.629 E.30345
G1 X98.718 Y117.629 E.00841
G1 X113.975 Y102.371 E.30345
G1 X114.573 Y102.371 E.00841
G1 X99.316 Y117.629 E.30345
G1 X99.914 Y117.629 E.00841
G1 X115.171 Y102.371 E.30345
G1 X115.769 Y102.371 E.00841
G1 X100.512 Y117.629 E.30345
G1 X101.11 Y117.629 E.00841
G1 X116.367 Y102.371 E.30345
G1 X116.965 Y102.371 E.00841
G1 X101.708 Y117.629 E.30345
G1 X102.306 Y117.629 E.00841
G1 X117.563 Y102.371 E.30345
G1 X118.161 Y102.371 E.00841
G1 X102.904 Y117.629 E.30345
G1 X103.502 Y117.629 E.00841
G1 X118.759 Y102.371 E.30345
G1 X119.357 Y102.371 E.00841
G1 X104.1 Y117.629 E.30345
G1 X104.698 Y117.629 E.00841
G1 X119.955 Y102.371 E.30345
G1 X120.553 Y102.371 E.00841
G1 X105.296 Y117.629 E.30345
G1 X105.894 Y117.629 E.00841
G1 X121.151 Y102.371 E.30345
G1 X121.749 Y102.371 E.00841
G1 X106.492 Y117.629 E.30345
G1 X107.09 Y117.629 E.00841
G1 X122.347 Y102.371 E.30345
G1 X122.945 Y102.371 E.00841
G1 X107.688 Y117.629 E.30345
G1 X108.286 Y117.629 E.00841
G1 X123.543 Y102.371 E.30345
G1 X124.141 Y102.371 E.00841
G1 X108.883 Y117.629 E.30346
G1 X109.481 Y117.629 E.00841
G1 X124.739 Y102.371 E.30346
G1 X125.337 Y102.371 E.00841
G1 X110.079 Y117.629 E.30346
G1 X110.677 Y117.629 E.00841
G1 X125.935 Y102.371 E.30346
G1 X126.533 Y102.371 E.00841
G1 X111.275 Y117.629 E.30346
G1 X111.873 Y117.629 E.00841
G1 X127.129 Y102.373 E.30342
G1 X127.135 Y102.957 E.00821
;WIDTH:0.428358
G1 X127.135 Y103.647 E.00944
G1 X126.684 Y103.675 E.00618
G1 X126.189 Y103.905 E.00746
G1 X126.985 Y103.107 E.01541
G1 X125.897 Y104.203 F9000
;WIDTH:0.439999
G1 F2400
G1 X112.471 Y117.629 E.26703
G1 X113.069 Y117.629 E.00841
G1 X125.629 Y105.069 E.2498
G1 X125.714 Y104.936 E.00222
;WIDTH:0.398584
G1 X125.799 Y104.803 E.002
;WIDTH:0.357168
G1 X125.758 Y104.814 E.00048
G1 X125.739 Y104.743 E.00083
G1 X125.81 Y104.762 E.00083
G1 X125.629 Y105.667 F9000
;WIDTH:0.439999
G1 F2400
G1 X113.667 Y117.629 E.23791
G1 X114.265 Y117.629 E.00841
G1 X125.629 Y106.265 E.22601
G1 X125.629 Y106.863 E.00841
G1 X114.863 Y117.629 E.21412
G1 X115.461 Y117.629 E.00841
G1 X125.629 Y107.461 E.20223
G1 X125.629 Y108.059 E.00841
G1 X116.059 Y117.629 E.19033
G1 X116.657 Y117.629 E.00841
G1 X125.629 Y108.657 E.17844
G1 X125.629 Y109.255 E.00841
G1 X117.255 Y117.629 E.16655
G1 X117.853 Y117.629 E.00841
G1 X125.629 Y109.853 E.15465
G1 X125.629 Y110.451 E.00841
G1 X118.451 Y117.629 E.14276
G1 X119.049 Y117.629 E.00841
G1 X125.629 Y111.049 E.13087
G1 X125.629 Y111.647 E.00841
G1 X119.647 Y117.629 E.11897
G1 X120.245 Y117.629 E.00841
G1 X125.629 Y112.245 E.10708
G1 X125.629 Y112.843 E.00841
G1 X120.843 Y117.629 E.09519
G1 X121.441 Y117.629 E.00841
G1 X125.629 Y113.441 E.08329
G1 X125.629 Y114.039 E.00841
G1 X122.039 Y117.629 E.0714
G1 X122.637 Y117.629 E.00841
G1 X125.629 Y114.637 E.05951
G1 X125.653 Y115.211 E.00808
G1 X123.235 Y117.629 E.04809
G1 X123.833 Y117.629 E.00841
G1 X125.801 Y115.66 E.03915
G1 X126.116 Y116.047 E.00702
G1 X126.601 Y116.309 E.00775
G1 X127.129 Y116.359 E.00746
G1 X127.129 Y117.629 E.01786
G1 X124.431 Y117.629 E.03794
G1 X125.918 Y116.141 E.02958
G1 X126.127 Y116.593 E.007
;WIDTH:0.529205
G1 X126.293 Y116.677 E.00317
G1 X126.661 Y116.805 E.00664
G1 X126.661 Y117.161 E.00606
G1 X125.559 Y117.161 E.01877
G1 X125.978 Y116.743 E.01008
;LAYER_CHANGE
;Z:0.36
;HEIGHT:0.08
;BEFORE_LAYER_CHANGE
G92 E0
;0.36


G1 E-3.5 F3600
;WIPE_START
G1 F7200
G1 X125.559 Y117.161 E-.28113
G1 X126.661 Y117.161 E-.52345
G1 X126.661 Y116.805 E-.1691
G1 X126.293 Y116.677 E-.18507
G1 X126.127 Y116.593 E-.08837
G1 X125.918 Y116.141 E-.23654
G1 X125.894 Y116.165 E-.01634
;WIPE_END
G1 Z.36 F9000
;AFTER_LAYER_CHANGE
;0.36
G1 X126.268 Y115.731
G1 E5 F2400
;TYPE:Perimeter
;WIDTH:0.439999
G1 X126.346 Y115.82 E.00166
G1 X126.722 Y116.01 E.00592
G1 X127.454 Y116.046 E.01031
G1 X127.454 Y117.954 E.02683
G1 X94.046 Y117.954 E.46983
G1 X94.046 Y109.905 E.1132
G1 X93.934 Y109.523 E.0056
G1 X93.752 Y109.268 E.00441
G1 X93.4 Y109.031 E.00597
G1 X93.009 Y108.954 E.0056
G1 X92.546 Y108.954 E.00651
G1 X92.546 Y102.046 E.09715
G1 X127.454 Y102.046 E.49093
G1 X127.454 Y103.954 E.02683
G1 X126.722 Y103.99 E.01031
G1 X126.346 Y104.18 E.00592
G1 X126.102 Y104.458 E.0052
G1 X125.985 Y104.743 E.00433
G1 X125.954 Y104.991 E.00351
G1 X125.954 Y115.009 E.14089
G1 X125.985 Y115.257 E.00351
G1 X126.102 Y115.542 E.00433
G1 X126.228 Y115.686 E.00269
G1 X126.562 Y115.436 F9000
G1 F2400
G1 X126.609 Y115.489 E.001
G1 X126.832 Y115.602 E.00352
G1 X126.991 Y115.623 E.00226
G1 X127.877 Y115.623 E.01246
G1 X127.877 Y118.377 E.03873
G1 X93.623 Y118.377 E.48173
G1 X93.623 Y110 E.11781
G1 X93.589 Y109.79 E.00299
G1 X93.449 Y109.563 E.00375
G1 X93.24 Y109.423 E.00354
G1 X93.009 Y109.377 E.00331
G1 X92.123 Y109.377 E.01246
G1 X92.123 Y101.623 E.10905
G1 X127.877 Y101.623 E.50282
G1 X127.877 Y104.377 E.03873
G1 X126.832 Y104.398 E.0147
G1 X126.609 Y104.511 E.00352
G1 X126.465 Y104.675 E.00307
G1 X126.377 Y104.991 E.00461
G1 X126.377 Y115.009 E.14089
G1 X126.465 Y115.325 E.00461
G1 X126.523 Y115.391 E.00124
G1 X126.854 Y115.141 F9000
;TYPE:External perimeter
;WIDTH:0.419999
G1 F1500
G1 X126.866 Y115.166 E.00037
G1 X126.991 Y115.21 E.00178
G1 X128.29 Y115.21 E.0174
G1 X128.29 Y118.79 E.04797
G1 X93.21 Y118.79 E.47001
G1 X93.21 Y110 E.11777
G1 X93.153 Y109.851 E.00214
G1 X93.009 Y109.79 E.0021
G1 X91.71 Y109.79 E.0174
G1 X91.71 Y101.21 E.11496
G1 X128.29 Y101.21 E.49011
G1 X128.29 Y104.79 E.04797
G1 X126.991 Y104.79 E.0174
G1 X126.866 Y104.834 E.00178
G1 X126.79 Y104.991 E.00234
G1 X126.79 Y115.009 E.13422
G1 X126.828 Y115.087 E.00116
G1 E-3.5 F3600
;WIPE_START
G1 F7200
G1 X126.854 Y115.141 E-.02847
G1 X126.866 Y115.166 E-.01317
G1 X126.991 Y115.21 E-.06295
G1 X128.29 Y115.21 E-.61702
G1 X128.29 Y116.849 E-.77839
;WIPE_END
G1 X94.405 Y117.514 F9000
G1 E5 F2400
;TYPE:Solid infill
;WIDTH:0.542712
G1 X94.359 Y117.56 E.00114
G1 X94.376 Y117.624 E.00116
G1 X94.439 Y117.641 E.00114
G1 X94.486 Y117.594 E.00116
G1 X94.469 Y117.531 E.00114
;WIDTH:0.439999
G1 X95.144 Y117.629 E.00959
G1 X94.371 Y116.855 E.01538
G1 X94.37 Y116.256 E.00842
G1 X95.742 Y117.629 E.0273
G1 X96.34 Y117.629 E.00841
G1 X94.37 Y115.658 E.03919
G1 X94.369 Y115.059 E.00842
G1 X96.938 Y117.629 E.0511
G1 X97.536 Y117.629 E.00841
G1 X94.369 Y114.461 E.063
G1 X94.368 Y113.863 E.00841
G1 X98.134 Y117.629 E.0749
G1 X98.732 Y117.629 E.00841
G1 X94.368 Y113.264 E.0868
G1 X94.367 Y112.666 E.00841
G1 X99.33 Y117.629 E.09871
G1 X99.928 Y117.629 E.00841
G1 X94.367 Y112.067 E.11061
G1 X94.366 Y111.469 E.00841
G1 X100.526 Y117.629 E.12251
G1 X101.124 Y117.629 E.00841
G1 X94.366 Y110.87 E.13442
G1 X94.365 Y110.272 E.00841
G1 X101.722 Y117.629 E.14632
G1 X102.32 Y117.629 E.00841
G1 X94.314 Y109.623 E.15923
G1 X94.108 Y109.324 E.00511
;WIDTH:0.357168
G1 X93.903 Y109.087 E.00354
G1 X93.692 Y108.913 E.00309
;WIDTH:0.398584
G1 X93.543 Y108.807 E.00232
;WIDTH:0.439999
G1 X93.393 Y108.702 E.00257
G1 X92.871 Y108.18 E.01038
G1 X92.871 Y107.582 E.00841
G1 X102.918 Y117.629 E.19982
G1 X103.516 Y117.629 E.00841
G1 X92.871 Y106.984 E.21171
G1 X92.871 Y106.386 E.00841
G1 X104.114 Y117.629 E.22361
G1 X104.712 Y117.629 E.00841
G1 X92.871 Y105.788 E.2355
G1 X92.871 Y105.19 E.00841
G1 X105.31 Y117.629 E.2474
G1 X105.908 Y117.629 E.00841
G1 X92.871 Y104.592 E.25929
G1 X92.871 Y103.994 E.00841
G1 X106.506 Y117.629 E.27118
G1 X107.104 Y117.629 E.00841
G1 X92.871 Y103.396 E.28308
G1 X92.871 Y102.798 E.00841
G1 X107.702 Y117.629 E.29497
G1 X108.3 Y117.629 E.00841
G1 X93.042 Y102.371 E.30346
G1 X92.918 Y102.303 E.00199
;WIDTH:0.398584
G1 X92.794 Y102.234 E.0018
;WIDTH:0.357168
G1 X92.805 Y102.275 E.00048
G1 X92.734 Y102.294 E.00083
G1 X92.753 Y102.223 E.00083
G1 X93.64 Y102.371 F9000
;WIDTH:0.439999
G1 F2400
G1 X108.898 Y117.629 E.30346
G1 X109.496 Y117.629 E.00841
G1 X94.238 Y102.371 E.30346
G1 X94.836 Y102.371 E.00841
G1 X110.094 Y117.629 E.30346
G1 X110.692 Y117.629 E.00841
G1 X95.434 Y102.371 E.30346
G1 X96.032 Y102.371 E.00841
G1 X111.29 Y117.629 E.30346
G1 X111.888 Y117.629 E.00841
G1 X96.63 Y102.371 E.30346
G1 X97.228 Y102.371 E.00841
G1 X112.486 Y117.629 E.30346
G1 X113.084 Y117.629 E.00841
G1 X97.826 Y102.371 E.30346
G1 X98.424 Y102.371 E.00841
G1 X113.682 Y117.629 E.30346
G1 X114.28 Y117.629 E.00841
G1 X99.022 Y102.371 E.30346
G1 X99.62 Y102.371 E.00841
G1 X114.878 Y117.629 E.30346
G1 X115.476 Y117.629 E.00841
G1 X100.218 Y102.371 E.30346
G1 X100.816 Y102.371 E.00841
G1 X116.074 Y117.629 E.30346
G1 X116.671 Y117.629 E.0084
G1 X101.414 Y102.371 E.30345
G1 X102.012 Y102.371 E.00841
G1 X117.269 Y117.629 E.30345
G1 X117.867 Y117.629 E.00841
G1 X102.61 Y102.371 E.30345
G1 X103.208 Y102.371 E.00841
G1 X118.465 Y117.629 E.30345
G1 X119.063 Y117.629 E.00841
G1 X103.806 Y102.371 E.30345
G1 X104.404 Y102.371 E.00841
G1 X119.661 Y117.629 E.30345
G1 X120.259 Y117.629 E.00841
G1 X105.002 Y102.371 E.30345
G1 X105.6 Y102.371 E.00841
G1 X120.857 Y117.629 E.30345
G1 X121.455 Y117.629 E.00841
G1 X106.198 Y102.371 E.30345
G1 X106.796 Y102.371 E.00841
G1 X122.053 Y117.629 E.30345
G1 X122.651 Y117.629 E.00841
G1 X107.394 Y102.371 E.30345
G1 X107.992 Y102.371 E.00841
G1 X123.249 Y117.629 E.30345
G1 X123.847 Y117.629 E.00841
G1 X108.59 Y102.371 E.30345
G1 X109.188 Y102.371 E.00841
G1 X124.445 Y117.629 E.30345
G1 X125.043 Y117.629 E.00841
G1 X109.786 Y102.371 E.30345
G1 X110.384 Y102.371 E.00841
G1 X125.641 Y117.629 E.30345
G1 X126.239 Y117.629 E.00841
G1 X110.982 Y102.371 E.30345
G1 X111.58 Y102.371 E.00841
G1 X126.837 Y117.629 E.30345
G1 X127.021 Y117.652 E.00261
;WIDTH:0.398584
G1 X127.206 Y117.676 E.00237
;WIDTH:0.357168
G1 X127.187 Y117.747 E.00083
G1 X127.258 Y117.728 E.00083
G1 X127.247 Y117.687 E.00048
;WIDTH:0.439999
G1 X127.129 Y117.323 E.00538
G1 X112.177 Y102.371 E.29738
G1 X112.775 Y102.371 E.00841
G1 X125.658 Y115.254 E.25623
G1 X125.751 Y115.403 E.00247
;WIDTH:0.398584
G1 X125.843 Y115.553 E.00223
;WIDTH:0.357168
G1 X126.21 Y115.973 E.00631
;WIDTH:0.358824
G1 X126.619 Y116.273 E.00576
;WIDTH:0.408722
G1 X126.686 Y116.304 E.00096
;WIDTH:0.45862
G1 X126.753 Y116.335 E.00108
;WIDTH:0.508518
G1 X126.819 Y116.367 E.0012
;WIDTH:0.558416
G1 X126.886 Y116.398 E.00133
;WIDTH:0.608314
G1 X126.953 Y116.43 E.00146
;WIDTH:0.658212
G1 X127.02 Y116.461 E.00157
G1 E-3.5 F3600
;WIPE_START
G1 F7200
G1 X126.953 Y116.43 E-.03507
G1 X126.886 Y116.398 E-.03527
G1 X126.819 Y116.367 E-.03507
G1 X126.753 Y116.335 E-.03484
G1 X126.686 Y116.304 E-.03507
G1 X126.619 Y116.273 E-.03507
G1 X126.21 Y115.973 E-.24093
G1 X125.843 Y115.553 E-.26493
G1 X125.751 Y115.403 E-.08358
G1 X125.658 Y115.254 E-.08343
G1 X124.74 Y114.336 E-.61674
;WIPE_END
G1 X125.629 Y114.627 F9000
G1 E5 F2400
;WIDTH:0.439999
G1 X113.373 Y102.371 E.24376
G1 X113.971 Y102.371 E.00841
G1 X125.629 Y114.029 E.23186
G1 X125.629 Y113.431 E.00841
G1 X114.569 Y102.371 E.21997
G1 X115.167 Y102.371 E.00841
G1 X125.629 Y112.833 E.20808
G1 X125.629 Y112.235 E.00841
G1 X115.765 Y102.371 E.19618
G1 X116.363 Y102.371 E.00841
G1 X125.629 Y111.637 E.18429
G1 X125.629 Y111.039 E.00841
G1 X116.961 Y102.371 E.1724
G1 X117.559 Y102.371 E.00841
G1 X125.629 Y110.441 E.1605
G1 X125.629 Y109.843 E.00841
G1 X118.157 Y102.371 E.14861
G1 X118.755 Y102.371 E.00841
G1 X125.629 Y109.245 E.13671
G1 X125.629 Y108.647 E.00841
G1 X119.353 Y102.371 E.12482
G1 X119.951 Y102.371 E.00841
G1 X125.629 Y108.049 E.11293
G1 X125.629 Y107.451 E.00841
G1 X120.549 Y102.371 E.10103
G1 X121.147 Y102.371 E.00841
G1 X125.629 Y106.853 E.08914
G1 X125.629 Y106.255 E.00841
G1 X121.745 Y102.371 E.07725
G1 X122.343 Y102.371 E.00841
G1 X125.629 Y105.657 E.06535
G1 X125.629 Y105.059 E.00841
G1 X122.941 Y102.371 E.05346
G1 X123.539 Y102.371 E.00841
G1 X125.715 Y104.548 E.04329
G1 E-3.5 F3600
;WIPE_START
G1 F7200
G1 X123.539 Y102.371 E-1.46207
G1 X123.459 Y102.371 E-.03793
;WIPE_END
G1 X124.286 Y102.521 F9000
G1 E5 F2400
G1 X125.931 Y104.165 E.03271
G1 X126.18 Y103.904 E.00507
G1 X126.64 Y103.676 E.00722
G1 X127.129 Y103.641 E.00689
G1 X127.129 Y102.371 E.01786
G1 X124.137 Y102.371 E.04208
G1 X125.319 Y102.861 F9000
;WIDTH:0.573613
G1 F2400
G1 X126.639 Y102.861 E.02443
G1 X126.639 Y103.183 E.00596
G1 X126.511 Y103.204 E.0024
G1 X125.94 Y103.482 E.01175
G1 X125.469 Y103.01 E.01234
M106 S51
;LAYER_CHANGE
;Z:0.44
;HEIGHT:0.08
;BEFORE_LAYER_CHANGE
G92 E0
;0.44


G1 E-3.5 F3600
;WIPE_START
G1 F7200
G1 X125.94 Y103.482 E-.31673
G1 X126.511 Y103.204 E-.30166
G1 X126.639 Y103.183 E-.06161
G1 X126.639 Y102.861 E-.15295
G1 X125.319 Y102.861 E-.627
;WIPE_END
G1 E-.04005 F3600
G1 Z.44 F9000
;AFTER_LAYER_CHANGE
;0.44
G1 X126.268 Y104.269
G1 E5 F2400
;TYPE:Perimeter
;WIDTH:0.439999
G1 X126.102 Y104.458 E.00354
G1 X125.985 Y104.743 E.00433
G1 X125.954 Y104.991 E.00351
G1 X125.954 Y115.009 E.14089
G1 X125.985 Y115.257 E.00351
G1 X126.102 Y115.542 E.00433
G1 X126.346 Y115.82 E.0052
G1 X126.722 Y116.01 E.00592
G1 X127.454 Y116.046 E.01031
G1 X127.454 Y117.954 E.02683
G1 X94.046 Y117.954 E.46983
G1 X94.046 Y109.905 E.1132
G1 X93.934 Y109.523 E.0056
G1 X93.752 Y109.268 E.00441
G1 X93.4 Y109.031 E.00597
G1 X93.009 Y108.954 E.0056
G1 X92.546 Y108.954 E.00651
G1 X92.546 Y102.046 E.09715
G1 X127.454 Y102.046 E.49093
G1 X127.454 Y103.954 E.02683
G1 X126.722 Y103.99 E.01031
G1 X126.346 Y104.18 E.00592
G1 X126.307 Y104.224 E.00083
G1 X126.562 Y104.564 F9000
G1 F2400
G1 X126.465 Y104.675 E.00207
G1 X126.377 Y104.991 E.00461
G1 X126.377 Y115.009 E.14089
G1 X126.465 Y115.325 E.00461
G1 X126.609 Y115.489 E.00307
G1 X126.832 Y115.602 E.00352
G1 X126.991 Y115.623 E.00226
G1 X127.877 Y115.623 E.01246
G1 X127.877 Y118.377 E.03873
G1 X93.623 Y118.377 E.48173
G1 X93.623 Y110 E.11781
G1 X93.589 Y109.79 E.00299
G1 X93.449 Y109.563 E.00375
G1 X93.24 Y109.423 E.00354
G1 X93.009 Y109.377 E.00331
G1 X92.123 Y109.377 E.01246
G1 X92.123 Y101.623 E.10905
G1 X127.877 Y101.623 E.50282
G1 X127.877 Y104.377 E.03873
G1 X126.832 Y104.398 E.0147
G1 X126.609 Y104.511 E.00352
G1 X126.602 Y104.519 E.00015
G1 X126.854 Y104.859 F9000
;TYPE:External perimeter
;WIDTH:0.419999
G1 F1500
G1 X126.79 Y104.991 E.00197
G1 X126.79 Y115.009 E.13422
G1 X126.866 Y115.166 E.00234
G1 X126.991 Y115.21 E.00178
G1 X128.29 Y115.21 E.0174
G1 X128.29 Y118.79 E.04797
G1 X93.21 Y118.79 E.47001
G1 X93.21 Y110 E.11777
G1 X93.153 Y109.851 E.00214
G1 X93.009 Y109.79 E.0021
G1 X91.71 Y109.79 E.0174
G1 X91.71 Y101.21 E.11496
G1 X128.29 Y101.21 E.49011
G1 X128.29 Y104.79 E.04797
G1 X126.991 Y104.79 E.0174
G1 X126.896 Y104.823 E.00135
G1 E-3.5 F3600
;WIPE_START
G1 F7200
G1 X126.854 Y104.859 E-.02628
G1 X126.79 Y104.991 E-.06968
G1 X126.79 Y107.947 E-1.40404
;WIPE_END
G1 X92.986 Y102.406 F9000
G1 E5 F2400
;TYPE:Solid infill
;WIDTH:0.542588
G1 X92.94 Y102.359 E.00115
G1 X92.876 Y102.376 E.00116
G1 X92.859 Y102.44 E.00116
G1 X92.906 Y102.486 E.00115
G1 X92.969 Y102.469 E.00114
;WIDTH:0.439999
G1 X92.871 Y103.144 E.00959
G1 X93.644 Y102.371 E.01537
G1 X94.242 Y102.371 E.00841
G1 X92.871 Y103.742 E.02727
G1 X92.871 Y104.34 E.00841
G1 X94.84 Y102.371 E.03916
G1 X95.438 Y102.371 E.00841
G1 X92.871 Y104.938 E.05105
G1 X92.871 Y105.536 E.00841
G1 X96.036 Y102.371 E.06295
G1 X96.634 Y102.371 E.00841
G1 X92.871 Y106.134 E.07484
G1 X92.871 Y106.732 E.00841
G1 X97.232 Y102.371 E.08673
G1 X97.83 Y102.371 E.00841
G1 X92.871 Y107.33 E.09863
G1 X92.871 Y107.928 E.00841
G1 X98.428 Y102.371 E.11052
G1 X99.026 Y102.371 E.00841
G1 X92.871 Y108.526 E.12241
G1 X92.825 Y108.64 E.00173
;WIDTH:0.398584
G1 X92.779 Y108.754 E.00156
;WIDTH:0.357168
G1 X92.708 Y108.735 E.00083
G1 X92.727 Y108.806 E.00083
G1 X92.768 Y108.795 E.00048
;WIDTH:0.439999
G1 X93.31 Y108.686 E.00777
G1 X99.624 Y102.371 E.12559
G1 X100.222 Y102.371 E.00841
G1 X93.742 Y108.851 E.12888
G1 X94.06 Y109.131 E.00596
G1 X100.82 Y102.371 E.13445
G1 X101.418 Y102.371 E.00841
G1 X94.281 Y109.508 E.14195
G1 X94.215 Y110.206 E.00986
;WIDTH:0.357168
G1 X94.174 Y110.217 E.00048
G1 X94.155 Y110.146 E.00083
G1 X94.226 Y110.165 E.00083
;WIDTH:0.398584
G1 X94.295 Y110.093 E.00127
;WIDTH:0.439999
G1 X102.016 Y102.371 E.15357
G1 X102.614 Y102.371 E.00841
G1 X94.365 Y110.62 E.16406
G1 X94.366 Y111.217 E.0084
G1 X103.212 Y102.371 E.17594
G1 X103.81 Y102.371 E.00841
G1 X94.366 Y111.815 E.18783
G1 X94.367 Y112.412 E.0084
G1 X104.408 Y102.371 E.1997
G1 X105.006 Y102.371 E.00841
G1 X94.367 Y113.01 E.2116
G1 X94.368 Y113.607 E.0084
G1 X105.604 Y102.371 E.22347
G1 X106.202 Y102.371 E.00841
G1 X94.368 Y114.205 E.23536
G1 X94.369 Y114.802 E.0084
G1 X106.8 Y102.371 E.24724
G1 X107.398 Y102.371 E.00841
G1 X94.369 Y115.4 E.25913
G1 X94.37 Y115.997 E.0084
G1 X107.996 Y102.371 E.271
G1 X108.594 Y102.371 E.00841
G1 X94.37 Y116.595 E.2829
G1 X94.371 Y117.192 E.0084
G1 X109.192 Y102.371 E.29477
G1 X109.79 Y102.371 E.00841
G1 X94.532 Y117.629 E.30346
G1 X94.417 Y117.679 E.00176
;WIDTH:0.398584
G1 X94.302 Y117.728 E.00159
;WIDTH:0.357168
G1 X94.231 Y117.709 E.00083
G1 X94.25 Y117.78 E.00083
G1 X94.291 Y117.769 E.00048
G1 X95.13 Y117.629 F9000
;WIDTH:0.439999
G1 F2400
G1 X110.388 Y102.371 E.30346
G1 X110.986 Y102.371 E.00841
G1 X95.728 Y117.629 E.30346
G1 X96.326 Y117.629 E.00841
G1 X111.584 Y102.371 E.30346
G1 X112.182 Y102.371 E.00841
G1 X96.924 Y117.629 E.30346
G1 X97.522 Y117.629 E.00841
G1 X112.78 Y102.371 E.30346
G1 X113.377 Y102.371 E.0084
G1 X98.12 Y117.629 E.30345
G1 X98.718 Y117.629 E.00841
G1 X113.975 Y102.371 E.30345
G1 X114.573 Y102.371 E.00841
G1 X99.316 Y117.629 E.30345
G1 X99.914 Y117.629 E.00841
G1 X115.171 Y102.371 E.30345
G1 X115.769 Y102.371 E.00841
G1 X100.512 Y117.629 E.30345
G1 X101.11 Y117.629 E.00841
G1 X116.367 Y102.371 E.30345
G1 X116.965 Y102.371 E.00841
G1 X101.708 Y117.629 E.30345
G1 X102.306 Y117.629 E.00841
G1 X117.563 Y102.371 E.30345
G1 X118.161 Y102.371 E.00841
G1 X102.904 Y117.629 E.30345
G1 X103.502 Y117.629 E.00841
G1 X118.759 Y102.371 E.30345
G1 X119.357 Y102.371 E.00841
G1 X104.1 Y117.629 E.30345
G1 X104.698 Y117.629 E.00841
G1 X119.955 Y102.371 E.30345
G1 X120.553 Y102.371 E.00841
G1 X105.296 Y117.629 E.30345
G1 X105.894 Y117.629 E.00841
G1 X121.151 Y102.371 E.30345
G1 X121.749 Y102.371 E.00841
G1 X106.492 Y117.629 E.30345
G1 X107.09 Y117.629 E.00841
G1 X122.347 Y102.371 E.30345
G1 X122.945 Y102.371 E.00841
G1 X107.688 Y117.629 E.30345
G1 X108.286 Y117.629 E.00841
G1 X123.543 Y102.371 E.30345
G1 X124.141 Y102.371 E.00841
G1 X108.883 Y117.629 E.30346
G1 X109.481 Y117.629 E.00841
G1 X124.739 Y102.371 E.30346
G1 X125.337 Y102.371 E.00841
G1 X110.079 Y117.629 E.30346
G1 X110.677 Y117.629 E.00841
G1 X125.935 Y102.371 E.30346
G1 X126.533 Y102.371 E.00841
G1 X111.275 Y117.629 E.30346
G1 X111.873 Y117.629 E.00841
G1 X127.129 Y102.373 E.30342
G1 X127.135 Y102.957 E.00821
;WIDTH:0.428358
G1 X127.135 Y103.647 E.00944
G1 X126.684 Y103.675 E.00618
G1 X126.189 Y103.905 E.00746
G1 X126.985 Y103.107 E.01541
G1 X125.897 Y104.203 F9000
;WIDTH:0.439999
G1 F2400
G1 X112.471 Y117.629 E.26703
G1 X113.069 Y117.629 E.00841
G1 X125.629 Y105.069 E.2498
G1 X125.714 Y104.936 E.00222
;WIDTH:0.398584
G1 X125.799 Y104.803 E.002
;WIDTH:0.357168
G1 X125.758 Y104.814 E.00048
G1 X125.739 Y104.743 E.00083
G1 X125.81 Y104.762 E.00083
G1 X125.629 Y105.667 F9000
;WIDTH:0.439999
G1 F2400
G1 X113.667 Y117.629 E.23791
G1 X114.265 Y117.629 E.00841
G1 X125.629 Y106.265 E.22601
G1 X125.629 Y106.863 E.00841
G1 X114.863 Y117.629 E.21412
G1 X115.461 Y117.629 E.00841
G1 X125.629 Y107.461 E.20223
G1 X125.629 Y108.059 E.00841
G1 X116.059 Y117.629 E.19033
G1 X116.657 Y117.629 E.00841
G1 X125.629 Y108.657 E.17844
G1 X125.629 Y109.255 E.00841
G1 X117.255 Y117.629 E.16655
G1 X117.853 Y117.629 E.00841
G1 X125.629 Y109.853 E.15465
G1 X125.629 Y110.451 E.00841
G1 X118.451 Y117.629 E.14276
G1 X119.049 Y117.629 E.00841
G1 X125.629 Y111.049 E.13087
G1 X125.629 Y111.647 E.00841
G1 X119.647 Y117.629 E.11897
G1 X120.245 Y117.629 E.00841
G1 X125.629 Y112.245 E.10708
G1 X125.629 Y112.843 E.00841
G1 X120.843 Y117.629 E.09519
G1 X121.441 Y117.629 E.00841
G1 X125.629 Y113.441 E.08329
G1 X125.629 Y114.039 E.00841
G1 X122.039 Y117.629 E.0714
G1 X122.637 Y117.629 E.00841
G1 X125.629 Y114.637 E.05951
G1 X125.653 Y115.211 E.00808
G1 X123.235 Y117.629 E.04809
G1 X123.833 Y117.629 E.00841
G1 X125.801 Y115.66 E.03915
G1 X126.116 Y116.047 E.00702
G1 X126.601 Y116.309 E.00775
G1 X127.129 Y116.359 E.00746
G1 X127.129 Y117.629 E.01786
G1 X124.431 Y117.629 E.03794
G1 X125.918 Y116.141 E.02958
G1 X126.127 Y116.593 E.007
;WIDTH:0.529205
G1 X126.293 Y116.677 E.00317
G1 X126.661 Y116.805 E.00664
G1 X126.661 Y117.161 E.00606
G1 X125.559 Y117.161 E.01877
G1 X125.978 Y116.743 E.01008
;LAYER_CHANGE
;Z:0.485
;HEIGHT:0.045
;BEFORE_LAYER_CHANGE
G92 E0
;0.485


G1 E-3.5 F3600
;WIPE_START
G1 F7200
G1 X125.559 Y117.161 E-.28113
G1 X126.661 Y117.161 E-.52345
G1 X126.661 Y116.805 E-.1691
G1 X126.293 Y116.677 E-.18507
G1 X126.127 Y116.593 E-.08837
G1 X125.918 Y116.141 E-.23654
G1 X125.894 Y116.165 E-.01634
;WIPE_END
G1 Z.485 F9000
;AFTER_LAYER_CHANGE
;0.485
G1 X127.423 Y114.577
G1 E5 F2400
;TYPE:Support material
;WIDTH:0.36
;HEIGHT:0.285
G1 X127.423 Y114.028 E.01944
G1 X127.457 Y114.559 E.01884
G1 E-3.5 F3600
;WIPE_START
G1 F7200
G1 X127.423 Y114.028 E-.25274
G1 X127.423 Y114.577 E-.26077
;WIPE_END
G1 E-.98649 F3600
G1 X127.423 Y105.972 F9000
G1 E5 F2400
G1 X127.457 Y105.423 E.01948
G1 X127.423 Y105.8 E.0134
;LAYER_CHANGE
;Z:0.52
;HEIGHT:0.035
;BEFORE_LAYER_CHANGE
G92 E0
;0.52


G1 E-3.5 F3600
;WIPE_START
G1 F7200
G1 X127.457 Y105.423 E-.1798
G1 X127.423 Y105.972 E-.26127
;WIPE_END
G1 E-1.05893 F3600
G1 Z.52 F9000
;AFTER_LAYER_CHANGE
;0.52
G1 X126.268 Y104.269
G1 E5 F2400
;TYPE:Perimeter
;WIDTH:0.439999
;HEIGHT:0.08
G1 X126.102 Y104.458 E.00354
G1 X125.985 Y104.743 E.00433
G1 X125.954 Y104.991 E.00351
G1 X125.954 Y115.009 E.14089
G1 X125.985 Y115.257 E.00351
G1 X126.102 Y115.542 E.00433
G1 X126.346 Y115.82 E.0052
G1 X126.722 Y116.01 E.00592
G1 X127.454 Y116.046 E.01031
G1 X127.454 Y117.954 E.02683
G1 X94.046 Y117.954 E.46983
G1 X94.046 Y109.905 E.1132
G1 X93.934 Y109.523 E.0056
G1 X93.752 Y109.268 E.00441
G1 X93.4 Y109.031 E.00597
G1 X93.009 Y108.954 E.0056
G1 X92.546 Y108.954 E.00651
G1 X92.546 Y102.046 E.09715
G1 X127.454 Y102.046 E.49093
G1 X127.454 Y103.954 E.02683
G1 X126.722 Y103.99 E.01031
G1 X126.346 Y104.18 E.00592
G1 X126.307 Y104.224 E.00083
G1 X126.562 Y104.564 F9000
G1 F2400
G1 X126.465 Y104.675 E.00207
G1 X126.377 Y104.991 E.00461
G1 X126.377 Y115.009 E.14089
G1 X126.465 Y115.325 E.00461
G1 X126.609 Y115.489 E.00307
G1 X126.832 Y115.602 E.00352
G1 X126.991 Y115.623 E.00226
G1 X127.877 Y115.623 E.01246
G1 X127.877 Y118.377 E.03873
G1 X93.623 Y118.377 E.48173
G1 X93.623 Y110 E.11781
G1 X93.589 Y109.79 E.00299
G1 X93.449 Y109.563 E.00375
G1 X93.24 Y109.423 E.00354
G1 X93.009 Y109.377 E.00331
G1 X92.123 Y109.377 E.01246
G1 X92.123 Y101.623 E.10905
G1 X127.877 Y101.623 E.50282
G1 X127.877 Y104.377 E.03873
G1 X126.832 Y104.398 E.0147
G1 X126.609 Y104.511 E.00352
G1 X126.602 Y104.519 E.00015
G1 X126.854 Y104.859 F9000
;TYPE:External perimeter
;WIDTH:0.419999
G1 F1500
G1 X126.79 Y104.991 E.00197
G1 X126.79 Y115.009 E.13422
G1 X126.866 Y115.166 E.00234
G1 X126.991 Y115.21 E.00178
G1 X128.29 Y115.21 E.0174
G1 X128.29 Y118.79 E.04797
G1 X93.21 Y118.79 E.47001
G1 X93.21 Y110 E.11777
G1 X93.153 Y109.851 E.00214
G1 X93.009 Y109.79 E.0021
G1 X91.71 Y109.79 E.0174
G1 X91.71 Y101.21 E.11496
G1 X128.29 Y101.21 E.49011
G1 X128.29 Y104.79 E.04797
G1 X126.991 Y104.79 E.0174
G1 X126.896 Y104.823 E.00135
G1 E-3.5 F3600
;WIPE_START
G1 F7200
G1 X126.854 Y104.859 E-.02628
G1 X126.79 Y104.991 E-.06968
G1 X126.79 Y107.947 E-1.40404
;WIPE_END
G1 X94.405 Y117.514 F9000
G1 E5 F2400
;TYPE:Solid infill
;WIDTH:0.542712
G1 X94.359 Y117.56 E.00114
G1 X94.376 Y117.624 E.00116
G1 X94.439 Y117.641 E.00114
G1 X94.486 Y117.594 E.00116
G1 X94.469 Y117.531 E.00114
;WIDTH:0.439999
G1 X95.144 Y117.629 E.00959
G1 X94.371 Y116.855 E.01538
G1 X94.37 Y116.256 E.00842
G1 X95.742 Y117.629 E.0273
G1 X96.34 Y117.629 E.00841
G1 X94.37 Y115.658 E.03919
G1 X94.369 Y115.059 E.00842
G1 X96.938 Y117.629 E.0511
G1 X97.536 Y117.629 E.00841
G1 X94.369 Y114.461 E.063
G1 X94.368 Y113.863 E.00841
G1 X98.134 Y117.629 E.0749
G1 X98.732 Y117.629 E.00841
G1 X94.368 Y113.264 E.0868
G1 X94.367 Y112.666 E.00841
G1 X99.33 Y117.629 E.09871
G1 X99.928 Y117.629 E.00841
G1 X94.367 Y112.067 E.11061
G1 X94.366 Y111.469 E.00841
G1 X100.526 Y117.629 E.12251
G1 X101.124 Y117.629 E.00841
G1 X94.366 Y110.87 E.13442
G1 X94.365 Y110.272 E.00841
G1 X101.722 Y117.629 E.14632
G1 X102.32 Y117.629 E.00841
G1 X94.314 Y109.623 E.15923
G1 X94.108 Y109.324 E.00511
;WIDTH:0.357168
G1 X93.903 Y109.087 E.00354
G1 X93.692 Y108.913 E.00309
;WIDTH:0.398584
G1 X93.543 Y108.807 E.00232
;WIDTH:0.439999
G1 X93.393 Y108.702 E.00257
G1 X92.871 Y108.18 E.01038
G1 X92.871 Y107.582 E.00841
G1 X102.918 Y117.629 E.19982
G1 X103.516 Y117.629 E.00841
G1 X92.871 Y106.984 E.21171
G1 X92.871 Y106.386 E.00841
G1 X104.114 Y117.629 E.22361
G1 X104.712 Y117.629 E.00841
G1 X92.871 Y105.788 E.2355
G1 X92.871 Y105.19 E.00841
G1 X105.31 Y117.629 E.2474
G1 X105.908 Y117.629 E.00841
G1 X92.871 Y104.592 E.25929
G1 X92.871 Y103.994 E.00841
G1 X106.506 Y117.629 E.27118
G1 X107.104 Y117.629 E.00841
G1 X92.871 Y103.396 E.28308
G1 X92.871 Y102.798 E.00841
G1 X107.702 Y117.629 E.29497
G1 X108.3 Y117.629 E.00841
G1 X93.042 Y102.371 E.30346
G1 X92.918 Y102.303 E.00199
;WIDTH:0.398584
G1 X92.794 Y102.234 E.0018
;WIDTH:0.357168
G1 X92.805 Y102.275 E.00048
G1 X92.734 Y102.294 E.00083
G1 X92.753 Y102.223 E.00083
G1 X93.64 Y102.371 F9000
;WIDTH:0.439999
G1 F2400
G1 X108.898 Y117.629 E.30346
G1 X109.496 Y117.629 E.00841
G1 X94.238 Y102.371 E.30346
G1 X94.836 Y102.371 E.00841
G1 X110.094 Y117.629 E.30346
G1 X110.692 Y117.629 E.00841
G1 X95.434 Y102.371 E.30346
G1 X96.032 Y102.371 E.00841
G1 X111.29 Y117.629 E.30346
G1 X111.888 Y117.629 E.00841
G1 X96.63 Y102.371 E.30346
G1 X97.228 Y102.371 E.00841
G1 X112.486 Y117.629 E.30346
G1 X113.084 Y117.629 E.00841
G1 X97.826 Y102.371 E.30346
G1 X98.424 Y102.371 E.00841
G1 X113.682 Y117.629 E.30346
G1 X114.28 Y117.629 E.00841
G1 X99.022 Y102.371 E.30346
G1 X99.62 Y102.371 E.00841
G1 X114.878 Y117.629 E.30346
G1 X115.476 Y117.629 E.00841
G1 X100.218 Y102.371 E.30346
G1 X100.816 Y102.371 E.00841
G1 X116.074 Y117.629 E.30346
G1 X116.671 Y117.629 E.0084
G1 X101.414 Y102.371 E.30345
G1 X102.012 Y102.371 E.00841
G1 X117.269 Y117.629 E.30345
G1 X117.867 Y117.629 E.00841
G1 X102.61 Y102.371 E.30345
G1 X103.208 Y102.371 E.00841
G1 X118.465 Y117.629 E.30345
G1 X119.063 Y117.629 E.00841
G1 X103.806 Y102.371 E.30345
G1 X104.404 Y102.371 E.00841
G1 X119.661 Y117.629 E.30345
G1 X120.259 Y117.629 E.00841
G1 X105.002 Y102.371 E.30345
G1 X105.6 Y102.371 E.00841
G1 X120.857 Y117.629 E.30345
G1 X121.455 Y117.629 E.00841
G1 X106.198 Y102.371 E.30345
G1 X106.796 Y102.371 E.00841
G1 X122.053 Y117.629 E.30345
G1 X122.651 Y117.629 E.00841
G1 X107.394 Y102.371 E.30345
G1 X107.992 Y102.371 E.00841
G1 X123.249 Y117.629 E.30345
G1 X123.847 Y117.629 E.00841
G1 X108.59 Y102.371 E.30345
G1 X109.188 Y102.371 E.00841
G1 X124.445 Y117.629 E.30345
G1 X125.043 Y117.629 E.00841
G1 X109.786 Y102.371 E.30345
G1 X110.384 Y102.371 E.00841
G1 X125.641 Y117.629 E.30345
G1 X126.239 Y117.629 E.00841
G1 X110.982 Y102.371 E.30345
G1 X111.58 Y102.371 E.00841
G1 X126.837 Y117.629 E.30345
G1 X127.021 Y117.652 E.00261
;WIDTH:0.398584
G1 X127.206 Y117.676 E.00237
;WIDTH:0.357168
G1 X127.187 Y117.747 E.00083
G1 X127.258 Y117.728 E.00083
G1 X127.247 Y117.687 E.00048
;WIDTH:0.439999
G1 X127.129 Y117.323 E.00538
G1 X112.177 Y102.371 E.29738
G1 X112.775 Y102.371 E.00841
G1 X125.658 Y115.254 E.25623
G1 X125.751 Y115.403 E.00247
;WIDTH:0.398584
G1 X125.843 Y115.553 E.00223
;WIDTH:0.357168
G1 X126.21 Y115.973 E.00631
;WIDTH:0.358824
G1 X126.619 Y116.273 E.00576
;WIDTH:0.408722
G1 X126.686 Y116.304 E.00096
;WIDTH:0.45862
G1 X126.753 Y116.335 E.00108
;WIDTH:0.508518
G1 X126.819 Y116.367 E.0012
;WIDTH:0.558416
G1 X126.886 Y116.398 E.00133
;WIDTH:0.608314
G1 X126.953 Y116.43 E.00146
;WIDTH:0.658212
G1 X127.02 Y116.461 E.00157
G1 E-3.5 F3600
;WIPE_START
G1 F7200
G1 X126.953 Y116.43 E-.03507
G1 X126.886 Y116.398 E-.03527
G1 X126.819 Y116.367 E-.03507
G1 X126.753 Y116.335 E-.03484
G1 X126.686 Y116.304 E-.03507
G1 X126.619 Y116.273 E-.03507
G1 X126.21 Y115.973 E-.24093
G1 X125.843 Y115.553 E-.26493
G1 X125.751 Y115.403 E-.08358
G1 X125.658 Y115.254 E-.08343
G1 X124.74 Y114.336 E-.61674
;WIPE_END
G1 X125.629 Y114.627 F9000
G1 E5 F2400
;WIDTH:0.439999
G1 X113.373 Y102.371 E.24376
G1 X113.971 Y102.371 E.00841
G1 X125.629 Y114.029 E.23186
G1 X125.629 Y113.431 E.00841
G1 X114.569 Y102.371 E.21997
G1 X115.167 Y102.371 E.00841
G1 X125.629 Y112.833 E.20808
G1 X125.629 Y112.235 E.00841
G1 X115.765 Y102.371 E.19618
G1 X116.363 Y102.371 E.00841
G1 X125.629 Y111.637 E.18429
G1 X125.629 Y111.039 E.00841
G1 X116.961 Y102.371 E.1724
G1 X117.559 Y102.371 E.00841
G1 X125.629 Y110.441 E.1605
G1 X125.629 Y109.843 E.00841
G1 X118.157 Y102.371 E.14861
G1 X118.755 Y102.371 E.00841
G1 X125.629 Y109.245 E.13671
G1 X125.629 Y108.647 E.00841
G1 X119.353 Y102.371 E.12482
G1 X119.951 Y102.371 E.00841
G1 X125.629 Y108.049 E.11293
G1 X125.629 Y107.451 E.00841
G1 X120.549 Y102.371 E.10103
G1 X121.147 Y102.371 E.00841
G1 X125.629 Y106.853 E.08914
G1 X125.629 Y106.255 E.00841
G1 X121.745 Y102.371 E.07725
G1 X122.343 Y102.371 E.00841
G1 X125.629 Y105.657 E.06535
G1 X125.629 Y105.059 E.00841
G1 X122.941 Y102.371 E.05346
G1 X123.539 Y102.371 E.00841
G1 X125.715 Y104.548 E.04329
G1 E-3.5 F3600
;WIPE_START
G1 F7200
G1 X123.539 Y102.371 E-1.46207
G1 X123.459 Y102.371 E-.03793
;WIPE_END
G1 X124.286 Y102.521 F9000
G1 E5 F2400
G1 X125.931 Y104.165 E.03271
G1 X126.18 Y103.904 E.00507
G1 X126.64 Y103.676 E.00722
G1 X127.129 Y103.641 E.00689
G1 X127.129 Y102.371 E.01786
G1 X124.137 Y102.371 E.04208
G1 X125.319 Y102.861 F9000
;WIDTH:0.573613
G1 F2400
G1 X126.639 Y102.861 E.02443
G1 X126.639 Y103.183 E.00596
G1 X126.511 Y103.204 E.0024
G1 X125.94 Y103.482 E.01175
G1 X125.469 Y103.01 E.01234
;LAYER_CHANGE
;Z:0.6
;HEIGHT:0.08
;BEFORE_LAYER_CHANGE
G92 E0
;0.6


G1 E-3.5 F3600
;WIPE_START
G1 F7200
G1 X125.94 Y103.482 E-.31673
G1 X126.511 Y103.204 E-.30166
G1 X126.639 Y103.183 E-.06161
G1 X126.639 Y102.861 E-.15295
G1 X125.319 Y102.861 E-.627
;WIPE_END
G1 E-.04005 F3600
G1 Z.6 F9000
;AFTER_LAYER_CHANGE
;0.6
G1 X126.268 Y104.269
G1 E5 F2400
;TYPE:Perimeter
;WIDTH:0.439999
G1 X126.102 Y104.458 E.00354
G1 X125.985 Y104.743 E.00433
G1 X125.954 Y104.991 E.00351
G1 X125.954 Y115.009 E.14089
G1 X125.985 Y115.257 E.00351
G1 X126.102 Y115.542 E.00433
G1 X126.346 Y115.82 E.0052
G1 X126.722 Y116.01 E.00592
G1 X127.454 Y116.046 E.01031
G1 X127.454 Y117.954 E.02683
G1 X94.046 Y117.954 E.46983
G1 X94.046 Y109.905 E.1132
G1 X93.934 Y109.523 E.0056
G1 X93.752 Y109.268 E.00441
G1 X93.4 Y109.031 E.00597
G1 X93.009 Y108.954 E.0056
G1 X92.546 Y108.954 E.00651
G1 X92.546 Y102.046 E.09715
G1 X127.454 Y102.046 E.49093
G1 X127.454 Y103.954 E.02683
G1 X126.722 Y103.99 E.01031
G1 X126.346 Y104.18 E.00592
G1 X126.307 Y104.224 E.00083
G1 X126.562 Y104.564 F9000
G1 F2400
G1 X126.465 Y104.675 E.00207
G1 X126.377 Y104.991 E.00461
G1 X126.377 Y115.009 E.14089
G1 X126.465 Y115.325 E.00461
G1 X126.609 Y115.489 E.00307
G1 X126.832 Y115.602 E.00352
G1 X126.991 Y115.623 E.00226
G1 X127.877 Y115.623 E.01246
G1 X127.877 Y118.377 E.03873
G1 X93.623 Y118.377 E.48173
G1 X93.623 Y110 E.11781
G1 X93.589 Y109.79 E.00299
G1 X93.449 Y109.563 E.00375
G1 X93.24 Y109.423 E.00354
G1 X93.009 Y109.377 E.00331
G1 X92.123 Y109.377 E.01246
G1 X92.123 Y101.623 E.10905
G1 X127.877 Y101.623 E.50282
G1 X127.877 Y104.377 E.03873
G1 X126.832 Y104.398 E.0147
G1 X126.609 Y104.511 E.00352
G1 X126.602 Y104.519 E.00015
G1 X126.854 Y104.859 F9000
;TYPE:External perimeter
;WIDTH:0.419999
G1 F1500
G1 X126.79 Y104.991 E.00197
G1 X126.79 Y115.009 E.13422
G1 X126.866 Y115.166 E.00234
G1 X126.991 Y115.21 E.00178
G1 X128.29 Y115.21 E.0174
G1 X128.29 Y118.79 E.04797
G1 X93.21 Y118.79 E.47001
G1 X93.21 Y110 E.11777
G1 X93.153 Y109.851 E.00214
G1 X93.009 Y109.79 E.0021
G1 X91.71 Y109.79 E.0174
G1 X91.71 Y101.21 E.11496
G1 X128.29 Y101.21 E.49011
G1 X128.29 Y104.79 E.04797
G1 X126.991 Y104.79 E.0174
G1 X126.896 Y104.823 E.00135
G1 E-3.5 F3600
;WIPE_START
G1 F7200
G1 X126.854 Y104.859 E-.02628
G1 X126.79 Y104.991 E-.06968
G1 X126.79 Y107.947 E-1.40404
;WIPE_END
G1 X92.986 Y102.406 F9000
G1 E5 F2400
;TYPE:Solid infill
;WIDTH:0.542588
G1 X92.94 Y102.359 E.00115
G1 X92.876 Y102.376 E.00116
G1 X92.859 Y102.44 E.00116
G1 X92.906 Y102.486 E.00115
G1 X92.969 Y102.469 E.00114
;WIDTH:0.439999
G1 X92.871 Y103.144 E.00959
G1 X93.644 Y102.371 E.01537
G1 X94.242 Y102.371 E.00841
G1 X92.871 Y103.742 E.02727
G1 X92.871 Y104.34 E.00841
G1 X94.84 Y102.371 E.03916
G1 X95.438 Y102.371 E.00841
G1 X92.871 Y104.938 E.05105
G1 X92.871 Y105.536 E.00841
G1 X96.036 Y102.371 E.06295
G1 X96.634 Y102.371 E.00841
G1 X92.871 Y106.134 E.07484
G1 X92.871 Y106.732 E.00841
G1 X97.232 Y102.371 E.08673
G1 X97.83 Y102.371 E.00841
G1 X92.871 Y107.33 E.09863
G1 X92.871 Y107.928 E.00841
G1 X98.428 Y102.371 E.11052
G1 X99.026 Y102.371 E.00841
G1 X92.871 Y108.526 E.12241
G1 X92.825 Y108.64 E.00173
;WIDTH:0.398584
G1 X92.779 Y108.754 E.00156
;WIDTH:0.357168
G1 X92.708 Y108.735 E.00083
G1 X92.727 Y108.806 E.00083
G1 X92.768 Y108.795 E.00048
;WIDTH:0.439999
G1 X93.31 Y108.686 E.00777
G1 X99.624 Y102.371 E.12559
G1 X100.222 Y102.371 E.00841
G1 X93.742 Y108.851 E.12888
G1 X94.06 Y109.131 E.00596
G1 X100.82 Y102.371 E.13445
G1 X101.418 Y102.371 E.00841
G1 X94.281 Y109.508 E.14195
G1 X94.215 Y110.206 E.00986
;WIDTH:0.357168
G1 X94.174 Y110.217 E.00048
G1 X94.155 Y110.146 E.00083
G1 X94.226 Y110.165 E.00083
;WIDTH:0.398584
G1 X94.295 Y110.093 E.00127
;WIDTH:0.439999
G1 X102.016 Y102.371 E.15357
G1 X102.614 Y102.371 E.00841
G1 X94.365 Y110.62 E.16406
G1 X94.366 Y111.217 E.0084
G1 X103.212 Y102.371 E.17594
G1 X103.81 Y102.371 E.00841
G1 X94.366 Y111.815 E.18783
G1 X94.367 Y112.412 E.0084
G1 X104.408 Y102.371 E.1997
G1 X105.006 Y102.371 E.00841
G1 X94.367 Y113.01 E.2116
G1 X94.368 Y113.607 E.0084
G1 X105.604 Y102.371 E.22347
G1 X106.202 Y102.371 E.00841
G1 X94.368 Y114.205 E.23536
G1 X94.369 Y114.802 E.0084
G1 X106.8 Y102.371 E.24724
G1 X107.398 Y102.371 E.00841
G1 X94.369 Y115.4 E.25913
G1 X94.37 Y115.997 E.0084
G1 X107.996 Y102.371 E.271
G1 X108.594 Y102.371 E.00841
G1 X94.37 Y116.595 E.2829
G1 X94.371 Y117.192 E.0084
G1 X109.192 Y102.371 E.29477
G1 X109.79 Y102.371 E.00841
G1 X94.532 Y117.629 E.30346
G1 X94.417 Y117.679 E.00176
;WIDTH:0.398584
G1 X94.302 Y117.728 E.00159
;WIDTH:0.357168
G1 X94.231 Y117.709 E.00083
G1 X94.25 Y117.78 E.00083
G1 X94.291 Y117.769 E.00048
G1 X95.13 Y117.629 F9000
;WIDTH:0.439999
G1 F2400
G1 X110.388 Y102.371 E.30346
G1 X110.986 Y102.371 E.00841
G1 X95.728 Y117.629 E.30346
G1 X96.326 Y117.629 E.00841
G1 X111.584 Y102.371 E.30346
G1 X112.182 Y102.371 E.00841
G1 X96.924 Y117.629 E.30346
G1 X97.522 Y117.629 E.00841
G1 X112.78 Y102.371 E.30346
G1 X113.377 Y102.371 E.0084
G1 X98.12 Y117.629 E.30345
G1 X98.718 Y117.629 E.00841
G1 X113.975 Y102.371 E.30345
G1 X114.573 Y102.371 E.00841
G1 X99.316 Y117.629 E.30345
G1 X99.914 Y117.629 E.00841
G1 X115.171 Y102.371 E.30345
G1 X115.769 Y102.371 E.00841
G1 X100.512 Y117.629 E.30345
G1 X101.11 Y117.629 E.00841
G1 X116.367 Y102.371 E.30345
G1 X116.965 Y102.371 E.00841
G1 X101.708 Y117.629 E.30345
G1 X102.306 Y117.629 E.00841
G1 X117.563 Y102.371 E.30345
G1 X118.161 Y102.371 E.00841
G1 X102.904 Y117.629 E.30345
G1 X103.502 Y117.629 E.00841
G1 X118.759 Y102.371 E.30345
G1 X119.357 Y102.371 E.00841
G1 X104.1 Y117.629 E.30345
G1 X104.698 Y117.629 E.00841
G1 X119.955 Y102.371 E.30345
G1 X120.553 Y102.371 E.00841
G1 X105.296 Y117.629 E.30345
G1 X105.894 Y117.629 E.00841
G1 X121.151 Y102.371 E.30345
G1 X121.749 Y102.371 E.00841
G1 X106.492 Y117.629 E.30345
G1 X107.09 Y117.629 E.00841
G1 X122.347 Y102.371 E.30345
G1 X122.945 Y102.371 E.00841
G1 X107.688 Y117.629 E.30345
G1 X108.286 Y117.629 E.00841
G1 X123.543 Y102.371 E.30345
G1 X124.141 Y102.371 E.00841
G1 X108.883 Y117.629 E.30346
G1 X109.481 Y117.629 E.00841
G1 X124.739 Y102.371 E.30346
G1 X125.337 Y102.371 E.00841
G1 X110.079 Y117.629 E.30346
G1 X110.677 Y117.629 E.00841
G1 X125.935 Y102.371 E.30346
G1 X126.533 Y102.371 E.00841
G1 X111.275 Y117.629 E.30346
G1 X111.873 Y117.629 E.00841
G1 X127.129 Y102.373 E.30342
G1 X127.135 Y102.957 E.00821
;WIDTH:0.428358
G1 X127.135 Y103.647 E.00944
G1 X126.684 Y103.675 E.00618
G1 X126.189 Y103.905 E.00746
G1 X126.985 Y103.107 E.01541
G1 X125.897 Y104.203 F9000
;WIDTH:0.439999
G1 F2400
G1 X112.471 Y117.629 E.26703
G1 X113.069 Y117.629 E.00841
G1 X125.629 Y105.069 E.2498
G1 X125.714 Y104.936 E.00222
;WIDTH:0.398584
G1 X125.799 Y104.803 E.002
;WIDTH:0.357168
G1 X125.758 Y104.814 E.00048
G1 X125.739 Y104.743 E.00083
G1 X125.81 Y104.762 E.00083
G1 X125.629 Y105.667 F9000
;WIDTH:0.439999
G1 F2400
G1 X113.667 Y117.629 E.23791
G1 X114.265 Y117.629 E.00841
G1 X125.629 Y106.265 E.22601
G1 X125.629 Y106.863 E.00841
G1 X114.863 Y117.629 E.21412
G1 X115.461 Y117.629 E.00841
G1 X125.629 Y107.461 E.20223
G1 X125.629 Y108.059 E.00841
G1 X116.059 Y117.629 E.19033
G1 X116.657 Y117.629 E.00841
G1 X125.629 Y108.657 E.17844
G1 X125.629 Y109.255 E.00841
G1 X117.255 Y117.629 E.16655
G1 X117.853 Y117.629 E.00841
G1 X125.629 Y109.853 E.15465
G1 X125.629 Y110.451 E.00841
G1 X118.451 Y117.629 E.14276
G1 X119.049 Y117.629 E.00841
G1 X125.629 Y111.049 E.13087
G1 X125.629 Y111.647 E.00841
G1 X119.647 Y117.629 E.11897
G1 X120.245 Y117.629 E.00841
G1 X125.629 Y112.245 E.10708
G1 X125.629 Y112.843 E.00841
G1 X120.843 Y117.629 E.09519
G1 X121.441 Y117.629 E.00841
G1 X125.629 Y113.441 E.08329
G1 X125.629 Y114.039 E.00841
G1 X122.039 Y117.629 E.0714
G1 X122.637 Y117.629 E.00841
G1 X125.629 Y114.637 E.05951
G1 X125.653 Y115.211 E.00808
G1 X123.235 Y117.629 E.04809
G1 X123.833 Y117.629 E.00841
G1 X125.801 Y115.66 E.03915
G1 X126.116 Y116.047 E.00702
G1 X126.601 Y116.309 E.00775
G1 X127.129 Y116.359 E.00746
G1 X127.129 Y117.629 E.01786
G1 X124.431 Y117.629 E.03794
G1 X125.918 Y116.141 E.02958
G1 X126.127 Y116.593 E.007
;WIDTH:0.529205
G1 X126.293 Y116.677 E.00317
G1 X126.661 Y116.805 E.00664
G1 X126.661 Y117.161 E.00606
G1 X125.559 Y117.161 E.01877
G1 X125.978 Y116.743 E.01008
;LAYER_CHANGE
;Z:0.68
;HEIGHT:0.08
;BEFORE_LAYER_CHANGE
G92 E0
;0.68


G1 E-3.5 F3600
;WIPE_START
G1 F7200
G1 X125.559 Y117.161 E-.28113
G1 X126.661 Y117.161 E-.52345
G1 X126.661 Y116.805 E-.1691
G1 X126.293 Y116.677 E-.18507
G1 X126.127 Y116.593 E-.08837
G1 X125.918 Y116.141 E-.23654
G1 X125.894 Y116.165 E-.01634
;WIPE_END
G1 Z.68 F9000
;AFTER_LAYER_CHANGE
;0.68
G1 X126.268 Y115.731
G1 E5 F2400
;TYPE:Perimeter
;WIDTH:0.439999
G1 X126.346 Y115.82 E.00166
G1 X126.722 Y116.01 E.00592
G1 X127.454 Y116.046 E.01031
G1 X127.454 Y117.954 E.02683
G1 X94.046 Y117.954 E.46983
G1 X94.046 Y109.905 E.1132
G1 X93.934 Y109.523 E.0056
G1 X93.752 Y109.268 E.00441
G1 X93.4 Y109.031 E.00597
G1 X93.009 Y108.954 E.0056
G1 X92.546 Y108.954 E.00651
G1 X92.546 Y102.046 E.09715
G1 X127.454 Y102.046 E.49093
G1 X127.454 Y103.954 E.02683
G1 X126.722 Y103.99 E.01031
G1 X126.346 Y104.18 E.00592
G1 X126.102 Y104.458 E.0052
G1 X125.985 Y104.743 E.00433
G1 X125.954 Y104.991 E.00351
G1 X125.954 Y115.009 E.14089
G1 X125.985 Y115.257 E.00351
G1 X126.102 Y115.542 E.00433
G1 X126.228 Y115.686 E.00269
G1 X126.562 Y115.436 F9000
G1 F2400
G1 X126.609 Y115.489 E.001
G1 X126.832 Y115.602 E.00352
G1 X126.991 Y115.623 E.00226
G1 X127.877 Y115.623 E.01246
G1 X127.877 Y118.377 E.03873
G1 X93.623 Y118.377 E.48173
G1 X93.623 Y110 E.11781
G1 X93.589 Y109.79 E.00299
G1 X93.449 Y109.563 E.00375
G1 X93.24 Y109.423 E.00354
G1 X93.009 Y109.377 E.00331
G1 X92.123 Y109.377 E.01246
G1 X92.123 Y101.623 E.10905
G1 X127.877 Y101.623 E.50282
G1 X127.877 Y104.377 E.03873
G1 X126.832 Y104.398 E.0147
G1 X126.609 Y104.511 E.00352
G1 X126.465 Y104.675 E.00307
G1 X126.377 Y104.991 E.00461
G1 X126.377 Y115.009 E.14089
G1 X126.465 Y115.325 E.00461
G1 X126.523 Y115.391 E.00124
G1 X126.854 Y115.141 F9000
;TYPE:External perimeter
;WIDTH:0.419999
G1 F1500
G1 X126.866 Y115.166 E.00037
G1 X126.991 Y115.21 E.00178
G1 X128.29 Y115.21 E.0174
G1 X128.29 Y118.79 E.04797
G1 X93.21 Y118.79 E.47001
G1 X93.21 Y110 E.11777
G1 X93.153 Y109.851 E.00214
G1 X93.009 Y109.79 E.0021
G1 X91.71 Y109.79 E.0174
G1 X91.71 Y101.21 E.11496
G1 X128.29 Y101.21 E.49011
G1 X128.29 Y104.79 E.04797
G1 X126.991 Y104.79 E.0174
G1 X126.866 Y104.834 E.00178
G1 X126.79 Y104.991 E.00234
G1 X126.79 Y115.009 E.13422
G1 X126.828 Y115.087 E.00116
G1 E-3.5 F3600
;WIPE_START
G1 F7200
G1 X126.854 Y115.141 E-.02847
G1 X126.866 Y115.166 E-.01317
G1 X126.991 Y115.21 E-.06295
G1 X128.29 Y115.21 E-.61702
G1 X128.29 Y116.849 E-.77839
;WIPE_END
G1 X94.405 Y117.514 F9000
G1 E5 F2400
;TYPE:Solid infill
;WIDTH:0.542712
G1 X94.359 Y117.56 E.00114
G1 X94.376 Y117.624 E.00116
G1 X94.439 Y117.641 E.00114
G1 X94.486 Y117.594 E.00116
G1 X94.469 Y117.531 E.00114
;WIDTH:0.439999
G1 X95.144 Y117.629 E.00959
G1 X94.371 Y116.855 E.01538
G1 X94.37 Y116.256 E.00842
G1 X95.742 Y117.629 E.0273
G1 X96.34 Y117.629 E.00841
G1 X94.37 Y115.658 E.03919
G1 X94.369 Y115.059 E.00842
G1 X96.938 Y117.629 E.0511
G1 X97.536 Y117.629 E.00841
G1 X94.369 Y114.461 E.063
G1 X94.368 Y113.863 E.00841
G1 X98.134 Y117.629 E.0749
G1 X98.732 Y117.629 E.00841
G1 X94.368 Y113.264 E.0868
G1 X94.367 Y112.666 E.00841
G1 X99.33 Y117.629 E.09871
G1 X99.928 Y117.629 E.00841
G1 X94.367 Y112.067 E.11061
G1 X94.366 Y111.469 E.00841
G1 X100.526 Y117.629 E.12251
G1 X101.124 Y117.629 E.00841
G1 X94.366 Y110.87 E.13442
G1 X94.365 Y110.272 E.00841
G1 X101.722 Y117.629 E.14632
G1 X102.32 Y117.629 E.00841
G1 X94.314 Y109.623 E.15923
G1 X94.108 Y109.324 E.00511
;WIDTH:0.357168
G1 X93.903 Y109.087 E.00354
G1 X93.692 Y108.913 E.00309
;WIDTH:0.398584
G1 X93.543 Y108.807 E.00232
;WIDTH:0.439999
G1 X93.393 Y108.702 E.00257
G1 X92.871 Y108.18 E.01038
G1 X92.871 Y107.582 E.00841
G1 X102.918 Y117.629 E.19982
G1 X103.516 Y117.629 E.00841
G1 X92.871 Y106.984 E.21171
G1 X92.871 Y106.386 E.00841
G1 X104.114 Y117.629 E.22361
G1 X104.712 Y117.629 E.00841
G1 X92.871 Y105.788 E.2355
G1 X92.871 Y105.19 E.00841
G1 X105.31 Y117.629 E.2474
G1 X105.908 Y117.629 E.00841
G1 X92.871 Y104.592 E.25929
G1 X92.871 Y103.994 E.00841
G1 X106.506 Y117.629 E.27118
G1 X107.104 Y117.629 E.00841
G1 X92.871 Y103.396 E.28308
G1 X92.871 Y102.798 E.00841
G1 X107.702 Y117.629 E.29497
G1 X108.3 Y117.629 E.00841
G1 X93.042 Y102.371 E.30346
G1 X92.918 Y102.303 E.00199
;WIDTH:0.398584
G1 X92.794 Y102.234 E.0018
;WIDTH:0.357168
G1 X92.805 Y102.275 E.00048
G1 X92.734 Y102.294 E.00083
G1 X92.753 Y102.223 E.00083
G1 X93.64 Y102.371 F9000
;WIDTH:0.439999
G1 F2400
G1 X108.898 Y117.629 E.30346
G1 X109.496 Y117.629 E.00841
G1 X94.238 Y102.371 E.30346
G1 X94.836 Y102.371 E.00841
G1 X110.094 Y117.629 E.30346
G1 X110.692 Y117.629 E.00841
G1 X95.434 Y102.371 E.30346
G1 X96.032 Y102.371 E.00841
G1 X111.29 Y117.629 E.30346
G1 X111.888 Y117.629 E.00841
G1 X96.63 Y102.371 E.30346
G1 X97.228 Y102.371 E.00841
G1 X112.486 Y117.629 E.30346
G1 X113.084 Y117.629 E.00841
G1 X97.826 Y102.371 E.30346
G1 X98.424 Y102.371 E.00841
G1 X113.682 Y117.629 E.30346
G1 X114.28 Y117.629 E.00841
G1 X99.022 Y102.371 E.30346
G1 X99.62 Y102.371 E.00841
G1 X114.878 Y117.629 E.30346
G1 X115.476 Y117.629 E.00841
G1 X100.218 Y102.371 E.30346
G1 X100.816 Y102.371 E.00841
G1 X116.074 Y117.629 E.30346
G1 X116.671 Y117.629 E.0084
G1 X101.414 Y102.371 E.30345
G1 X102.012 Y102.371 E.00841
G1 X117.269 Y117.629 E.30345
G1 X117.867 Y117.629 E.00841
G1 X102.61 Y102.371 E.30345
G1 X103.208 Y102.371 E.00841
G1 X118.465 Y117.629 E.30345
G1 X119.063 Y117.629 E.00841
G1 X103.806 Y102.371 E.30345
G1 X104.404 Y102.371 E.00841
G1 X119.661 Y117.629 E.30345
G1 X120.259 Y117.629 E.00841
G1 X105.002 Y102.371 E.30345
G1 X105.6 Y102.371 E.00841
G1 X120.857 Y117.629 E.30345
G1 X121.455 Y117.629 E.00841
G1 X106.198 Y102.371 E.30345
G1 X106.796 Y102.371 E.00841
G1 X122.053 Y117.629 E.30345
G1 X122.651 Y117.629 E.00841
G1 X107.394 Y102.371 E.30345
G1 X107.992 Y102.371 E.00841
G1 X123.249 Y117.629 E.30345
G1 X123.847 Y117.629 E.00841
G1 X108.59 Y102.371 E.30345
G1 X109.188 Y102.371 E.00841
G1 X124.445 Y117.629 E.30345
G1 X125.043 Y117.629 E.00841
G1 X109.786 Y102.371 E.30345
G1 X110.384 Y102.371 E.00841
G1 X125.641 Y117.629 E.30345
G1 X126.239 Y117.629 E.00841
G1 X110.982 Y102.371 E.30345
G1 X111.58 Y102.371 E.00841
G1 X126.837 Y117.629 E.30345
G1 X127.021 Y117.652 E.00261
;WIDTH:0.398584
G1 X127.206 Y117.676 E.00237
;WIDTH:0.357168
G1 X127.187 Y117.747 E.00083
G1 X127.258 Y117.728 E.00083
G1 X127.247 Y117.687 E.00048
;WIDTH:0.439999
G1 X127.129 Y117.323 E.00538
G1 X112.177 Y102.371 E.29738
G1 X112.775 Y102.371 E.00841
G1 X125.658 Y115.254 E.25623
G1 X125.751 Y115.403 E.00247
;WIDTH:0.398584
G1 X125.843 Y115.553 E.00223
;WIDTH:0.357168
G1 X126.21 Y115.973 E.00631
;WIDTH:0.358824
G1 X126.619 Y116.273 E.00576
;WIDTH:0.408722
G1 X126.686 Y116.304 E.00096
;WIDTH:0.45862
G1 X126.753 Y116.335 E.00108
;WIDTH:0.508518
G1 X126.819 Y116.367 E.0012
;WIDTH:0.558416
G1 X126.886 Y116.398 E.00133
;WIDTH:0.608314
G1 X126.953 Y116.43 E.00146
;WIDTH:0.658212
G1 X127.02 Y116.461 E.00157
G1 E-3.5 F3600
;WIPE_START
G1 F7200
G1 X126.953 Y116.43 E-.03507
G1 X126.886 Y116.398 E-.03527
G1 X126.819 Y116.367 E-.03507
G1 X126.753 Y116.335 E-.03484
G1 X126.686 Y116.304 E-.03507
G1 X126.619 Y116.273 E-.03507
G1 X126.21 Y115.973 E-.24093
G1 X125.843 Y115.553 E-.26493
G1 X125.751 Y115.403 E-.08358
G1 X125.658 Y115.254 E-.08343
G1 X124.74 Y114.336 E-.61674
;WIPE_END
G1 X125.629 Y114.627 F9000
G1 E5 F2400
;WIDTH:0.439999
G1 X113.373 Y102.371 E.24376
G1 X113.971 Y102.371 E.00841
G1 X125.629 Y114.029 E.23186
G1 X125.629 Y113.431 E.00841
G1 X114.569 Y102.371 E.21997
G1 X115.167 Y102.371 E.00841
G1 X125.629 Y112.833 E.20808
G1 X125.629 Y112.235 E.00841
G1 X115.765 Y102.371 E.19618
G1 X116.363 Y102.371 E.00841
G1 X125.629 Y111.637 E.18429
G1 X125.629 Y111.039 E.00841
G1 X116.961 Y102.371 E.1724
G1 X117.559 Y102.371 E.00841
G1 X125.629 Y110.441 E.1605
G1 X125.629 Y109.843 E.00841
G1 X118.157 Y102.371 E.14861
G1 X118.755 Y102.371 E.00841
G1 X125.629 Y109.245 E.13671
G1 X125.629 Y108.647 E.00841
G1 X119.353 Y102.371 E.12482
G1 X119.951 Y102.371 E.00841
G1 X125.629 Y108.049 E.11293
G1 X125.629 Y107.451 E.00841
G1 X120.549 Y102.371 E.10103
G1 X121.147 Y102.371 E.00841
G1 X125.629 Y106.853 E.08914
G1 X125.629 Y106.255 E.00841
G1 X121.745 Y102.371 E.07725
G1 X122.343 Y102.371 E.00841
G1 X125.629 Y105.657 E.06535
G1 X125.629 Y105.059 E.00841
G1 X122.941 Y102.371 E.05346
G1 X123.539 Y102.371 E.00841
G1 X125.715 Y104.548 E.04329
G1 E-3.5 F3600
;WIPE_START
G1 F7200
G1 X123.539 Y102.371 E-1.46207
G1 X123.459 Y102.371 E-.03793
;WIPE_END
G1 X124.286 Y102.521 F9000
G1 E5 F2400
G1 X125.931 Y104.165 E.03271
G1 X126.18 Y103.904 E.00507
G1 X126.64 Y103.676 E.00722
G1 X127.129 Y103.641 E.00689
G1 X127.129 Y102.371 E.01786
G1 X124.137 Y102.371 E.04208
G1 X125.319 Y102.861 F9000
;WIDTH:0.573613
G1 F2400
G1 X126.639 Y102.861 E.02443
G1 X126.639 Y103.183 E.00596
G1 X126.511 Y103.204 E.0024
G1 X125.94 Y103.482 E.01175
G1 X125.469 Y103.01 E.01234
;LAYER_CHANGE
;Z:0.76
;HEIGHT:0.08
;BEFORE_LAYER_CHANGE
G92 E0
;0.76


G1 E-3.5 F3600
;WIPE_START
G1 F7200
G1 X125.94 Y103.482 E-.31673
G1 X126.511 Y103.204 E-.30166
G1 X126.639 Y103.183 E-.06161
G1 X126.639 Y102.861 E-.15295
G1 X125.319 Y102.861 E-.627
;WIPE_END
G1 E-.04005 F3600
G1 Z.76 F9000
;AFTER_LAYER_CHANGE
;0.76
G1 X126.268 Y104.269
G1 E5 F2400
;TYPE:Perimeter
;WIDTH:0.439999
G1 X126.102 Y104.458 E.00354
G1 X125.985 Y104.743 E.00433
G1 X125.954 Y104.991 E.00351
G1 X125.954 Y115.009 E.14089
G1 X125.985 Y115.257 E.00351
G1 X126.102 Y115.542 E.00433
G1 X126.346 Y115.82 E.0052
G1 X126.722 Y116.01 E.00592
G1 X127.454 Y116.046 E.01031
G1 X127.454 Y117.954 E.02683
G1 X94.046 Y117.954 E.46983
G1 X94.046 Y109.905 E.1132
G1 X93.934 Y109.523 E.0056
G1 X93.752 Y109.268 E.00441
G1 X93.4 Y109.031 E.00597
G1 X93.009 Y108.954 E.0056
G1 X92.546 Y108.954 E.00651
G1 X92.546 Y102.046 E.09715
G1 X127.454 Y102.046 E.49093
G1 X127.454 Y103.954 E.02683
G1 X126.722 Y103.99 E.01031
G1 X126.346 Y104.18 E.00592
G1 X126.307 Y104.224 E.00083
G1 X126.562 Y104.564 F9000
G1 F2400
G1 X126.465 Y104.675 E.00207
G1 X126.377 Y104.991 E.00461
G1 X126.377 Y115.009 E.14089
G1 X126.465 Y115.325 E.00461
G1 X126.609 Y115.489 E.00307
G1 X126.832 Y115.602 E.00352
G1 X126.991 Y115.623 E.00226
G1 X127.877 Y115.623 E.01246
G1 X127.877 Y118.377 E.03873
G1 X93.623 Y118.377 E.48173
G1 X93.623 Y110 E.11781
G1 X93.589 Y109.79 E.00299
G1 X93.449 Y109.563 E.00375
G1 X93.24 Y109.423 E.00354
G1 X93.009 Y109.377 E.00331
G1 X92.123 Y109.377 E.01246
G1 X92.123 Y101.623 E.10905
G1 X127.877 Y101.623 E.50282
G1 X127.877 Y104.377 E.03873
G1 X126.832 Y104.398 E.0147
G1 X126.609 Y104.511 E.00352
G1 X126.602 Y104.519 E.00015
G1 X126.854 Y104.859 F9000
;TYPE:External perimeter
;WIDTH:0.419999
G1 F1500
G1 X126.79 Y104.991 E.00197
G1 X126.79 Y115.009 E.13422
G1 X126.866 Y115.166 E.00234
G1 X126.991 Y115.21 E.00178
G1 X128.29 Y115.21 E.0174
G1 X128.29 Y118.79 E.04797
G1 X93.21 Y118.79 E.47001
G1 X93.21 Y110 E.11777
G1 X93.153 Y109.851 E.00214
G1 X93.009 Y109.79 E.0021
G1 X91.71 Y109.79 E.0174
G1 X91.71 Y101.21 E.11496
G1 X128.29 Y101.21 E.49011
G1 X128.29 Y104.79 E.04797
G1 X126.991 Y104.79 E.0174
G1 X126.896 Y104.823 E.00135
G1 E-3.5 F3600
;WIPE_START
G1 F7200
G1 X126.854 Y104.859 E-.02628
G1 X126.79 Y104.991 E-.06968
G1 X126.79 Y107.947 E-1.40404
;WIPE_END
G1 X92.986 Y102.406 F9000
G1 E5 F2400
;TYPE:Solid infill
;WIDTH:0.542588
G1 X92.94 Y102.359 E.00115
G1 X92.876 Y102.376 E.00116
G1 X92.859 Y102.44 E.00116
G1 X92.906 Y102.486 E.00115
G1 X92.969 Y102.469 E.00114
;WIDTH:0.439999
G1 X92.871 Y103.144 E.00959
G1 X93.644 Y102.371 E.01537
G1 X94.242 Y102.371 E.00841
G1 X92.871 Y103.742 E.02727
G1 X92.871 Y104.34 E.00841
G1 X94.84 Y102.371 E.03916
G1 X95.438 Y102.371 E.00841
G1 X92.871 Y104.938 E.05105
G1 X92.871 Y105.536 E.00841
G1 X96.036 Y102.371 E.06295
G1 X96.634 Y102.371 E.00841
G1 X92.871 Y106.134 E.07484
G1 X92.871 Y106.732 E.00841
G1 X97.232 Y102.371 E.08673
G1 X97.83 Y102.371 E.00841
G1 X92.871 Y107.33 E.09863
G1 X92.871 Y107.928 E.00841
G1 X98.428 Y102.371 E.11052
G1 X99.026 Y102.371 E.00841
G1 X92.871 Y108.526 E.12241
G1 X92.825 Y108.64 E.00173
;WIDTH:0.398584
G1 X92.779 Y108.754 E.00156
;WIDTH:0.357168
G1 X92.708 Y108.735 E.00083
G1 X92.727 Y108.806 E.00083
G1 X92.768 Y108.795 E.00048
;WIDTH:0.439999
G1 X93.31 Y108.686 E.00777
G1 X99.624 Y102.371 E.12559
G1 X100.222 Y102.371 E.00841
G1 X93.742 Y108.851 E.12888
G1 X94.06 Y109.131 E.00596
G1 X100.82 Y102.371 E.13445
G1 X101.418 Y102.371 E.00841
G1 X94.281 Y109.508 E.14195
G1 X94.215 Y110.206 E.00986
;WIDTH:0.357168
G1 X94.174 Y110.217 E.00048
G1 X94.155 Y110.146 E.00083
G1 X94.226 Y110.165 E.00083
;WIDTH:0.398584
G1 X94.295 Y110.093 E.00127
;WIDTH:0.439999
G1 X102.016 Y102.371 E.15357
G1 X102.614 Y102.371 E.00841
G1 X94.365 Y110.62 E.16406
G1 X94.366 Y111.217 E.0084
G1 X103.212 Y102.371 E.17594
G1 X103.81 Y102.371 E.00841
G1 X94.366 Y111.815 E.18783
G1 X94.367 Y112.412 E.0084
G1 X104.408 Y102.371 E.1997
G1 X105.006 Y102.371 E.00841
G1 X94.367 Y113.01 E.2116
G1 X94.368 Y113.607 E.0084
G1 X105.604 Y102.371 E.22347
G1 X106.202 Y102.371 E.00841
G1 X94.368 Y114.205 E.23536
G1 X94.369 Y114.802 E.0084
G1 X106.8 Y102.371 E.24724
G1 X107.398 Y102.371 E.00841
G1 X94.369 Y115.4 E.25913
G1 X94.37 Y115.997 E.0084
G1 X107.996 Y102.371 E.271
G1 X108.594 Y102.371 E.00841
G1 X94.37 Y116.595 E.2829
G1 X94.371 Y117.192 E.0084
G1 X109.192 Y102.371 E.29477
G1 X109.79 Y102.371 E.00841
G1 X94.532 Y117.629 E.30346
G1 X94.417 Y117.679 E.00176
;WIDTH:0.398584
G1 X94.302 Y117.728 E.00159
;WIDTH:0.357168
G1 X94.231 Y117.709 E.00083
G1 X94.25 Y117.78 E.00083
G1 X94.291 Y117.769 E.00048
G1 X95.13 Y117.629 F9000
;WIDTH:0.439999
G1 F2400
G1 X110.388 Y102.371 E.30346
G1 X110.986 Y102.371 E.00841
G1 X95.728 Y117.629 E.30346
G1 X96.326 Y117.629 E.00841
G1 X111.584 Y102.371 E.30346
G1 X112.182 Y102.371 E.00841
G1 X96.924 Y117.629 E.30346
G1 X97.522 Y117.629 E.00841
G1 X112.78 Y102.371 E.30346
G1 X113.377 Y102.371 E.0084
G1 X98.12 Y117.629 E.30345
G1 X98.718 Y117.629 E.00841
G1 X113.975 Y102.371 E.30345
G1 X114.573 Y102.371 E.00841
G1 X99.316 Y117.629 E.30345
G1 X99.914 Y117.629 E.00841
G1 X115.171 Y102.371 E.30345
G1 X115.769 Y102.371 E.00841
G1 X100.512 Y117.629 E.30345
G1 X101.11 Y117.629 E.00841
G1 X116.367 Y102.371 E.30345
G1 X116.965 Y102.371 E.00841
G1 X101.708 Y117.629 E.30345
G1 X102.306 Y117.629 E.00841
G1 X117.563 Y102.371 E.30345
G1 X118.161 Y102.371 E.00841
G1 X102.904 Y117.629 E.30345
G1 X103.502 Y117.629 E.00841
G1 X118.759 Y102.371 E.30345
G1 X119.357 Y102.371 E.00841
G1 X104.1 Y117.629 E.30345
G1 X104.698 Y117.629 E.00841
G1 X119.955 Y102.371 E.30345
G1 X120.553 Y102.371 E.00841
G1 X105.296 Y117.629 E.30345
G1 X105.894 Y117.629 E.00841
G1 X121.151 Y102.371 E.30345
G1 X121.749 Y102.371 E.00841
G1 X106.492 Y117.629 E.30345
G1 X107.09 Y117.629 E.00841
G1 X122.347 Y102.371 E.30345
G1 X122.945 Y102.371 E.00841
G1 X107.688 Y117.629 E.30345
G1 X108.286 Y117.629 E.00841
G1 X123.543 Y102.371 E.30345
G1 X124.141 Y102.371 E.00841
G1 X108.883 Y117.629 E.30346
G1 X109.481 Y117.629 E.00841
G1 X124.739 Y102.371 E.30346
G1 X125.337 Y102.371 E.00841
G1 X110.079 Y117.629 E.30346
G1 X110.677 Y117.629 E.00841
G1 X125.935 Y102.371 E.30346
G1 X126.533 Y102.371 E.00841
G1 X111.275 Y117.629 E.30346
G1 X111.873 Y117.629 E.00841
G1 X127.129 Y102.373 E.30342
G1 X127.135 Y102.957 E.00821
;WIDTH:0.428358
G1 X127.135 Y103.647 E.00944
G1 X126.684 Y103.675 E.00618
G1 X126.189 Y103.905 E.00746
G1 X126.985 Y103.107 E.01541
G1 X125.897 Y104.203 F9000
;WIDTH:0.439999
G1 F2400
G1 X112.471 Y117.629 E.26703
G1 X113.069 Y117.629 E.00841
G1 X125.629 Y105.069 E.2498
G1 X125.714 Y104.936 E.00222
;WIDTH:0.398584
G1 X125.799 Y104.803 E.002
;WIDTH:0.357168
G1 X125.758 Y104.814 E.00048
G1 X125.739 Y104.743 E.00083
G1 X125.81 Y104.762 E.00083
G1 X125.629 Y105.667 F9000
;WIDTH:0.439999
G1 F2400
G1 X113.667 Y117.629 E.23791
G1 X114.265 Y117.629 E.00841
G1 X125.629 Y106.265 E.22601
G1 X125.629 Y106.863 E.00841
G1 X114.863 Y117.629 E.21412
G1 X115.461 Y117.629 E.00841
G1 X125.629 Y107.461 E.20223
G1 X125.629 Y108.059 E.00841
G1 X116.059 Y117.629 E.19033
G1 X116.657 Y117.629 E.00841
G1 X125.629 Y108.657 E.17844
G1 X125.629 Y109.255 E.00841
G1 X117.255 Y117.629 E.16655
G1 X117.853 Y117.629 E.00841
G1 X125.629 Y109.853 E.15465
G1 X125.629 Y110.451 E.00841
G1 X118.451 Y117.629 E.14276
G1 X119.049 Y117.629 E.00841
G1 X125.629 Y111.049 E.13087
G1 X125.629 Y111.647 E.00841
G1 X119.647 Y117.629 E.11897
G1 X120.245 Y117.629 E.00841
G1 X125.629 Y112.245 E.10708
G1 X125.629 Y112.843 E.00841
G1 X120.843 Y117.629 E.09519
G1 X121.441 Y117.629 E.00841
G1 X125.629 Y113.441 E.08329
G1 X125.629 Y114.039 E.00841
G1 X122.039 Y117.629 E.0714
G1 X122.637 Y117.629 E.00841
G1 X125.629 Y114.637 E.05951
G1 X125.653 Y115.211 E.00808
G1 X123.235 Y117.629 E.04809
G1 X123.833 Y117.629 E.00841
G1 X125.801 Y115.66 E.03915
G1 X126.116 Y116.047 E.00702
G1 X126.601 Y116.309 E.00775
G1 X127.129 Y116.359 E.00746
G1 X127.129 Y117.629 E.01786
G1 X124.431 Y117.629 E.03794
G1 X125.918 Y116.141 E.02958
G1 X126.127 Y116.593 E.007
;WIDTH:0.529205
G1 X126.293 Y116.677 E.00317
G1 X126.661 Y116.805 E.00664
G1 X126.661 Y117.161 E.00606
G1 X125.559 Y117.161 E.01877
G1 X125.978 Y116.743 E.01008
;LAYER_CHANGE
;Z:0.77
;HEIGHT:0.00999999
;BEFORE_LAYER_CHANGE
G92 E0
;0.77


G1 E-3.5 F3600
;WIPE_START
G1 F7200
G1 X125.559 Y117.161 E-.28113
G1 X126.661 Y117.161 E-.52345
G1 X126.661 Y116.805 E-.1691
G1 X126.293 Y116.677 E-.18507
G1 X126.127 Y116.593 E-.08837
G1 X125.918 Y116.141 E-.23654
G1 X125.894 Y116.165 E-.01634
;WIPE_END
G1 Z.77 F9000
;AFTER_LAYER_CHANGE
;0.77
G1 X127.423 Y114.577
G1 E5 F2400
;TYPE:Support material
;WIDTH:0.36
;HEIGHT:0.285
G1 X127.423 Y114.028 E.01944
G1 X127.457 Y114.559 E.01884
G1 E-3.5 F3600
;WIPE_START
G1 F7200
G1 X127.423 Y114.028 E-.25274
G1 X127.423 Y114.577 E-.26077
;WIPE_END
G1 E-.98649 F3600
G1 X127.423 Y105.972 F9000
G1 E5 F2400
G1 X127.457 Y105.423 E.01948
G1 X127.423 Y105.8 E.0134
;LAYER_CHANGE
;Z:0.84
;HEIGHT:0.07
;BEFORE_LAYER_CHANGE
G92 E0
;0.84


G1 E-3.5 F3600
;WIPE_START
G1 F7200
G1 X127.457 Y105.423 E-.1798
G1 X127.423 Y105.972 E-.26127
;WIPE_END
G1 E-1.05893 F3600
G1 Z.84 F9000
;AFTER_LAYER_CHANGE
;0.84
G1 X126.268 Y104.269
G1 E5 F2400
;TYPE:Perimeter
;WIDTH:0.439999
;HEIGHT:0.08
G1 X126.102 Y104.458 E.00354
G1 X125.985 Y104.743 E.00433
G1 X125.954 Y104.991 E.00351
G1 X125.954 Y115.009 E.14089
G1 X125.985 Y115.257 E.00351
G1 X126.102 Y115.542 E.00433
G1 X126.346 Y115.82 E.0052
G1 X126.722 Y116.01 E.00592
G1 X127.454 Y116.046 E.01031
G1 X127.454 Y117.954 E.02683
G1 X94.046 Y117.954 E.46983
G1 X94.046 Y109.905 E.1132
G1 X93.934 Y109.523 E.0056
G1 X93.752 Y109.268 E.00441
G1 X93.4 Y109.031 E.00597
G1 X93.009 Y108.954 E.0056
G1 X92.546 Y108.954 E.00651
G1 X92.546 Y102.046 E.09715
G1 X127.454 Y102.046 E.49093
G1 X127.454 Y103.954 E.02683
G1 X126.722 Y103.99 E.01031
G1 X126.346 Y104.18 E.00592
G1 X126.307 Y104.224 E.00083
G1 X126.562 Y104.564 F9000
G1 F2400
G1 X126.465 Y104.675 E.00207
G1 X126.377 Y104.991 E.00461
G1 X126.377 Y115.009 E.14089
G1 X126.465 Y115.325 E.00461
G1 X126.609 Y115.489 E.00307
G1 X126.832 Y115.602 E.00352
G1 X126.991 Y115.623 E.00226
G1 X127.877 Y115.623 E.01246
G1 X127.877 Y118.377 E.03873
G1 X93.623 Y118.377 E.48173
G1 X93.623 Y110 E.11781
G1 X93.589 Y109.79 E.00299
G1 X93.449 Y109.563 E.00375
G1 X93.24 Y109.423 E.00354
G1 X93.009 Y109.377 E.00331
G1 X92.123 Y109.377 E.01246
G1 X92.123 Y101.623 E.10905
G1 X127.877 Y101.623 E.50282
G1 X127.877 Y104.377 E.03873
G1 X126.832 Y104.398 E.0147
G1 X126.609 Y104.511 E.00352
G1 X126.602 Y104.519 E.00015
G1 X126.854 Y104.859 F9000
;TYPE:External perimeter
;WIDTH:0.419999
G1 F1500
G1 X126.79 Y104.991 E.00197
G1 X126.79 Y115.009 E.13422
G1 X126.866 Y115.166 E.00234
G1 X126.991 Y115.21 E.00178
G1 X128.29 Y115.21 E.0174
G1 X128.29 Y118.79 E.04797
G1 X93.21 Y118.79 E.47001
G1 X93.21 Y110 E.11777
G1 X93.153 Y109.851 E.00214
G1 X93.009 Y109.79 E.0021
G1 X91.71 Y109.79 E.0174
G1 X91.71 Y101.21 E.11496
G1 X128.29 Y101.21 E.49011
G1 X128.29 Y104.79 E.04797
G1 X126.991 Y104.79 E.0174
G1 X126.896 Y104.823 E.00135
G1 E-3.5 F3600
;WIPE_START
G1 F7200
G1 X126.854 Y104.859 E-.02628
G1 X126.79 Y104.991 E-.06968
G1 X126.79 Y107.947 E-1.40404
;WIPE_END
G1 X94.405 Y117.514 F9000
G1 E5 F2400
;TYPE:Solid infill
;WIDTH:0.542712
G1 X94.359 Y117.56 E.00114
G1 X94.376 Y117.624 E.00116
G1 X94.439 Y117.641 E.00114
G1 X94.486 Y117.594 E.00116
G1 X94.469 Y117.531 E.00114
;WIDTH:0.439999
G1 X95.144 Y117.629 E.00959
G1 X94.371 Y116.855 E.01538
G1 X94.37 Y116.256 E.00842
G1 X95.742 Y117.629 E.0273
G1 X96.34 Y117.629 E.00841
G1 X94.37 Y115.658 E.03919
G1 X94.369 Y115.059 E.00842
G1 X96.938 Y117.629 E.0511
G1 X97.536 Y117.629 E.00841
G1 X94.369 Y114.461 E.063
G1 X94.368 Y113.863 E.00841
G1 X98.134 Y117.629 E.0749
G1 X98.732 Y117.629 E.00841
G1 X94.368 Y113.264 E.0868
G1 X94.367 Y112.666 E.00841
G1 X99.33 Y117.629 E.09871
G1 X99.928 Y117.629 E.00841
G1 X94.367 Y112.067 E.11061
G1 X94.366 Y111.469 E.00841
G1 X100.526 Y117.629 E.12251
G1 X101.124 Y117.629 E.00841
G1 X94.366 Y110.87 E.13442
G1 X94.365 Y110.272 E.00841
G1 X101.722 Y117.629 E.14632
G1 X102.32 Y117.629 E.00841
G1 X94.314 Y109.623 E.15923
G1 X94.108 Y109.324 E.00511
;WIDTH:0.357168
G1 X93.903 Y109.087 E.00354
G1 X93.692 Y108.913 E.00309
;WIDTH:0.398584
G1 X93.543 Y108.807 E.00232
;WIDTH:0.439999
G1 X93.393 Y108.702 E.00257
G1 X92.871 Y108.18 E.01038
G1 X92.871 Y107.582 E.00841
G1 X102.918 Y117.629 E.19982
G1 X103.516 Y117.629 E.00841
G1 X92.871 Y106.984 E.21171
G1 X92.871 Y106.386 E.00841
G1 X104.114 Y117.629 E.22361
G1 X104.712 Y117.629 E.00841
G1 X92.871 Y105.788 E.2355
G1 X92.871 Y105.19 E.00841
G1 X105.31 Y117.629 E.2474
G1 X105.908 Y117.629 E.00841
G1 X92.871 Y104.592 E.25929
G1 X92.871 Y103.994 E.00841
G1 X106.506 Y117.629 E.27118
G1 X107.104 Y117.629 E.00841
G1 X92.871 Y103.396 E.28308
G1 X92.871 Y102.798 E.00841
G1 X107.702 Y117.629 E.29497
G1 X108.3 Y117.629 E.00841
G1 X93.042 Y102.371 E.30346
G1 X92.918 Y102.303 E.00199
;WIDTH:0.398584
G1 X92.794 Y102.234 E.0018
;WIDTH:0.357168
G1 X92.805 Y102.275 E.00048
G1 X92.734 Y102.294 E.00083
G1 X92.753 Y102.223 E.00083
G1 X93.64 Y102.371 F9000
;WIDTH:0.439999
G1 F2400
G1 X108.898 Y117.629 E.30346
G1 X109.496 Y117.629 E.00841
G1 X94.238 Y102.371 E.30346
G1 X94.836 Y102.371 E.00841
G1 X110.094 Y117.629 E.30346
G1 X110.692 Y117.629 E.00841
G1 X95.434 Y102.371 E.30346
G1 X96.032 Y102.371 E.00841
G1 X111.29 Y117.629 E.30346
G1 X111.888 Y117.629 E.00841
G1 X96.63 Y102.371 E.30346
G1 X97.228 Y102.371 E.00841
G1 X112.486 Y117.629 E.30346
G1 X113.084 Y117.629 E.00841
G1 X97.826 Y102.371 E.30346
G1 X98.424 Y102.371 E.00841
G1 X113.682 Y117.629 E.30346
G1 X114.28 Y117.629 E.00841
G1 X99.022 Y102.371 E.30346
G1 X99.62 Y102.371 E.00841
G1 X114.878 Y117.629 E.30346
G1 X115.476 Y117.629 E.00841
G1 X100.218 Y102.371 E.30346
G1 X100.816 Y102.371 E.00841
G1 X116.074 Y117.629 E.30346
G1 X116.671 Y117.629 E.0084
G1 X101.414 Y102.371 E.30345
G1 X102.012 Y102.371 E.00841
G1 X117.269 Y117.629 E.30345
G1 X117.867 Y117.629 E.00841
G1 X102.61 Y102.371 E.30345
G1 X103.208 Y102.371 E.00841
G1 X118.465 Y117.629 E.30345
G1 X119.063 Y117.629 E.00841
G1 X103.806 Y102.371 E.30345
G1 X104.404 Y102.371 E.00841
G1 X119.661 Y117.629 E.30345
G1 X120.259 Y117.629 E.00841
G1 X105.002 Y102.371 E.30345
G1 X105.6 Y102.371 E.00841
G1 X120.857 Y117.629 E.30345
G1 X121.455 Y117.629 E.00841
G1 X106.198 Y102.371 E.30345
G1 X106.796 Y102.371 E.00841
G1 X122.053 Y117.629 E.30345
G1 X122.651 Y117.629 E.00841
G1 X107.394 Y102.371 E.30345
G1 X107.992 Y102.371 E.00841
G1 X123.249 Y117.629 E.30345
G1 X123.847 Y117.629 E.00841
G1 X108.59 Y102.371 E.30345
G1 X109.188 Y102.371 E.00841
G1 X124.445 Y117.629 E.30345
G1 X125.043 Y117.629 E.00841
G1 X109.786 Y102.371 E.30345
G1 X110.384 Y102.371 E.00841
G1 X125.641 Y117.629 E.30345
G1 X126.239 Y117.629 E.00841
G1 X110.982 Y102.371 E.30345
G1 X111.58 Y102.371 E.00841
G1 X126.837 Y117.629 E.30345
G1 X127.021 Y117.652 E.00261
;WIDTH:0.398584
G1 X127.206 Y117.676 E.00237
;WIDTH:0.357168
G1 X127.187 Y117.747 E.00083
G1 X127.258 Y117.728 E.00083
G1 X127.247 Y117.687 E.00048
;WIDTH:0.439999
G1 X127.129 Y117.323 E.00538
G1 X112.177 Y102.371 E.29738
G1 X112.775 Y102.371 E.00841
G1 X125.658 Y115.254 E.25623
G1 X125.751 Y115.403 E.00247
;WIDTH:0.398584
G1 X125.843 Y115.553 E.00223
;WIDTH:0.357168
G1 X126.21 Y115.973 E.00631
;WIDTH:0.358824
G1 X126.619 Y116.273 E.00576
;WIDTH:0.408722
G1 X126.686 Y116.304 E.00096
;WIDTH:0.45862
G1 X126.753 Y116.335 E.00108
;WIDTH:0.508518
G1 X126.819 Y116.367 E.0012
;WIDTH:0.558416
G1 X126.886 Y116.398 E.00133
;WIDTH:0.608314
G1 X126.953 Y116.43 E.00146
;WIDTH:0.658212
G1 X127.02 Y116.461 E.00157
G1 E-3.5 F3600
;WIPE_START
G1 F7200
G1 X126.953 Y116.43 E-.03507
G1 X126.886 Y116.398 E-.03527
G1 X126.819 Y116.367 E-.03507
G1 X126.753 Y116.335 E-.03484
G1 X126.686 Y116.304 E-.03507
G1 X126.619 Y116.273 E-.03507
G1 X126.21 Y115.973 E-.24093
G1 X125.843 Y115.553 E-.26493
G1 X125.751 Y115.403 E-.08358
G1 X125.658 Y115.254 E-.08343
G1 X124.74 Y114.336 E-.61674
;WIPE_END
G1 X125.629 Y114.627 F9000
G1 E5 F2400
;WIDTH:0.439999
G1 X113.373 Y102.371 E.24376
G1 X113.971 Y102.371 E.00841
G1 X125.629 Y114.029 E.23186
G1 X125.629 Y113.431 E.00841
G1 X114.569 Y102.371 E.21997
G1 X115.167 Y102.371 E.00841
G1 X125.629 Y112.833 E.20808
G1 X125.629 Y112.235 E.00841
G1 X115.765 Y102.371 E.19618
G1 X116.363 Y102.371 E.00841
G1 X125.629 Y111.637 E.18429
G1 X125.629 Y111.039 E.00841
G1 X116.961 Y102.371 E.1724
G1 X117.559 Y102.371 E.00841
G1 X125.629 Y110.441 E.1605
G1 X125.629 Y109.843 E.00841
G1 X118.157 Y102.371 E.14861
G1 X118.755 Y102.371 E.00841
G1 X125.629 Y109.245 E.13671
G1 X125.629 Y108.647 E.00841
G1 X119.353 Y102.371 E.12482
G1 X119.951 Y102.371 E.00841
G1 X125.629 Y108.049 E.11293
G1 X125.629 Y107.451 E.00841
G1 X120.549 Y102.371 E.10103
G1 X121.147 Y102.371 E.00841
G1 X125.629 Y106.853 E.08914
G1 X125.629 Y106.255 E.00841
G1 X121.745 Y102.371 E.07725
G1 X122.343 Y102.371 E.00841
G1 X125.629 Y105.657 E.06535
G1 X125.629 Y105.059 E.00841
G1 X122.941 Y102.371 E.05346
G1 X123.539 Y102.371 E.00841
G1 X125.715 Y104.548 E.04329
G1 E-3.5 F3600
;WIPE_START
G1 F7200
G1 X123.539 Y102.371 E-1.46207
G1 X123.459 Y102.371 E-.03793
;WIPE_END
G1 X124.286 Y102.521 F9000
G1 E5 F2400
G1 X125.931 Y104.165 E.03271
G1 X126.18 Y103.904 E.00507
G1 X126.64 Y103.676 E.00722
G1 X127.129 Y103.641 E.00689
G1 X127.129 Y102.371 E.01786
G1 X124.137 Y102.371 E.04208
G1 X125.319 Y102.861 F9000
;WIDTH:0.573613
G1 F2400
G1 X126.639 Y102.861 E.02443
G1 X126.639 Y103.183 E.00596
G1 X126.511 Y103.204 E.0024
G1 X125.94 Y103.482 E.01175
G1 X125.469 Y103.01 E.01234
;LAYER_CHANGE
;Z:0.92
;HEIGHT:0.08
;BEFORE_LAYER_CHANGE
G92 E0
;0.92


G1 E-3.5 F3600
;WIPE_START
G1 F7200
G1 X125.94 Y103.482 E-.31673
G1 X126.511 Y103.204 E-.30166
G1 X126.639 Y103.183 E-.06161
G1 X126.639 Y102.861 E-.15295
G1 X125.319 Y102.861 E-.627
;WIPE_END
G1 E-.04005 F3600
G1 Z.92 F9000
;AFTER_LAYER_CHANGE
;0.92
G1 X126.268 Y104.269
G1 E5 F2400
;TYPE:Perimeter
;WIDTH:0.439999
G1 X126.102 Y104.458 E.00354
G1 X125.985 Y104.743 E.00433
G1 X125.954 Y104.991 E.00351
G1 X125.954 Y115.009 E.14089
G1 X125.985 Y115.257 E.00351
G1 X126.102 Y115.542 E.00433
G1 X126.346 Y115.82 E.0052
G1 X126.722 Y116.01 E.00592
G1 X127.454 Y116.046 E.01031
G1 X127.454 Y117.954 E.02683
G1 X94.046 Y117.954 E.46983
G1 X94.046 Y109.905 E.1132
G1 X93.934 Y109.523 E.0056
G1 X93.752 Y109.268 E.00441
G1 X93.4 Y109.031 E.00597
G1 X93.009 Y108.954 E.0056
G1 X92.546 Y108.954 E.00651
G1 X92.546 Y102.046 E.09715
G1 X127.454 Y102.046 E.49093
G1 X127.454 Y103.954 E.02683
G1 X126.722 Y103.99 E.01031
G1 X126.346 Y104.18 E.00592
G1 X126.307 Y104.224 E.00083
G1 X126.562 Y104.564 F9000
G1 F2400
G1 X126.465 Y104.675 E.00207
G1 X126.377 Y104.991 E.00461
G1 X126.377 Y115.009 E.14089
G1 X126.465 Y115.325 E.00461
G1 X126.609 Y115.489 E.00307
G1 X126.832 Y115.602 E.00352
G1 X126.991 Y115.623 E.00226
G1 X127.877 Y115.623 E.01246
G1 X127.877 Y118.377 E.03873
G1 X93.623 Y118.377 E.48173
G1 X93.623 Y110 E.11781
G1 X93.589 Y109.79 E.00299
G1 X93.449 Y109.563 E.00375
G1 X93.24 Y109.423 E.00354
G1 X93.009 Y109.377 E.00331
G1 X92.123 Y109.377 E.01246
G1 X92.123 Y101.623 E.10905
G1 X127.877 Y101.623 E.50282
G1 X127.877 Y104.377 E.03873
G1 X126.832 Y104.398 E.0147
G1 X126.609 Y104.511 E.00352
G1 X126.602 Y104.519 E.00015
G1 X126.854 Y104.859 F9000
;TYPE:External perimeter
;WIDTH:0.419999
G1 F1500
G1 X126.79 Y104.991 E.00197
G1 X126.79 Y115.009 E.13422
G1 X126.866 Y115.166 E.00234
G1 X126.991 Y115.21 E.00178
G1 X128.29 Y115.21 E.0174
G1 X128.29 Y118.79 E.04797
G1 X93.21 Y118.79 E.47001
G1 X93.21 Y110 E.11777
G1 X93.153 Y109.851 E.00214
G1 X93.009 Y109.79 E.0021
G1 X91.71 Y109.79 E.0174
G1 X91.71 Y101.21 E.11496
G1 X128.29 Y101.21 E.49011
G1 X128.29 Y104.79 E.04797
G1 X126.991 Y104.79 E.0174
G1 X126.896 Y104.823 E.00135
G1 E-3.5 F3600
;WIPE_START
G1 F7200
G1 X126.854 Y104.859 E-.02628
G1 X126.79 Y104.991 E-.06968
G1 X126.79 Y107.947 E-1.40404
;WIPE_END
G1 X92.986 Y102.406 F9000
G1 E5 F2400
;TYPE:Solid infill
;WIDTH:0.542588
G1 X92.94 Y102.359 E.00115
G1 X92.876 Y102.376 E.00116
G1 X92.859 Y102.44 E.00116
G1 X92.906 Y102.486 E.00115
G1 X92.969 Y102.469 E.00114
;WIDTH:0.439999
G1 X92.871 Y103.144 E.00959
G1 X93.644 Y102.371 E.01537
G1 X94.242 Y102.371 E.00841
G1 X92.871 Y103.742 E.02727
G1 X92.871 Y104.34 E.00841
G1 X94.84 Y102.371 E.03916
G1 X95.438 Y102.371 E.00841
G1 X92.871 Y104.938 E.05105
G1 X92.871 Y105.536 E.00841
G1 X96.036 Y102.371 E.06295
G1 X96.634 Y102.371 E.00841
G1 X92.871 Y106.134 E.07484
G1 X92.871 Y106.732 E.00841
G1 X97.232 Y102.371 E.08673
G1 X97.83 Y102.371 E.00841
G1 X92.871 Y107.33 E.09863
G1 X92.871 Y107.928 E.00841
G1 X98.428 Y102.371 E.11052
G1 X99.026 Y102.371 E.00841
G1 X92.871 Y108.526 E.12241
G1 X92.825 Y108.64 E.00173
;WIDTH:0.398584
G1 X92.779 Y108.754 E.00156
;WIDTH:0.357168
G1 X92.708 Y108.735 E.00083
G1 X92.727 Y108.806 E.00083
G1 X92.768 Y108.795 E.00048
;WIDTH:0.439999
G1 X93.31 Y108.686 E.00777
G1 X99.624 Y102.371 E.12559
G1 X100.222 Y102.371 E.00841
G1 X93.742 Y108.851 E.12888
G1 X94.06 Y109.131 E.00596
G1 X100.82 Y102.371 E.13445
G1 X101.418 Y102.371 E.00841
G1 X94.281 Y109.508 E.14195
G1 X94.215 Y110.206 E.00986
;WIDTH:0.357168
G1 X94.174 Y110.217 E.00048
G1 X94.155 Y110.146 E.00083
G1 X94.226 Y110.165 E.00083
;WIDTH:0.398584
G1 X94.295 Y110.093 E.00127
;WIDTH:0.439999
G1 X102.016 Y102.371 E.15357
G1 X102.614 Y102.371 E.00841
G1 X94.365 Y110.62 E.16406
G1 X94.366 Y111.217 E.0084
G1 X103.212 Y102.371 E.17594
G1 X103.81 Y102.371 E.00841
G1 X94.366 Y111.815 E.18783
G1 X94.367 Y112.412 E.0084
G1 X104.408 Y102.371 E.1997
G1 X105.006 Y102.371 E.00841
G1 X94.367 Y113.01 E.2116
G1 X94.368 Y113.607 E.0084
G1 X105.604 Y102.371 E.22347
G1 X106.202 Y102.371 E.00841
G1 X94.368 Y114.205 E.23536
G1 X94.369 Y114.802 E.0084
G1 X106.8 Y102.371 E.24724
G1 X107.398 Y102.371 E.00841
G1 X94.369 Y115.4 E.25913
G1 X94.37 Y115.997 E.0084
G1 X107.996 Y102.371 E.271
G1 X108.594 Y102.371 E.00841
G1 X94.37 Y116.595 E.2829
G1 X94.371 Y117.192 E.0084
G1 X109.192 Y102.371 E.29477
G1 X109.79 Y102.371 E.00841
G1 X94.532 Y117.629 E.30346
G1 X94.417 Y117.679 E.00176
;WIDTH:0.398584
G1 X94.302 Y117.728 E.00159
;WIDTH:0.357168
G1 X94.231 Y117.709 E.00083
G1 X94.25 Y117.78 E.00083
G1 X94.291 Y117.769 E.00048
G1 X95.13 Y117.629 F9000
;WIDTH:0.439999
G1 F2400
G1 X110.388 Y102.371 E.30346
G1 X110.986 Y102.371 E.00841
G1 X95.728 Y117.629 E.30346
G1 X96.326 Y117.629 E.00841
G1 X111.584 Y102.371 E.30346
G1 X112.182 Y102.371 E.00841
G1 X96.924 Y117.629 E.30346
G1 X97.522 Y117.629 E.00841
G1 X112.78 Y102.371 E.30346
G1 X113.377 Y102.371 E.0084
G1 X98.12 Y117.629 E.30345
G1 X98.718 Y117.629 E.00841
G1 X113.975 Y102.371 E.30345
G1 X114.573 Y102.371 E.00841
G1 X99.316 Y117.629 E.30345
G1 X99.914 Y117.629 E.00841
G1 X115.171 Y102.371 E.30345
G1 X115.769 Y102.371 E.00841
G1 X100.512 Y117.629 E.30345
G1 X101.11 Y117.629 E.00841
G1 X116.367 Y102.371 E.30345
G1 X116.965 Y102.371 E.00841
G1 X101.708 Y117.629 E.30345
G1 X102.306 Y117.629 E.00841
G1 X117.563 Y102.371 E.30345
G1 X118.161 Y102.371 E.00841
G1 X102.904 Y117.629 E.30345
G1 X103.502 Y117.629 E.00841
G1 X118.759 Y102.371 E.30345
G1 X119.357 Y102.371 E.00841
G1 X104.1 Y117.629 E.30345
G1 X104.698 Y117.629 E.00841
G1 X119.955 Y102.371 E.30345
G1 X120.553 Y102.371 E.00841
G1 X105.296 Y117.629 E.30345
G1 X105.894 Y117.629 E.00841
G1 X121.151 Y102.371 E.30345
G1 X121.749 Y102.371 E.00841
G1 X106.492 Y117.629 E.30345
G1 X107.09 Y117.629 E.00841
G1 X122.347 Y102.371 E.30345
G1 X122.945 Y102.371 E.00841
G1 X107.688 Y117.629 E.30345
G1 X108.286 Y117.629 E.00841
G1 X123.543 Y102.371 E.30345
G1 X124.141 Y102.371 E.00841
G1 X108.883 Y117.629 E.30346
G1 X109.481 Y117.629 E.00841
G1 X124.739 Y102.371 E.30346
G1 X125.337 Y102.371 E.00841
G1 X110.079 Y117.629 E.30346
G1 X110.677 Y117.629 E.00841
G1 X125.935 Y102.371 E.30346
G1 X126.533 Y102.371 E.00841
G1 X111.275 Y117.629 E.30346
G1 X111.873 Y117.629 E.00841
G1 X127.129 Y102.373 E.30342
G1 X127.135 Y102.957 E.00821
;WIDTH:0.428358
G1 X127.135 Y103.647 E.00944
G1 X126.684 Y103.675 E.00618
G1 X126.189 Y103.905 E.00746
G1 X126.985 Y103.107 E.01541
G1 X125.897 Y104.203 F9000
;WIDTH:0.439999
G1 F2400
G1 X112.471 Y117.629 E.26703
G1 X113.069 Y117.629 E.00841
G1 X125.629 Y105.069 E.2498
G1 X125.714 Y104.936 E.00222
;WIDTH:0.398584
G1 X125.799 Y104.803 E.002
;WIDTH:0.357168
G1 X125.758 Y104.814 E.00048
G1 X125.739 Y104.743 E.00083
G1 X125.81 Y104.762 E.00083
G1 X125.629 Y105.667 F9000
;WIDTH:0.439999
G1 F2400
G1 X113.667 Y117.629 E.23791
G1 X114.265 Y117.629 E.00841
G1 X125.629 Y106.265 E.22601
G1 X125.629 Y106.863 E.00841
G1 X114.863 Y117.629 E.21412
G1 X115.461 Y117.629 E.00841
G1 X125.629 Y107.461 E.20223
G1 X125.629 Y108.059 E.00841
G1 X116.059 Y117.629 E.19033
G1 X116.657 Y117.629 E.00841
G1 X125.629 Y108.657 E.17844
G1 X125.629 Y109.255 E.00841
G1 X117.255 Y117.629 E.16655
G1 X117.853 Y117.629 E.00841
G1 X125.629 Y109.853 E.15465
G1 X125.629 Y110.451 E.00841
G1 X118.451 Y117.629 E.14276
G1 X119.049 Y117.629 E.00841
G1 X125.629 Y111.049 E.13087
G1 X125.629 Y111.647 E.00841
G1 X119.647 Y117.629 E.11897
G1 X120.245 Y117.629 E.00841
G1 X125.629 Y112.245 E.10708
G1 X125.629 Y112.843 E.00841
G1 X120.843 Y117.629 E.09519
G1 X121.441 Y117.629 E.00841
G1 X125.629 Y113.441 E.08329
G1 X125.629 Y114.039 E.00841
G1 X122.039 Y117.629 E.0714
G1 X122.637 Y117.629 E.00841
G1 X125.629 Y114.637 E.05951
G1 X125.653 Y115.211 E.00808
G1 X123.235 Y117.629 E.04809
G1 X123.833 Y117.629 E.00841
G1 X125.801 Y115.66 E.03915
G1 X126.116 Y116.047 E.00702
G1 X126.601 Y116.309 E.00775
G1 X127.129 Y116.359 E.00746
G1 X127.129 Y117.629 E.01786
G1 X124.431 Y117.629 E.03794
G1 X125.918 Y116.141 E.02958
G1 X126.127 Y116.593 E.007
;WIDTH:0.529205
G1 X126.293 Y116.677 E.00317
G1 X126.661 Y116.805 E.00664
G1 X126.661 Y117.161 E.00606
G1 X125.559 Y117.161 E.01877
G1 X125.978 Y116.743 E.01008
;LAYER_CHANGE
;Z:1
;HEIGHT:0.08
;BEFORE_LAYER_CHANGE
G92 E0
;1


G1 E-3.5 F3600
;WIPE_START
G1 F7200
G1 X125.559 Y117.161 E-.28113
G1 X126.661 Y117.161 E-.52345
G1 X126.661 Y116.805 E-.1691
G1 X126.293 Y116.677 E-.18507
G1 X126.127 Y116.593 E-.08837
G1 X125.918 Y116.141 E-.23654
G1 X125.894 Y116.165 E-.01634
;WIPE_END
G1 Z1 F9000
;AFTER_LAYER_CHANGE
;1
G1 X126.268 Y115.731
G1 E5 F2400
;TYPE:Perimeter
;WIDTH:0.439999
G1 X126.346 Y115.82 E.00166
G1 X126.722 Y116.01 E.00592
G1 X127.454 Y116.046 E.01031
G1 X127.454 Y117.954 E.02683
G1 X94.046 Y117.954 E.46983
G1 X94.046 Y109.905 E.1132
G1 X93.934 Y109.523 E.0056
G1 X93.752 Y109.268 E.00441
G1 X93.4 Y109.031 E.00597
G1 X93.009 Y108.954 E.0056
G1 X92.546 Y108.954 E.00651
G1 X92.546 Y102.046 E.09715
G1 X127.454 Y102.046 E.49093
G1 X127.454 Y103.954 E.02683
G1 X126.722 Y103.99 E.01031
G1 X126.346 Y104.18 E.00592
G1 X126.102 Y104.458 E.0052
G1 X125.985 Y104.743 E.00433
G1 X125.954 Y104.991 E.00351
G1 X125.954 Y115.009 E.14089
G1 X125.985 Y115.257 E.00351
G1 X126.102 Y115.542 E.00433
G1 X126.228 Y115.686 E.00269
G1 X126.562 Y115.436 F9000
G1 F2400
G1 X126.609 Y115.489 E.001
G1 X126.832 Y115.602 E.00352
G1 X126.991 Y115.623 E.00226
G1 X127.877 Y115.623 E.01246
G1 X127.877 Y118.377 E.03873
G1 X93.623 Y118.377 E.48173
G1 X93.623 Y110 E.11781
G1 X93.589 Y109.79 E.00299
G1 X93.449 Y109.563 E.00375
G1 X93.24 Y109.423 E.00354
G1 X93.009 Y109.377 E.00331
G1 X92.123 Y109.377 E.01246
G1 X92.123 Y101.623 E.10905
G1 X127.877 Y101.623 E.50282
G1 X127.877 Y104.377 E.03873
G1 X126.832 Y104.398 E.0147
G1 X126.609 Y104.511 E.00352
G1 X126.465 Y104.675 E.00307
G1 X126.377 Y104.991 E.00461
G1 X126.377 Y115.009 E.14089
G1 X126.465 Y115.325 E.00461
G1 X126.523 Y115.391 E.00124
G1 X126.854 Y115.141 F9000
;TYPE:External perimeter
;WIDTH:0.419999
G1 F1500
G1 X126.866 Y115.166 E.00037
G1 X126.991 Y115.21 E.00178
G1 X128.29 Y115.21 E.0174
G1 X128.29 Y118.79 E.04797
G1 X93.21 Y118.79 E.47001
G1 X93.21 Y110 E.11777
G1 X93.153 Y109.851 E.00214
G1 X93.009 Y109.79 E.0021
G1 X91.71 Y109.79 E.0174
G1 X91.71 Y101.21 E.11496
G1 X128.29 Y101.21 E.49011
G1 X128.29 Y104.79 E.04797
G1 X126.991 Y104.79 E.0174
G1 X126.866 Y104.834 E.00178
G1 X126.79 Y104.991 E.00234
G1 X126.79 Y115.009 E.13422
G1 X126.828 Y115.087 E.00116
G1 E-3.5 F3600
;WIPE_START
G1 F7200
G1 X126.854 Y115.141 E-.02847
G1 X126.866 Y115.166 E-.01317
G1 X126.991 Y115.21 E-.06295
G1 X128.29 Y115.21 E-.61702
G1 X128.29 Y116.849 E-.77839
;WIPE_END
G1 X94.405 Y117.514 F9000
G1 E5 F2400
;TYPE:Solid infill
;WIDTH:0.542712
G1 X94.359 Y117.56 E.00114
G1 X94.376 Y117.624 E.00116
G1 X94.439 Y117.641 E.00114
G1 X94.486 Y117.594 E.00116
G1 X94.469 Y117.531 E.00114
;WIDTH:0.439999
G1 X95.144 Y117.629 E.00959
G1 X94.371 Y116.855 E.01538
G1 X94.37 Y116.256 E.00842
G1 X95.742 Y117.629 E.0273
G1 X96.34 Y117.629 E.00841
G1 X94.37 Y115.658 E.03919
G1 X94.369 Y115.059 E.00842
G1 X96.938 Y117.629 E.0511
G1 X97.536 Y117.629 E.00841
G1 X94.369 Y114.461 E.063
G1 X94.368 Y113.863 E.00841
G1 X98.134 Y117.629 E.0749
G1 X98.732 Y117.629 E.00841
G1 X94.368 Y113.264 E.0868
G1 X94.367 Y112.666 E.00841
G1 X99.33 Y117.629 E.09871
G1 X99.928 Y117.629 E.00841
G1 X94.367 Y112.067 E.11061
G1 X94.366 Y111.469 E.00841
G1 X100.526 Y117.629 E.12251
G1 X101.124 Y117.629 E.00841
G1 X94.366 Y110.87 E.13442
G1 X94.365 Y110.272 E.00841
G1 X101.722 Y117.629 E.14632
G1 X102.32 Y117.629 E.00841
G1 X94.314 Y109.623 E.15923
G1 X94.108 Y109.324 E.00511
;WIDTH:0.357168
G1 X93.903 Y109.087 E.00354
G1 X93.692 Y108.913 E.00309
;WIDTH:0.398584
G1 X93.543 Y108.807 E.00232
;WIDTH:0.439999
G1 X93.393 Y108.702 E.00257
G1 X92.871 Y108.18 E.01038
G1 X92.871 Y107.582 E.00841
G1 X102.918 Y117.629 E.19982
G1 X103.516 Y117.629 E.00841
G1 X92.871 Y106.984 E.21171
G1 X92.871 Y106.386 E.00841
G1 X104.114 Y117.629 E.22361
G1 X104.712 Y117.629 E.00841
G1 X92.871 Y105.788 E.2355
G1 X92.871 Y105.19 E.00841
G1 X105.31 Y117.629 E.2474
G1 X105.908 Y117.629 E.00841
G1 X92.871 Y104.592 E.25929
G1 X92.871 Y103.994 E.00841
G1 X106.506 Y117.629 E.27118
G1 X107.104 Y117.629 E.00841
G1 X92.871 Y103.396 E.28308
G1 X92.871 Y102.798 E.00841
G1 X107.702 Y117.629 E.29497
G1 X108.3 Y117.629 E.00841
G1 X93.042 Y102.371 E.30346
G1 X92.918 Y102.303 E.00199
;WIDTH:0.398584
G1 X92.794 Y102.234 E.0018
;WIDTH:0.357168
G1 X92.805 Y102.275 E.00048
G1 X92.734 Y102.294 E.00083
G1 X92.753 Y102.223 E.00083
G1 X93.64 Y102.371 F9000
;WIDTH:0.439999
G1 F2400
G1 X108.898 Y117.629 E.30346
G1 X109.496 Y117.629 E.00841
G1 X94.238 Y102.371 E.30346
G1 X94.836 Y102.371 E.00841
G1 X110.094 Y117.629 E.30346
G1 X110.692 Y117.629 E.00841
G1 X95.434 Y102.371 E.30346
G1 X96.032 Y102.371 E.00841
G1 X111.29 Y117.629 E.30346
G1 X111.888 Y117.629 E.00841
G1 X96.63 Y102.371 E.30346
G1 X97.228 Y102.371 E.00841
G1 X112.486 Y117.629 E.30346
G1 X113.084 Y117.629 E.00841
G1 X97.826 Y102.371 E.30346
G1 X98.424 Y102.371 E.00841
G1 X113.682 Y117.629 E.30346
G1 X114.28 Y117.629 E.00841
G1 X99.022 Y102.371 E.30346
G1 X99.62 Y102.371 E.00841
G1 X114.878 Y117.629 E.30346
G1 X115.476 Y117.629 E.00841
G1 X100.218 Y102.371 E.30346
G1 X100.816 Y102.371 E.00841
G1 X116.074 Y117.629 E.30346
G1 X116.671 Y117.629 E.0084
G1 X101.414 Y102.371 E.30345
G1 X102.012 Y102.371 E.00841
G1 X117.269 Y117.629 E.30345
G1 X117.867 Y117.629 E.00841
G1 X102.61 Y102.371 E.30345
G1 X103.208 Y102.371 E.00841
G1 X118.465 Y117.629 E.30345
G1 X119.063 Y117.629 E.00841
G1 X103.806 Y102.371 E.30345
G1 X104.404 Y102.371 E.00841
G1 X119.661 Y117.629 E.30345
G1 X120.259 Y117.629 E.00841
G1 X105.002 Y102.371 E.30345
G1 X105.6 Y102.371 E.00841
G1 X120.857 Y117.629 E.30345
G1 X121.455 Y117.629 E.00841
G1 X106.198 Y102.371 E.30345
G1 X106.796 Y102.371 E.00841
G1 X122.053 Y117.629 E.30345
G1 X122.651 Y117.629 E.00841
G1 X107.394 Y102.371 E.30345
G1 X107.992 Y102.371 E.00841
G1 X123.249 Y117.629 E.30345
G1 X123.847 Y117.629 E.00841
G1 X108.59 Y102.371 E.30345
G1 X109.188 Y102.371 E.00841
G1 X124.445 Y117.629 E.30345
G1 X125.043 Y117.629 E.00841
G1 X109.786 Y102.371 E.30345
G1 X110.384 Y102.371 E.00841
G1 X125.641 Y117.629 E.30345
G1 X126.239 Y117.629 E.00841
G1 X110.982 Y102.371 E.30345
G1 X111.58 Y102.371 E.00841
G1 X126.837 Y117.629 E.30345
G1 X127.021 Y117.652 E.00261
;WIDTH:0.398584
G1 X127.206 Y117.676 E.00237
;WIDTH:0.357168
G1 X127.187 Y117.747 E.00083
G1 X127.258 Y117.728 E.00083
G1 X127.247 Y117.687 E.00048
;WIDTH:0.439999
G1 X127.129 Y117.323 E.00538
G1 X112.177 Y102.371 E.29738
G1 X112.775 Y102.371 E.00841
G1 X125.658 Y115.254 E.25623
G1 X125.751 Y115.403 E.00247
;WIDTH:0.398584
G1 X125.843 Y115.553 E.00223
;WIDTH:0.357168
G1 X126.21 Y115.973 E.00631
;WIDTH:0.358824
G1 X126.619 Y116.273 E.00576
;WIDTH:0.408722
G1 X126.686 Y116.304 E.00096
;WIDTH:0.45862
G1 X126.753 Y116.335 E.00108
;WIDTH:0.508518
G1 X126.819 Y116.367 E.0012
;WIDTH:0.558416
G1 X126.886 Y116.398 E.00133
;WIDTH:0.608314
G1 X126.953 Y116.43 E.00146
;WIDTH:0.658212
G1 X127.02 Y116.461 E.00157
G1 E-3.5 F3600
;WIPE_START
G1 F7200
G1 X126.953 Y116.43 E-.03507
G1 X126.886 Y116.398 E-.03527
G1 X126.819 Y116.367 E-.03507
G1 X126.753 Y116.335 E-.03484
G1 X126.686 Y116.304 E-.03507
G1 X126.619 Y116.273 E-.03507
G1 X126.21 Y115.973 E-.24093
G1 X125.843 Y115.553 E-.26493
G1 X125.751 Y115.403 E-.08358
G1 X125.658 Y115.254 E-.08343
G1 X124.74 Y114.336 E-.61674
;WIPE_END
G1 X125.629 Y114.627 F9000
G1 E5 F2400
;WIDTH:0.439999
G1 X113.373 Y102.371 E.24376
G1 X113.971 Y102.371 E.00841
G1 X125.629 Y114.029 E.23186
G1 X125.629 Y113.431 E.00841
G1 X114.569 Y102.371 E.21997
G1 X115.167 Y102.371 E.00841
G1 X125.629 Y112.833 E.20808
G1 X125.629 Y112.235 E.00841
G1 X115.765 Y102.371 E.19618
G1 X116.363 Y102.371 E.00841
G1 X125.629 Y111.637 E.18429
G1 X125.629 Y111.039 E.00841
G1 X116.961 Y102.371 E.1724
G1 X117.559 Y102.371 E.00841
G1 X125.629 Y110.441 E.1605
G1 X125.629 Y109.843 E.00841
G1 X118.157 Y102.371 E.14861
G1 X118.755 Y102.371 E.00841
G1 X125.629 Y109.245 E.13671
G1 X125.629 Y108.647 E.00841
G1 X119.353 Y102.371 E.12482
G1 X119.951 Y102.371 E.00841
G1 X125.629 Y108.049 E.11293
G1 X125.629 Y107.451 E.00841
G1 X120.549 Y102.371 E.10103
G1 X121.147 Y102.371 E.00841
G1 X125.629 Y106.853 E.08914
G1 X125.629 Y106.255 E.00841
G1 X121.745 Y102.371 E.07725
G1 X122.343 Y102.371 E.00841
G1 X125.629 Y105.657 E.06535
G1 X125.629 Y105.059 E.00841
G1 X122.941 Y102.371 E.05346
G1 X123.539 Y102.371 E.00841
G1 X125.715 Y104.548 E.04329
G1 E-3.5 F3600
;WIPE_START
G1 F7200
G1 X123.539 Y102.371 E-1.46207
G1 X123.459 Y102.371 E-.03793
;WIPE_END
G1 X124.286 Y102.521 F9000
G1 E5 F2400
G1 X125.931 Y104.165 E.03271
G1 X126.18 Y103.904 E.00507
G1 X126.64 Y103.676 E.00722
G1 X127.129 Y103.641 E.00689
G1 X127.129 Y102.371 E.01786
G1 X124.137 Y102.371 E.04208
G1 X125.319 Y102.861 F9000
;WIDTH:0.573613
G1 F2400
G1 X126.639 Y102.861 E.02443
G1 X126.639 Y103.183 E.00596
G1 X126.511 Y103.204 E.0024
G1 X125.94 Y103.482 E.01175
G1 X125.469 Y103.01 E.01234
;LAYER_CHANGE
;Z:1.055
;HEIGHT:0.0549999
;BEFORE_LAYER_CHANGE
G92 E0
;1.055


G1 E-3.5 F3600
;WIPE_START
G1 F7200
G1 X125.94 Y103.482 E-.31673
G1 X126.511 Y103.204 E-.30166
G1 X126.639 Y103.183 E-.06161
G1 X126.639 Y102.861 E-.15295
G1 X125.319 Y102.861 E-.627
;WIPE_END
G1 E-.04005 F3600
G1 Z1.055 F9000
;AFTER_LAYER_CHANGE
;1.055
G1 X127.423 Y114.577
G1 E5 F2400
;TYPE:Support material
;WIDTH:0.36
;HEIGHT:0.285
G1 X127.423 Y114.028 E.01944
G1 X127.457 Y114.559 E.01884
G1 E-3.5 F3600
;WIPE_START
G1 F7200
G1 X127.423 Y114.028 E-.25274
G1 X127.423 Y114.577 E-.26077
;WIPE_END
G1 E-.98649 F3600
G1 X127.423 Y105.972 F9000
G1 E5 F2400
G1 X127.457 Y105.423 E.01948
G1 X127.423 Y105.8 E.0134
;LAYER_CHANGE
;Z:1.08
;HEIGHT:0.0250001
;BEFORE_LAYER_CHANGE
G92 E0
;1.08


G1 E-3.5 F3600
;WIPE_START
G1 F7200
G1 X127.457 Y105.423 E-.1798
G1 X127.423 Y105.972 E-.26127
;WIPE_END
G1 E-1.05893 F3600
G1 Z1.08 F9000
;AFTER_LAYER_CHANGE
;1.08
G1 X126.268 Y104.269
G1 E5 F2400
;TYPE:Perimeter
;WIDTH:0.439999
;HEIGHT:0.08
G1 X126.102 Y104.458 E.00354
G1 X125.985 Y104.743 E.00433
G1 X125.954 Y104.991 E.00351
G1 X125.954 Y115.009 E.14089
G1 X125.985 Y115.257 E.00351
G1 X126.102 Y115.542 E.00433
G1 X126.346 Y115.82 E.0052
G1 X126.722 Y116.01 E.00592
G1 X127.454 Y116.046 E.01031
G1 X127.454 Y117.954 E.02683
G1 X94.046 Y117.954 E.46983
G1 X94.046 Y109.905 E.1132
G1 X93.934 Y109.523 E.0056
G1 X93.752 Y109.268 E.00441
G1 X93.4 Y109.031 E.00597
G1 X93.009 Y108.954 E.0056
G1 X92.546 Y108.954 E.00651
G1 X92.546 Y102.046 E.09715
G1 X127.454 Y102.046 E.49093
G1 X127.454 Y103.954 E.02683
G1 X126.722 Y103.99 E.01031
G1 X126.346 Y104.18 E.00592
G1 X126.307 Y104.224 E.00083
G1 X126.562 Y104.564 F9000
G1 F2400
G1 X126.465 Y104.675 E.00207
G1 X126.377 Y104.991 E.00461
G1 X126.377 Y115.009 E.14089
G1 X126.465 Y115.325 E.00461
G1 X126.609 Y115.489 E.00307
G1 X126.832 Y115.602 E.00352
G1 X126.991 Y115.623 E.00226
G1 X127.877 Y115.623 E.01246
G1 X127.877 Y118.377 E.03873
G1 X93.623 Y118.377 E.48173
G1 X93.623 Y110 E.11781
G1 X93.589 Y109.79 E.00299
G1 X93.449 Y109.563 E.00375
G1 X93.24 Y109.423 E.00354
G1 X93.009 Y109.377 E.00331
G1 X92.123 Y109.377 E.01246
G1 X92.123 Y101.623 E.10905
G1 X127.877 Y101.623 E.50282
G1 X127.877 Y104.377 E.03873
G1 X126.832 Y104.398 E.0147
G1 X126.609 Y104.511 E.00352
G1 X126.602 Y104.519 E.00015
G1 X126.854 Y104.859 F9000
;TYPE:External perimeter
;WIDTH:0.419999
G1 F1500
G1 X126.79 Y104.991 E.00197
G1 X126.79 Y115.009 E.13422
G1 X126.866 Y115.166 E.00234
G1 X126.991 Y115.21 E.00178
G1 X128.29 Y115.21 E.0174
G1 X128.29 Y118.79 E.04797
G1 X93.21 Y118.79 E.47001
G1 X93.21 Y110 E.11777
G1 X93.153 Y109.851 E.00214
G1 X93.009 Y109.79 E.0021
G1 X91.71 Y109.79 E.0174
G1 X91.71 Y101.21 E.11496
G1 X128.29 Y101.21 E.49011
G1 X128.29 Y104.79 E.04797
G1 X126.991 Y104.79 E.0174
G1 X126.896 Y104.823 E.00135
G1 E-3.5 F3600
;WIPE_START
G1 F7200
G1 X126.854 Y104.859 E-.02628
G1 X126.79 Y104.991 E-.06968
G1 X126.79 Y107.947 E-1.40404
;WIPE_END
G1 X92.986 Y102.406 F9000
G1 E5 F2400
;TYPE:Solid infill
;WIDTH:0.542588
G1 X92.94 Y102.359 E.00115
G1 X92.876 Y102.376 E.00116
G1 X92.859 Y102.44 E.00116
G1 X92.906 Y102.486 E.00115
G1 X92.969 Y102.469 E.00114
;WIDTH:0.439999
G1 X92.871 Y103.144 E.00959
G1 X93.644 Y102.371 E.01537
G1 X94.242 Y102.371 E.00841
G1 X92.871 Y103.742 E.02727
G1 X92.871 Y104.34 E.00841
G1 X94.84 Y102.371 E.03916
G1 X95.438 Y102.371 E.00841
G1 X92.871 Y104.938 E.05105
G1 X92.871 Y105.536 E.00841
G1 X96.036 Y102.371 E.06295
G1 X96.634 Y102.371 E.00841
G1 X92.871 Y106.134 E.07484
G1 X92.871 Y106.732 E.00841
G1 X97.232 Y102.371 E.08673
G1 X97.83 Y102.371 E.00841
G1 X92.871 Y107.33 E.09863
G1 X92.871 Y107.928 E.00841
G1 X98.428 Y102.371 E.11052
G1 X99.026 Y102.371 E.00841
G1 X92.871 Y108.526 E.12241
G1 X92.825 Y108.64 E.00173
;WIDTH:0.398584
G1 X92.779 Y108.754 E.00156
;WIDTH:0.357168
G1 X92.708 Y108.735 E.00083
G1 X92.727 Y108.806 E.00083
G1 X92.768 Y108.795 E.00048
;WIDTH:0.439999
G1 X93.31 Y108.686 E.00777
G1 X99.624 Y102.371 E.12559
G1 X100.222 Y102.371 E.00841
G1 X93.742 Y108.851 E.12888
G1 X94.06 Y109.131 E.00596
G1 X100.82 Y102.371 E.13445
G1 X101.418 Y102.371 E.00841
G1 X94.281 Y109.508 E.14195
G1 X94.215 Y110.206 E.00986
;WIDTH:0.357168
G1 X94.174 Y110.217 E.00048
G1 X94.155 Y110.146 E.00083
G1 X94.226 Y110.165 E.00083
;WIDTH:0.398584
G1 X94.295 Y110.093 E.00127
;WIDTH:0.439999
G1 X102.016 Y102.371 E.15357
G1 X102.614 Y102.371 E.00841
G1 X94.365 Y110.62 E.16406
G1 X94.366 Y111.217 E.0084
G1 X103.212 Y102.371 E.17594
G1 X103.81 Y102.371 E.00841
G1 X94.366 Y111.815 E.18783
G1 X94.367 Y112.412 E.0084
G1 X104.408 Y102.371 E.1997
G1 X105.006 Y102.371 E.00841
G1 X94.367 Y113.01 E.2116
G1 X94.368 Y113.607 E.0084
G1 X105.604 Y102.371 E.22347
G1 X106.202 Y102.371 E.00841
G1 X94.368 Y114.205 E.23536
G1 X94.369 Y114.802 E.0084
G1 X106.8 Y102.371 E.24724
G1 X107.398 Y102.371 E.00841
G1 X94.369 Y115.4 E.25913
G1 X94.37 Y115.997 E.0084
G1 X107.996 Y102.371 E.271
G1 X108.594 Y102.371 E.00841
G1 X94.37 Y116.595 E.2829
G1 X94.371 Y117.192 E.0084
G1 X109.192 Y102.371 E.29477
G1 X109.79 Y102.371 E.00841
G1 X94.532 Y117.629 E.30346
G1 X94.417 Y117.679 E.00176
;WIDTH:0.398584
G1 X94.302 Y117.728 E.00159
;WIDTH:0.357168
G1 X94.231 Y117.709 E.00083
G1 X94.25 Y117.78 E.00083
G1 X94.291 Y117.769 E.00048
G1 X95.13 Y117.629 F9000
;WIDTH:0.439999
G1 F2400
G1 X110.388 Y102.371 E.30346
G1 X110.986 Y102.371 E.00841
G1 X95.728 Y117.629 E.30346
G1 X96.326 Y117.629 E.00841
G1 X111.584 Y102.371 E.30346
G1 X112.182 Y102.371 E.00841
G1 X96.924 Y117.629 E.30346
G1 X97.522 Y117.629 E.00841
G1 X112.78 Y102.371 E.30346
G1 X113.377 Y102.371 E.0084
G1 X98.12 Y117.629 E.30345
G1 X98.718 Y117.629 E.00841
G1 X113.975 Y102.371 E.30345
G1 X114.573 Y102.371 E.00841
G1 X99.316 Y117.629 E.30345
G1 X99.914 Y117.629 E.00841
G1 X115.171 Y102.371 E.30345
G1 X115.769 Y102.371 E.00841
G1 X100.512 Y117.629 E.30345
G1 X101.11 Y117.629 E.00841
G1 X116.367 Y102.371 E.30345
G1 X116.965 Y102.371 E.00841
G1 X101.708 Y117.629 E.30345
G1 X102.306 Y117.629 E.00841
G1 X117.563 Y102.371 E.30345
G1 X118.161 Y102.371 E.00841
G1 X102.904 Y117.629 E.30345
G1 X103.502 Y117.629 E.00841
G1 X118.759 Y102.371 E.30345
G1 X119.357 Y102.371 E.00841
G1 X104.1 Y117.629 E.30345
G1 X104.698 Y117.629 E.00841
G1 X119.955 Y102.371 E.30345
G1 X120.553 Y102.371 E.00841
G1 X105.296 Y117.629 E.30345
G1 X105.894 Y117.629 E.00841
G1 X121.151 Y102.371 E.30345
G1 X121.749 Y102.371 E.00841
G1 X106.492 Y117.629 E.30345
G1 X107.09 Y117.629 E.00841
G1 X122.347 Y102.371 E.30345
G1 X122.945 Y102.371 E.00841
G1 X107.688 Y117.629 E.30345
G1 X108.286 Y117.629 E.00841
G1 X123.543 Y102.371 E.30345
G1 X124.141 Y102.371 E.00841
G1 X108.883 Y117.629 E.30346
G1 X109.481 Y117.629 E.00841
G1 X124.739 Y102.371 E.30346
G1 X125.337 Y102.371 E.00841
G1 X110.079 Y117.629 E.30346
G1 X110.677 Y117.629 E.00841
G1 X125.935 Y102.371 E.30346
G1 X126.533 Y102.371 E.00841
G1 X111.275 Y117.629 E.30346
G1 X111.873 Y117.629 E.00841
G1 X127.129 Y102.373 E.30342
G1 X127.135 Y102.957 E.00821
;WIDTH:0.428358
G1 X127.135 Y103.647 E.00944
G1 X126.684 Y103.675 E.00618
G1 X126.189 Y103.905 E.00746
G1 X126.985 Y103.107 E.01541
G1 X125.897 Y104.203 F9000
;WIDTH:0.439999
G1 F2400
G1 X112.471 Y117.629 E.26703
G1 X113.069 Y117.629 E.00841
G1 X125.629 Y105.069 E.2498
G1 X125.714 Y104.936 E.00222
;WIDTH:0.398584
G1 X125.799 Y104.803 E.002
;WIDTH:0.357168
G1 X125.758 Y104.814 E.00048
G1 X125.739 Y104.743 E.00083
G1 X125.81 Y104.762 E.00083
G1 X125.629 Y105.667 F9000
;WIDTH:0.439999
G1 F2400
G1 X113.667 Y117.629 E.23791
G1 X114.265 Y117.629 E.00841
G1 X125.629 Y106.265 E.22601
G1 X125.629 Y106.863 E.00841
G1 X114.863 Y117.629 E.21412
G1 X115.461 Y117.629 E.00841
G1 X125.629 Y107.461 E.20223
G1 X125.629 Y108.059 E.00841
G1 X116.059 Y117.629 E.19033
G1 X116.657 Y117.629 E.00841
G1 X125.629 Y108.657 E.17844
G1 X125.629 Y109.255 E.00841
G1 X117.255 Y117.629 E.16655
G1 X117.853 Y117.629 E.00841
G1 X125.629 Y109.853 E.15465
G1 X125.629 Y110.451 E.00841
G1 X118.451 Y117.629 E.14276
G1 X119.049 Y117.629 E.00841
G1 X125.629 Y111.049 E.13087
G1 X125.629 Y111.647 E.00841
G1 X119.647 Y117.629 E.11897
G1 X120.245 Y117.629 E.00841
G1 X125.629 Y112.245 E.10708
G1 X125.629 Y112.843 E.00841
G1 X120.843 Y117.629 E.09519
G1 X121.441 Y117.629 E.00841
G1 X125.629 Y113.441 E.08329
G1 X125.629 Y114.039 E.00841
G1 X122.039 Y117.629 E.0714
G1 X122.637 Y117.629 E.00841
G1 X125.629 Y114.637 E.05951
G1 X125.653 Y115.211 E.00808
G1 X123.235 Y117.629 E.04809
G1 X123.833 Y117.629 E.00841
G1 X125.801 Y115.66 E.03915
G1 X126.116 Y116.047 E.00702
G1 X126.601 Y116.309 E.00775
G1 X127.129 Y116.359 E.00746
G1 X127.129 Y117.629 E.01786
G1 X124.431 Y117.629 E.03794
G1 X125.918 Y116.141 E.02958
G1 X126.127 Y116.593 E.007
;WIDTH:0.529205
G1 X126.293 Y116.677 E.00317
G1 X126.661 Y116.805 E.00664
G1 X126.661 Y117.161 E.00606
G1 X125.559 Y117.161 E.01877
G1 X125.978 Y116.743 E.01008
;LAYER_CHANGE
;Z:1.16
;HEIGHT:0.0799999
;BEFORE_LAYER_CHANGE
G92 E0
;1.16


G1 E-3.5 F3600
;WIPE_START
G1 F7200
G1 X125.559 Y117.161 E-.28113
G1 X126.661 Y117.161 E-.52345
G1 X126.661 Y116.805 E-.1691
G1 X126.293 Y116.677 E-.18507
G1 X126.127 Y116.593 E-.08837
G1 X125.918 Y116.141 E-.23654
G1 X125.894 Y116.165 E-.01634
;WIPE_END
G1 Z1.16 F9000
;AFTER_LAYER_CHANGE
;1.16
G1 X126.268 Y115.731
G1 E5 F2400
;TYPE:Perimeter
;WIDTH:0.439999
G1 X126.346 Y115.82 E.00166
G1 X126.722 Y116.01 E.00592
G1 X127.454 Y116.046 E.01031
G1 X127.454 Y117.954 E.02683
G1 X94.046 Y117.954 E.46983
G1 X94.046 Y109.905 E.1132
G1 X93.934 Y109.523 E.0056
G1 X93.752 Y109.268 E.00441
G1 X93.4 Y109.031 E.00597
G1 X93.009 Y108.954 E.0056
G1 X92.546 Y108.954 E.00651
G1 X92.546 Y102.046 E.09715
G1 X127.454 Y102.046 E.49093
G1 X127.454 Y103.954 E.02683
G1 X126.722 Y103.99 E.01031
G1 X126.346 Y104.18 E.00592
G1 X126.102 Y104.458 E.0052
G1 X125.985 Y104.743 E.00433
G1 X125.954 Y104.991 E.00351
G1 X125.954 Y115.009 E.14089
G1 X125.985 Y115.257 E.00351
G1 X126.102 Y115.542 E.00433
G1 X126.228 Y115.686 E.00269
G1 X126.562 Y115.436 F9000
G1 F2400
G1 X126.609 Y115.489 E.001
G1 X126.832 Y115.602 E.00352
G1 X126.991 Y115.623 E.00226
G1 X127.877 Y115.623 E.01246
G1 X127.877 Y118.377 E.03873
G1 X93.623 Y118.377 E.48173
G1 X93.623 Y110 E.11781
G1 X93.589 Y109.79 E.00299
G1 X93.449 Y109.563 E.00375
G1 X93.24 Y109.423 E.00354
G1 X93.009 Y109.377 E.00331
G1 X92.123 Y109.377 E.01246
G1 X92.123 Y101.623 E.10905
G1 X127.877 Y101.623 E.50282
G1 X127.877 Y104.377 E.03873
G1 X126.832 Y104.398 E.0147
G1 X126.609 Y104.511 E.00352
G1 X126.465 Y104.675 E.00307
G1 X126.377 Y104.991 E.00461
G1 X126.377 Y115.009 E.14089
G1 X126.465 Y115.325 E.00461
G1 X126.523 Y115.391 E.00124
G1 X126.854 Y115.141 F9000
;TYPE:External perimeter
;WIDTH:0.419999
G1 F1500
G1 X126.866 Y115.166 E.00037
G1 X126.991 Y115.21 E.00178
G1 X128.29 Y115.21 E.0174
G1 X128.29 Y118.79 E.04797
G1 X93.21 Y118.79 E.47001
G1 X93.21 Y110 E.11777
G1 X93.153 Y109.851 E.00214
G1 X93.009 Y109.79 E.0021
G1 X91.71 Y109.79 E.0174
G1 X91.71 Y101.21 E.11496
G1 X128.29 Y101.21 E.49011
G1 X128.29 Y104.79 E.04797
G1 X126.991 Y104.79 E.0174
G1 X126.866 Y104.834 E.00178
G1 X126.79 Y104.991 E.00234
G1 X126.79 Y115.009 E.13422
G1 X126.828 Y115.087 E.00116
G1 E-3.5 F3600
;WIPE_START
G1 F7200
G1 X126.854 Y115.141 E-.02847
G1 X126.866 Y115.166 E-.01317
G1 X126.991 Y115.21 E-.06295
G1 X128.29 Y115.21 E-.61702
G1 X128.29 Y116.849 E-.77839
;WIPE_END
G1 X94.405 Y117.514 F9000
G1 E5 F2400
;TYPE:Solid infill
;WIDTH:0.542712
G1 X94.359 Y117.56 E.00114
G1 X94.376 Y117.624 E.00116
G1 X94.439 Y117.641 E.00114
G1 X94.486 Y117.594 E.00116
G1 X94.469 Y117.531 E.00114
;WIDTH:0.439999
G1 X95.144 Y117.629 E.00959
G1 X94.371 Y116.855 E.01538
G1 X94.37 Y116.256 E.00842
G1 X95.742 Y117.629 E.0273
G1 X96.34 Y117.629 E.00841
G1 X94.37 Y115.658 E.03919
G1 X94.369 Y115.059 E.00842
G1 X96.938 Y117.629 E.0511
G1 X97.536 Y117.629 E.00841
G1 X94.369 Y114.461 E.063
G1 X94.368 Y113.863 E.00841
G1 X98.134 Y117.629 E.0749
G1 X98.732 Y117.629 E.00841
G1 X94.368 Y113.264 E.0868
G1 X94.367 Y112.666 E.00841
G1 X99.33 Y117.629 E.09871
G1 X99.928 Y117.629 E.00841
G1 X94.367 Y112.067 E.11061
G1 X94.366 Y111.469 E.00841
G1 X100.526 Y117.629 E.12251
G1 X101.124 Y117.629 E.00841
G1 X94.366 Y110.87 E.13442
G1 X94.365 Y110.272 E.00841
G1 X101.722 Y117.629 E.14632
G1 X102.32 Y117.629 E.00841
G1 X94.314 Y109.623 E.15923
G1 X94.108 Y109.324 E.00511
;WIDTH:0.357168
G1 X93.903 Y109.087 E.00354
G1 X93.692 Y108.913 E.00309
;WIDTH:0.398584
G1 X93.543 Y108.807 E.00232
;WIDTH:0.439999
G1 X93.393 Y108.702 E.00257
G1 X92.871 Y108.18 E.01038
G1 X92.871 Y107.582 E.00841
G1 X102.918 Y117.629 E.19982
G1 X103.516 Y117.629 E.00841
G1 X92.871 Y106.984 E.21171
G1 X92.871 Y106.386 E.00841
G1 X104.114 Y117.629 E.22361
G1 X104.712 Y117.629 E.00841
G1 X92.871 Y105.788 E.2355
G1 X92.871 Y105.19 E.00841
G1 X105.31 Y117.629 E.2474
G1 X105.908 Y117.629 E.00841
G1 X92.871 Y104.592 E.25929
G1 X92.871 Y103.994 E.00841
G1 X106.506 Y117.629 E.27118
G1 X107.104 Y117.629 E.00841
G1 X92.871 Y103.396 E.28308
G1 X92.871 Y102.798 E.00841
G1 X107.702 Y117.629 E.29497
G1 X108.3 Y117.629 E.00841
G1 X93.042 Y102.371 E.30346
G1 X92.918 Y102.303 E.00199
;WIDTH:0.398584
G1 X92.794 Y102.234 E.0018
;WIDTH:0.357168
G1 X92.805 Y102.275 E.00048
G1 X92.734 Y102.294 E.00083
G1 X92.753 Y102.223 E.00083
G1 X93.64 Y102.371 F9000
;WIDTH:0.439999
G1 F2400
G1 X108.898 Y117.629 E.30346
G1 X109.496 Y117.629 E.00841
G1 X94.238 Y102.371 E.30346
G1 X94.836 Y102.371 E.00841
G1 X110.094 Y117.629 E.30346
G1 X110.692 Y117.629 E.00841
G1 X95.434 Y102.371 E.30346
G1 X96.032 Y102.371 E.00841
G1 X111.29 Y117.629 E.30346
G1 X111.888 Y117.629 E.00841
G1 X96.63 Y102.371 E.30346
G1 X97.228 Y102.371 E.00841
G1 X112.486 Y117.629 E.30346
G1 X113.084 Y117.629 E.00841
G1 X97.826 Y102.371 E.30346
G1 X98.424 Y102.371 E.00841
G1 X113.682 Y117.629 E.30346
G1 X114.28 Y117.629 E.00841
G1 X99.022 Y102.371 E.30346
G1 X99.62 Y102.371 E.00841
G1 X114.878 Y117.629 E.30346
G1 X115.476 Y117.629 E.00841
G1 X100.218 Y102.371 E.30346
G1 X100.816 Y102.371 E.00841
G1 X116.074 Y117.629 E.30346
G1 X116.671 Y117.629 E.0084
G1 X101.414 Y102.371 E.30345
G1 X102.012 Y102.371 E.00841
G1 X117.269 Y117.629 E.30345
G1 X117.867 Y117.629 E.00841
G1 X102.61 Y102.371 E.30345
G1 X103.208 Y102.371 E.00841
G1 X118.465 Y117.629 E.30345
G1 X119.063 Y117.629 E.00841
G1 X103.806 Y102.371 E.30345
G1 X104.404 Y102.371 E.00841
G1 X119.661 Y117.629 E.30345
G1 X120.259 Y117.629 E.00841
G1 X105.002 Y102.371 E.30345
G1 X105.6 Y102.371 E.00841
G1 X120.857 Y117.629 E.30345
G1 X121.455 Y117.629 E.00841
G1 X106.198 Y102.371 E.30345
G1 X106.796 Y102.371 E.00841
G1 X122.053 Y117.629 E.30345
G1 X122.651 Y117.629 E.00841
G1 X107.394 Y102.371 E.30345
G1 X107.992 Y102.371 E.00841
G1 X123.249 Y117.629 E.30345
G1 X123.847 Y117.629 E.00841
G1 X108.59 Y102.371 E.30345
G1 X109.188 Y102.371 E.00841
G1 X124.445 Y117.629 E.30345
G1 X125.043 Y117.629 E.00841
G1 X109.786 Y102.371 E.30345
G1 X110.384 Y102.371 E.00841
G1 X125.641 Y117.629 E.30345
G1 X126.239 Y117.629 E.00841
G1 X110.982 Y102.371 E.30345
G1 X111.58 Y102.371 E.00841
G1 X126.837 Y117.629 E.30345
G1 X127.021 Y117.652 E.00261
;WIDTH:0.398584
G1 X127.206 Y117.676 E.00237
;WIDTH:0.357168
G1 X127.187 Y117.747 E.00083
G1 X127.258 Y117.728 E.00083
G1 X127.247 Y117.687 E.00048
;WIDTH:0.439999
G1 X127.129 Y117.323 E.00538
G1 X112.177 Y102.371 E.29738
G1 X112.775 Y102.371 E.00841
G1 X125.658 Y115.254 E.25623
G1 X125.751 Y115.403 E.00247
;WIDTH:0.398584
G1 X125.843 Y115.553 E.00223
;WIDTH:0.357168
G1 X126.21 Y115.973 E.00631
;WIDTH:0.358824
G1 X126.619 Y116.273 E.00576
;WIDTH:0.408722
G1 X126.686 Y116.304 E.00096
;WIDTH:0.45862
G1 X126.753 Y116.335 E.00108
;WIDTH:0.508518
G1 X126.819 Y116.367 E.0012
;WIDTH:0.558416
G1 X126.886 Y116.398 E.00133
;WIDTH:0.608314
G1 X126.953 Y116.43 E.00146
;WIDTH:0.658212
G1 X127.02 Y116.461 E.00157
G1 E-3.5 F3600
;WIPE_START
G1 F7200
G1 X126.953 Y116.43 E-.03507
G1 X126.886 Y116.398 E-.03527
G1 X126.819 Y116.367 E-.03507
G1 X126.753 Y116.335 E-.03484
G1 X126.686 Y116.304 E-.03507
G1 X126.619 Y116.273 E-.03507
G1 X126.21 Y115.973 E-.24093
G1 X125.843 Y115.553 E-.26493
G1 X125.751 Y115.403 E-.08358
G1 X125.658 Y115.254 E-.08343
G1 X124.74 Y114.336 E-.61674
;WIPE_END
G1 X125.629 Y114.627 F9000
G1 E5 F2400
;WIDTH:0.439999
G1 X113.373 Y102.371 E.24376
G1 X113.971 Y102.371 E.00841
G1 X125.629 Y114.029 E.23186
G1 X125.629 Y113.431 E.00841
G1 X114.569 Y102.371 E.21997
G1 X115.167 Y102.371 E.00841
G1 X125.629 Y112.833 E.20808
G1 X125.629 Y112.235 E.00841
G1 X115.765 Y102.371 E.19618
G1 X116.363 Y102.371 E.00841
G1 X125.629 Y111.637 E.18429
G1 X125.629 Y111.039 E.00841
G1 X116.961 Y102.371 E.1724
G1 X117.559 Y102.371 E.00841
G1 X125.629 Y110.441 E.1605
G1 X125.629 Y109.843 E.00841
G1 X118.157 Y102.371 E.14861
G1 X118.755 Y102.371 E.00841
G1 X125.629 Y109.245 E.13671
G1 X125.629 Y108.647 E.00841
G1 X119.353 Y102.371 E.12482
G1 X119.951 Y102.371 E.00841
G1 X125.629 Y108.049 E.11293
G1 X125.629 Y107.451 E.00841
G1 X120.549 Y102.371 E.10103
G1 X121.147 Y102.371 E.00841
G1 X125.629 Y106.853 E.08914
G1 X125.629 Y106.255 E.00841
G1 X121.745 Y102.371 E.07725
G1 X122.343 Y102.371 E.00841
G1 X125.629 Y105.657 E.06535
G1 X125.629 Y105.059 E.00841
G1 X122.941 Y102.371 E.05346
G1 X123.539 Y102.371 E.00841
G1 X125.715 Y104.548 E.04329
G1 E-3.5 F3600
;WIPE_START
G1 F7200
G1 X123.539 Y102.371 E-1.46207
G1 X123.459 Y102.371 E-.03793
;WIPE_END
G1 X124.286 Y102.521 F9000
G1 E5 F2400
G1 X125.931 Y104.165 E.03271
G1 X126.18 Y103.904 E.00507
G1 X126.64 Y103.676 E.00722
G1 X127.129 Y103.641 E.00689
G1 X127.129 Y102.371 E.01786
G1 X124.137 Y102.371 E.04208
G1 X125.319 Y102.861 F9000
;WIDTH:0.573613
G1 F2400
G1 X126.639 Y102.861 E.02443
G1 X126.639 Y103.183 E.00596
G1 X126.511 Y103.204 E.0024
G1 X125.94 Y103.482 E.01175
G1 X125.469 Y103.01 E.01234
;LAYER_CHANGE
;Z:1.24
;HEIGHT:0.08
;BEFORE_LAYER_CHANGE
G92 E0
;1.24


G1 E-3.5 F3600
;WIPE_START
G1 F7200
G1 X125.94 Y103.482 E-.31673
G1 X126.511 Y103.204 E-.30166
G1 X126.639 Y103.183 E-.06161
G1 X126.639 Y102.861 E-.15295
G1 X125.319 Y102.861 E-.627
;WIPE_END
G1 E-.04005 F3600
G1 Z1.24 F9000
;AFTER_LAYER_CHANGE
;1.24
G1 X126.268 Y104.269
G1 E5 F2400
;TYPE:Perimeter
;WIDTH:0.439999
G1 X126.102 Y104.458 E.00354
G1 X125.985 Y104.743 E.00433
G1 X125.954 Y104.991 E.00351
G1 X125.954 Y115.009 E.14089
G1 X125.985 Y115.257 E.00351
G1 X126.102 Y115.542 E.00433
G1 X126.346 Y115.82 E.0052
G1 X126.722 Y116.01 E.00592
G1 X127.454 Y116.046 E.01031
G1 X127.454 Y117.954 E.02683
G1 X94.046 Y117.954 E.46983
G1 X94.046 Y109.905 E.1132
G1 X93.934 Y109.523 E.0056
G1 X93.752 Y109.268 E.00441
G1 X93.4 Y109.031 E.00597
G1 X93.009 Y108.954 E.0056
G1 X92.546 Y108.954 E.00651
G1 X92.546 Y102.046 E.09715
G1 X127.454 Y102.046 E.49093
G1 X127.454 Y103.954 E.02683
G1 X126.722 Y103.99 E.01031
G1 X126.346 Y104.18 E.00592
G1 X126.307 Y104.224 E.00083
G1 X126.562 Y104.564 F9000
G1 F2400
G1 X126.465 Y104.675 E.00207
G1 X126.377 Y104.991 E.00461
G1 X126.377 Y115.009 E.14089
G1 X126.465 Y115.325 E.00461
G1 X126.609 Y115.489 E.00307
G1 X126.832 Y115.602 E.00352
G1 X126.991 Y115.623 E.00226
G1 X127.877 Y115.623 E.01246
G1 X127.877 Y118.377 E.03873
G1 X93.623 Y118.377 E.48173
G1 X93.623 Y110 E.11781
G1 X93.589 Y109.79 E.00299
G1 X93.449 Y109.563 E.00375
G1 X93.24 Y109.423 E.00354
G1 X93.009 Y109.377 E.00331
G1 X92.123 Y109.377 E.01246
G1 X92.123 Y101.623 E.10905
G1 X127.877 Y101.623 E.50282
G1 X127.877 Y104.377 E.03873
G1 X126.832 Y104.398 E.0147
G1 X126.609 Y104.511 E.00352
G1 X126.602 Y104.519 E.00015
G1 X126.854 Y104.859 F9000
;TYPE:External perimeter
;WIDTH:0.419999
G1 F1500
G1 X126.79 Y104.991 E.00197
G1 X126.79 Y115.009 E.13422
G1 X126.866 Y115.166 E.00234
G1 X126.991 Y115.21 E.00178
G1 X128.29 Y115.21 E.0174
G1 X128.29 Y118.79 E.04797
G1 X93.21 Y118.79 E.47001
G1 X93.21 Y110 E.11777
G1 X93.153 Y109.851 E.00214
G1 X93.009 Y109.79 E.0021
G1 X91.71 Y109.79 E.0174
G1 X91.71 Y101.21 E.11496
G1 X128.29 Y101.21 E.49011
G1 X128.29 Y104.79 E.04797
G1 X126.991 Y104.79 E.0174
G1 X126.896 Y104.823 E.00135
G1 E-3.5 F3600
;WIPE_START
G1 F7200
G1 X126.854 Y104.859 E-.02628
G1 X126.79 Y104.991 E-.06968
G1 X126.79 Y107.947 E-1.40404
;WIPE_END
G1 X92.986 Y102.406 F9000
G1 E5 F2400
;TYPE:Solid infill
;WIDTH:0.542588
G1 X92.94 Y102.359 E.00115
G1 X92.876 Y102.376 E.00116
G1 X92.859 Y102.44 E.00116
G1 X92.906 Y102.486 E.00115
G1 X92.969 Y102.469 E.00114
;WIDTH:0.439999
G1 X92.871 Y103.144 E.00959
G1 X93.644 Y102.371 E.01537
G1 X94.242 Y102.371 E.00841
G1 X92.871 Y103.742 E.02727
G1 X92.871 Y104.34 E.00841
G1 X94.84 Y102.371 E.03916
G1 X95.438 Y102.371 E.00841
G1 X92.871 Y104.938 E.05105
G1 X92.871 Y105.536 E.00841
G1 X96.036 Y102.371 E.06295
G1 X96.634 Y102.371 E.00841
G1 X92.871 Y106.134 E.07484
G1 X92.871 Y106.732 E.00841
G1 X97.232 Y102.371 E.08673
G1 X97.83 Y102.371 E.00841
G1 X92.871 Y107.33 E.09863
G1 X92.871 Y107.928 E.00841
G1 X98.428 Y102.371 E.11052
G1 X99.026 Y102.371 E.00841
G1 X92.871 Y108.526 E.12241
G1 X92.825 Y108.64 E.00173
;WIDTH:0.398584
G1 X92.779 Y108.754 E.00156
;WIDTH:0.357168
G1 X92.708 Y108.735 E.00083
G1 X92.727 Y108.806 E.00083
G1 X92.768 Y108.795 E.00048
;WIDTH:0.439999
G1 X93.31 Y108.686 E.00777
G1 X99.624 Y102.371 E.12559
G1 X100.222 Y102.371 E.00841
G1 X93.742 Y108.851 E.12888
G1 X94.06 Y109.131 E.00596
G1 X100.82 Y102.371 E.13445
G1 X101.418 Y102.371 E.00841
G1 X94.281 Y109.508 E.14195
G1 X94.215 Y110.206 E.00986
;WIDTH:0.357168
G1 X94.174 Y110.217 E.00048
G1 X94.155 Y110.146 E.00083
G1 X94.226 Y110.165 E.00083
;WIDTH:0.398584
G1 X94.295 Y110.093 E.00127
;WIDTH:0.439999
G1 X102.016 Y102.371 E.15357
G1 X102.614 Y102.371 E.00841
G1 X94.365 Y110.62 E.16406
G1 X94.366 Y111.217 E.0084
G1 X103.212 Y102.371 E.17594
G1 X103.81 Y102.371 E.00841
G1 X94.366 Y111.815 E.18783
G1 X94.367 Y112.412 E.0084
G1 X104.408 Y102.371 E.1997
G1 X105.006 Y102.371 E.00841
G1 X94.367 Y113.01 E.2116
G1 X94.368 Y113.607 E.0084
G1 X105.604 Y102.371 E.22347
G1 X106.202 Y102.371 E.00841
G1 X94.368 Y114.205 E.23536
G1 X94.369 Y114.802 E.0084
G1 X106.8 Y102.371 E.24724
G1 X107.398 Y102.371 E.00841
G1 X94.369 Y115.4 E.25913
G1 X94.37 Y115.997 E.0084
G1 X107.996 Y102.371 E.271
G1 X108.594 Y102.371 E.00841
G1 X94.37 Y116.595 E.2829
G1 X94.371 Y117.192 E.0084
G1 X109.192 Y102.371 E.29477
G1 X109.79 Y102.371 E.00841
G1 X94.532 Y117.629 E.30346
G1 X94.417 Y117.679 E.00176
;WIDTH:0.398584
G1 X94.302 Y117.728 E.00159
;WIDTH:0.357168
G1 X94.231 Y117.709 E.00083
G1 X94.25 Y117.78 E.00083
G1 X94.291 Y117.769 E.00048
G1 X95.13 Y117.629 F9000
;WIDTH:0.439999
G1 F2400
G1 X110.388 Y102.371 E.30346
G1 X110.986 Y102.371 E.00841
G1 X95.728 Y117.629 E.30346
G1 X96.326 Y117.629 E.00841
G1 X111.584 Y102.371 E.30346
G1 X112.182 Y102.371 E.00841
G1 X96.924 Y117.629 E.30346
G1 X97.522 Y117.629 E.00841
G1 X112.78 Y102.371 E.30346
G1 X113.377 Y102.371 E.0084
G1 X98.12 Y117.629 E.30345
G1 X98.718 Y117.629 E.00841
G1 X113.975 Y102.371 E.30345
G1 X114.573 Y102.371 E.00841
G1 X99.316 Y117.629 E.30345
G1 X99.914 Y117.629 E.00841
G1 X115.171 Y102.371 E.30345
G1 X115.769 Y102.371 E.00841
G1 X100.512 Y117.629 E.30345
G1 X101.11 Y117.629 E.00841
G1 X116.367 Y102.371 E.30345
G1 X116.965 Y102.371 E.00841
G1 X101.708 Y117.629 E.30345
G1 X102.306 Y117.629 E.00841
G1 X117.563 Y102.371 E.30345
G1 X118.161 Y102.371 E.00841
G1 X102.904 Y117.629 E.30345
G1 X103.502 Y117.629 E.00841
G1 X118.759 Y102.371 E.30345
G1 X119.357 Y102.371 E.00841
G1 X104.1 Y117.629 E.30345
G1 X104.698 Y117.629 E.00841
G1 X119.955 Y102.371 E.30345
G1 X120.553 Y102.371 E.00841
G1 X105.296 Y117.629 E.30345
G1 X105.894 Y117.629 E.00841
G1 X121.151 Y102.371 E.30345
G1 X121.749 Y102.371 E.00841
G1 X106.492 Y117.629 E.30345
G1 X107.09 Y117.629 E.00841
G1 X122.347 Y102.371 E.30345
G1 X122.945 Y102.371 E.00841
G1 X107.688 Y117.629 E.30345
G1 X108.286 Y117.629 E.00841
G1 X123.543 Y102.371 E.30345
G1 X124.141 Y102.371 E.00841
G1 X108.883 Y117.629 E.30346
G1 X109.481 Y117.629 E.00841
G1 X124.739 Y102.371 E.30346
G1 X125.337 Y102.371 E.00841
G1 X110.079 Y117.629 E.30346
G1 X110.677 Y117.629 E.00841
G1 X125.935 Y102.371 E.30346
G1 X126.533 Y102.371 E.00841
G1 X111.275 Y117.629 E.30346
G1 X111.873 Y117.629 E.00841
G1 X127.129 Y102.373 E.30342
G1 X127.135 Y102.957 E.00821
;WIDTH:0.428358
G1 X127.135 Y103.647 E.00944
G1 X126.684 Y103.675 E.00618
G1 X126.189 Y103.905 E.00746
G1 X126.985 Y103.107 E.01541
G1 X125.897 Y104.203 F9000
;WIDTH:0.439999
G1 F2400
G1 X112.471 Y117.629 E.26703
G1 X113.069 Y117.629 E.00841
G1 X125.629 Y105.069 E.2498
G1 X125.714 Y104.936 E.00222
;WIDTH:0.398584
G1 X125.799 Y104.803 E.002
;WIDTH:0.357168
G1 X125.758 Y104.814 E.00048
G1 X125.739 Y104.743 E.00083
G1 X125.81 Y104.762 E.00083
G1 X125.629 Y105.667 F9000
;WIDTH:0.439999
G1 F2400
G1 X113.667 Y117.629 E.23791
G1 X114.265 Y117.629 E.00841
G1 X125.629 Y106.265 E.22601
G1 X125.629 Y106.863 E.00841
G1 X114.863 Y117.629 E.21412
G1 X115.461 Y117.629 E.00841
G1 X125.629 Y107.461 E.20223
G1 X125.629 Y108.059 E.00841
G1 X116.059 Y117.629 E.19033
G1 X116.657 Y117.629 E.00841
G1 X125.629 Y108.657 E.17844
G1 X125.629 Y109.255 E.00841
G1 X117.255 Y117.629 E.16655
G1 X117.853 Y117.629 E.00841
G1 X125.629 Y109.853 E.15465
G1 X125.629 Y110.451 E.00841
G1 X118.451 Y117.629 E.14276
G1 X119.049 Y117.629 E.00841
G1 X125.629 Y111.049 E.13087
G1 X125.629 Y111.647 E.00841
G1 X119.647 Y117.629 E.11897
G1 X120.245 Y117.629 E.00841
G1 X125.629 Y112.245 E.10708
G1 X125.629 Y112.843 E.00841
G1 X120.843 Y117.629 E.09519
G1 X121.441 Y117.629 E.00841
G1 X125.629 Y113.441 E.08329
G1 X125.629 Y114.039 E.00841
G1 X122.039 Y117.629 E.0714
G1 X122.637 Y117.629 E.00841
G1 X125.629 Y114.637 E.05951
G1 X125.653 Y115.211 E.00808
G1 X123.235 Y117.629 E.04809
G1 X123.833 Y117.629 E.00841
G1 X125.801 Y115.66 E.03915
G1 X126.116 Y116.047 E.00702
G1 X126.601 Y116.309 E.00775
G1 X127.129 Y116.359 E.00746
G1 X127.129 Y117.629 E.01786
G1 X124.431 Y117.629 E.03794
G1 X125.918 Y116.141 E.02958
G1 X126.127 Y116.593 E.007
;WIDTH:0.529205
G1 X126.293 Y116.677 E.00317
G1 X126.661 Y116.805 E.00664
G1 X126.661 Y117.161 E.00606
G1 X125.559 Y117.161 E.01877
G1 X125.978 Y116.743 E.01008
;LAYER_CHANGE
;Z:1.32
;HEIGHT:0.08
;BEFORE_LAYER_CHANGE
G92 E0
;1.32


G1 E-3.5 F3600
;WIPE_START
G1 F7200
G1 X125.559 Y117.161 E-.28113
G1 X126.661 Y117.161 E-.52345
G1 X126.661 Y116.805 E-.1691
G1 X126.293 Y116.677 E-.18507
G1 X126.127 Y116.593 E-.08837
G1 X125.918 Y116.141 E-.23654
G1 X125.894 Y116.165 E-.01634
;WIPE_END
G1 Z1.32 F9000
;AFTER_LAYER_CHANGE
;1.32
G1 X126.268 Y115.731
G1 E5 F2400
;TYPE:Perimeter
;WIDTH:0.439999
G1 X126.346 Y115.82 E.00166
G1 X126.722 Y116.01 E.00592
G1 X127.454 Y116.046 E.01031
G1 X127.454 Y117.954 E.02683
G1 X94.046 Y117.954 E.46983
G1 X94.046 Y109.905 E.1132
G1 X93.934 Y109.523 E.0056
G1 X93.752 Y109.268 E.00441
G1 X93.4 Y109.031 E.00597
G1 X93.009 Y108.954 E.0056
G1 X92.546 Y108.954 E.00651
G1 X92.546 Y102.046 E.09715
G1 X127.454 Y102.046 E.49093
G1 X127.454 Y103.954 E.02683
G1 X126.722 Y103.99 E.01031
G1 X126.346 Y104.18 E.00592
G1 X126.102 Y104.458 E.0052
G1 X125.985 Y104.743 E.00433
G1 X125.954 Y104.991 E.00351
G1 X125.954 Y115.009 E.14089
G1 X125.985 Y115.257 E.00351
G1 X126.102 Y115.542 E.00433
G1 X126.228 Y115.686 E.00269
G1 X126.562 Y115.436 F9000
G1 F2400
G1 X126.609 Y115.489 E.001
G1 X126.832 Y115.602 E.00352
G1 X126.991 Y115.623 E.00226
G1 X127.877 Y115.623 E.01246
G1 X127.877 Y118.377 E.03873
G1 X93.623 Y118.377 E.48173
G1 X93.623 Y110 E.11781
G1 X93.589 Y109.79 E.00299
G1 X93.449 Y109.563 E.00375
G1 X93.24 Y109.423 E.00354
G1 X93.009 Y109.377 E.00331
G1 X92.123 Y109.377 E.01246
G1 X92.123 Y101.623 E.10905
G1 X127.877 Y101.623 E.50282
G1 X127.877 Y104.377 E.03873
G1 X126.832 Y104.398 E.0147
G1 X126.609 Y104.511 E.00352
G1 X126.465 Y104.675 E.00307
G1 X126.377 Y104.991 E.00461
G1 X126.377 Y115.009 E.14089
G1 X126.465 Y115.325 E.00461
G1 X126.523 Y115.391 E.00124
G1 X126.854 Y115.141 F9000
;TYPE:External perimeter
;WIDTH:0.419999
G1 F1500
G1 X126.866 Y115.166 E.00037
G1 X126.991 Y115.21 E.00178
G1 X128.29 Y115.21 E.0174
G1 X128.29 Y118.79 E.04797
G1 X93.21 Y118.79 E.47001
G1 X93.21 Y110 E.11777
G1 X93.153 Y109.851 E.00214
G1 X93.009 Y109.79 E.0021
G1 X91.71 Y109.79 E.0174
G1 X91.71 Y101.21 E.11496
G1 X128.29 Y101.21 E.49011
G1 X128.29 Y104.79 E.04797
G1 X126.991 Y104.79 E.0174
G1 X126.866 Y104.834 E.00178
G1 X126.79 Y104.991 E.00234
G1 X126.79 Y115.009 E.13422
G1 X126.828 Y115.087 E.00116
G1 E-3.5 F3600
;WIPE_START
G1 F7200
G1 X126.854 Y115.141 E-.02847
G1 X126.866 Y115.166 E-.01317
G1 X126.991 Y115.21 E-.06295
G1 X128.29 Y115.21 E-.61702
G1 X128.29 Y116.849 E-.77839
;WIPE_END
G1 X94.405 Y117.514 F9000
G1 E5 F2400
;TYPE:Solid infill
;WIDTH:0.542712
G1 X94.359 Y117.56 E.00114
G1 X94.376 Y117.624 E.00116
G1 X94.439 Y117.641 E.00114
G1 X94.486 Y117.594 E.00116
G1 X94.469 Y117.531 E.00114
;WIDTH:0.439999
G1 X95.144 Y117.629 E.00959
G1 X94.371 Y116.855 E.01538
G1 X94.37 Y116.256 E.00842
G1 X95.742 Y117.629 E.0273
G1 X96.34 Y117.629 E.00841
G1 X94.37 Y115.658 E.03919
G1 X94.369 Y115.059 E.00842
G1 X96.938 Y117.629 E.0511
G1 X97.536 Y117.629 E.00841
G1 X94.369 Y114.461 E.063
G1 X94.368 Y113.863 E.00841
G1 X98.134 Y117.629 E.0749
G1 X98.732 Y117.629 E.00841
G1 X94.368 Y113.264 E.0868
G1 X94.367 Y112.666 E.00841
G1 X99.33 Y117.629 E.09871
G1 X99.928 Y117.629 E.00841
G1 X94.367 Y112.067 E.11061
G1 X94.366 Y111.469 E.00841
G1 X100.526 Y117.629 E.12251
G1 X101.124 Y117.629 E.00841
G1 X94.366 Y110.87 E.13442
G1 X94.365 Y110.272 E.00841
G1 X101.722 Y117.629 E.14632
G1 X102.32 Y117.629 E.00841
G1 X94.314 Y109.623 E.15923
G1 X94.108 Y109.324 E.00511
;WIDTH:0.357168
G1 X93.903 Y109.087 E.00354
G1 X93.692 Y108.913 E.00309
;WIDTH:0.398584
G1 X93.543 Y108.807 E.00232
;WIDTH:0.439999
G1 X93.393 Y108.702 E.00257
G1 X92.871 Y108.18 E.01038
G1 X92.871 Y107.582 E.00841
G1 X102.918 Y117.629 E.19982
G1 X103.516 Y117.629 E.00841
G1 X92.871 Y106.984 E.21171
G1 X92.871 Y106.386 E.00841
G1 X104.114 Y117.629 E.22361
G1 X104.712 Y117.629 E.00841
G1 X92.871 Y105.788 E.2355
G1 X92.871 Y105.19 E.00841
G1 X105.31 Y117.629 E.2474
G1 X105.908 Y117.629 E.00841
G1 X92.871 Y104.592 E.25929
G1 X92.871 Y103.994 E.00841
G1 X106.506 Y117.629 E.27118
G1 X107.104 Y117.629 E.00841
G1 X92.871 Y103.396 E.28308
G1 X92.871 Y102.798 E.00841
G1 X107.702 Y117.629 E.29497
G1 X108.3 Y117.629 E.00841
G1 X93.042 Y102.371 E.30346
G1 X92.918 Y102.303 E.00199
;WIDTH:0.398584
G1 X92.794 Y102.234 E.0018
;WIDTH:0.357168
G1 X92.805 Y102.275 E.00048
G1 X92.734 Y102.294 E.00083
G1 X92.753 Y102.223 E.00083
G1 X93.64 Y102.371 F9000
;WIDTH:0.439999
G1 F2400
G1 X108.898 Y117.629 E.30346
G1 X109.496 Y117.629 E.00841
G1 X94.238 Y102.371 E.30346
G1 X94.836 Y102.371 E.00841
G1 X110.094 Y117.629 E.30346
G1 X110.692 Y117.629 E.00841
G1 X95.434 Y102.371 E.30346
G1 X96.032 Y102.371 E.00841
G1 X111.29 Y117.629 E.30346
G1 X111.888 Y117.629 E.00841
G1 X96.63 Y102.371 E.30346
G1 X97.228 Y102.371 E.00841
G1 X112.486 Y117.629 E.30346
G1 X113.084 Y117.629 E.00841
G1 X97.826 Y102.371 E.30346
G1 X98.424 Y102.371 E.00841
G1 X113.682 Y117.629 E.30346
G1 X114.28 Y117.629 E.00841
G1 X99.022 Y102.371 E.30346
G1 X99.62 Y102.371 E.00841
G1 X114.878 Y117.629 E.30346
G1 X115.476 Y117.629 E.00841
G1 X100.218 Y102.371 E.30346
G1 X100.816 Y102.371 E.00841
G1 X116.074 Y117.629 E.30346
G1 X116.671 Y117.629 E.0084
G1 X101.414 Y102.371 E.30345
G1 X102.012 Y102.371 E.00841
G1 X117.269 Y117.629 E.30345
G1 X117.867 Y117.629 E.00841
G1 X102.61 Y102.371 E.30345
G1 X103.208 Y102.371 E.00841
G1 X118.465 Y117.629 E.30345
G1 X119.063 Y117.629 E.00841
G1 X103.806 Y102.371 E.30345
G1 X104.404 Y102.371 E.00841
G1 X119.661 Y117.629 E.30345
G1 X120.259 Y117.629 E.00841
G1 X105.002 Y102.371 E.30345
G1 X105.6 Y102.371 E.00841
G1 X120.857 Y117.629 E.30345
G1 X121.455 Y117.629 E.00841
G1 X106.198 Y102.371 E.30345
G1 X106.796 Y102.371 E.00841
G1 X122.053 Y117.629 E.30345
G1 X122.651 Y117.629 E.00841
G1 X107.394 Y102.371 E.30345
G1 X107.992 Y102.371 E.00841
G1 X123.249 Y117.629 E.30345
G1 X123.847 Y117.629 E.00841
G1 X108.59 Y102.371 E.30345
G1 X109.188 Y102.371 E.00841
G1 X124.445 Y117.629 E.30345
G1 X125.043 Y117.629 E.00841
G1 X109.786 Y102.371 E.30345
G1 X110.384 Y102.371 E.00841
G1 X125.641 Y117.629 E.30345
G1 X126.239 Y117.629 E.00841
G1 X110.982 Y102.371 E.30345
G1 X111.58 Y102.371 E.00841
G1 X126.837 Y117.629 E.30345
G1 X127.021 Y117.652 E.00261
;WIDTH:0.398584
G1 X127.206 Y117.676 E.00237
;WIDTH:0.357168
G1 X127.187 Y117.747 E.00083
G1 X127.258 Y117.728 E.00083
G1 X127.247 Y117.687 E.00048
;WIDTH:0.439999
G1 X127.129 Y117.323 E.00538
G1 X112.177 Y102.371 E.29738
G1 X112.775 Y102.371 E.00841
G1 X125.658 Y115.254 E.25623
G1 X125.751 Y115.403 E.00247
;WIDTH:0.398584
G1 X125.843 Y115.553 E.00223
;WIDTH:0.357168
G1 X126.21 Y115.973 E.00631
;WIDTH:0.358824
G1 X126.619 Y116.273 E.00576
;WIDTH:0.408722
G1 X126.686 Y116.304 E.00096
;WIDTH:0.45862
G1 X126.753 Y116.335 E.00108
;WIDTH:0.508518
G1 X126.819 Y116.367 E.0012
;WIDTH:0.558416
G1 X126.886 Y116.398 E.00133
;WIDTH:0.608314
G1 X126.953 Y116.43 E.00146
;WIDTH:0.658212
G1 X127.02 Y116.461 E.00157
G1 E-3.5 F3600
;WIPE_START
G1 F7200
G1 X126.953 Y116.43 E-.03507
G1 X126.886 Y116.398 E-.03527
G1 X126.819 Y116.367 E-.03507
G1 X126.753 Y116.335 E-.03484
G1 X126.686 Y116.304 E-.03507
G1 X126.619 Y116.273 E-.03507
G1 X126.21 Y115.973 E-.24093
G1 X125.843 Y115.553 E-.26493
G1 X125.751 Y115.403 E-.08358
G1 X125.658 Y115.254 E-.08343
G1 X124.74 Y114.336 E-.61674
;WIPE_END
G1 X125.629 Y114.627 F9000
G1 E5 F2400
;WIDTH:0.439999
G1 X113.373 Y102.371 E.24376
G1 X113.971 Y102.371 E.00841
G1 X125.629 Y114.029 E.23186
G1 X125.629 Y113.431 E.00841
G1 X114.569 Y102.371 E.21997
G1 X115.167 Y102.371 E.00841
G1 X125.629 Y112.833 E.20808
G1 X125.629 Y112.235 E.00841
G1 X115.765 Y102.371 E.19618
G1 X116.363 Y102.371 E.00841
G1 X125.629 Y111.637 E.18429
G1 X125.629 Y111.039 E.00841
G1 X116.961 Y102.371 E.1724
G1 X117.559 Y102.371 E.00841
G1 X125.629 Y110.441 E.1605
G1 X125.629 Y109.843 E.00841
G1 X118.157 Y102.371 E.14861
G1 X118.755 Y102.371 E.00841
G1 X125.629 Y109.245 E.13671
G1 X125.629 Y108.647 E.00841
G1 X119.353 Y102.371 E.12482
G1 X119.951 Y102.371 E.00841
G1 X125.629 Y108.049 E.11293
G1 X125.629 Y107.451 E.00841
G1 X120.549 Y102.371 E.10103
G1 X121.147 Y102.371 E.00841
G1 X125.629 Y106.853 E.08914
G1 X125.629 Y106.255 E.00841
G1 X121.745 Y102.371 E.07725
G1 X122.343 Y102.371 E.00841
G1 X125.629 Y105.657 E.06535
G1 X125.629 Y105.059 E.00841
G1 X122.941 Y102.371 E.05346
G1 X123.539 Y102.371 E.00841
G1 X125.715 Y104.548 E.04329
G1 E-3.5 F3600
;WIPE_START
G1 F7200
G1 X123.539 Y102.371 E-1.46207
G1 X123.459 Y102.371 E-.03793
;WIPE_END
G1 X124.286 Y102.521 F9000
G1 E5 F2400
G1 X125.931 Y104.165 E.03271
G1 X126.18 Y103.904 E.00507
G1 X126.64 Y103.676 E.00722
G1 X127.129 Y103.641 E.00689
G1 X127.129 Y102.371 E.01786
G1 X124.137 Y102.371 E.04208
G1 X125.319 Y102.861 F9000
;WIDTH:0.573613
G1 F2400
G1 X126.639 Y102.861 E.02443
G1 X126.639 Y103.183 E.00596
G1 X126.511 Y103.204 E.0024
G1 X125.94 Y103.482 E.01175
G1 X125.469 Y103.01 E.01234
;LAYER_CHANGE
;Z:1.34
;HEIGHT:0.02
;BEFORE_LAYER_CHANGE
G92 E0
;1.34


G1 E-3.5 F3600
;WIPE_START
G1 F7200
G1 X125.94 Y103.482 E-.31673
G1 X126.511 Y103.204 E-.30166
G1 X126.639 Y103.183 E-.06161
G1 X126.639 Y102.861 E-.15295
G1 X125.319 Y102.861 E-.627
;WIPE_END
G1 E-.04005 F3600
G1 Z1.34 F9000
;AFTER_LAYER_CHANGE
;1.34
G1 X127.423 Y114.577
G1 E5 F2400
;TYPE:Support material
;WIDTH:0.36
;HEIGHT:0.285
G1 X127.423 Y114.028 E.01944
G1 X127.457 Y114.559 E.01884
G1 E-3.5 F3600
;WIPE_START
G1 F7200
G1 X127.423 Y114.028 E-.25274
G1 X127.423 Y114.577 E-.26077
;WIPE_END
G1 E-.98649 F3600
G1 X127.423 Y105.972 F9000
G1 E5 F2400
G1 X127.457 Y105.423 E.01948
G1 X127.423 Y105.8 E.0134
;LAYER_CHANGE
;Z:1.4
;HEIGHT:0.0599999
;BEFORE_LAYER_CHANGE
G92 E0
;1.4


G1 E-3.5 F3600
;WIPE_START
G1 F7200
G1 X127.457 Y105.423 E-.1798
G1 X127.423 Y105.972 E-.26127
;WIPE_END
G1 E-1.05893 F3600
G1 Z1.4 F9000
;AFTER_LAYER_CHANGE
;1.4
G1 X126.268 Y104.269
G1 E5 F2400
;TYPE:Perimeter
;WIDTH:0.439999
;HEIGHT:0.08
G1 X126.102 Y104.458 E.00354
G1 X125.985 Y104.743 E.00433
G1 X125.954 Y104.991 E.00351
G1 X125.954 Y115.009 E.14089
G1 X125.985 Y115.257 E.00351
G1 X126.102 Y115.542 E.00433
G1 X126.346 Y115.82 E.0052
G1 X126.722 Y116.01 E.00592
G1 X127.454 Y116.046 E.01031
G1 X127.454 Y117.954 E.02683
G1 X94.046 Y117.954 E.46983
G1 X94.046 Y109.905 E.1132
G1 X93.934 Y109.523 E.0056
G1 X93.752 Y109.268 E.00441
G1 X93.4 Y109.031 E.00597
G1 X93.009 Y108.954 E.0056
G1 X92.546 Y108.954 E.00651
G1 X92.546 Y102.046 E.09715
G1 X127.454 Y102.046 E.49093
G1 X127.454 Y103.954 E.02683
G1 X126.722 Y103.99 E.01031
G1 X126.346 Y104.18 E.00592
G1 X126.307 Y104.224 E.00083
G1 X126.562 Y104.564 F9000
G1 F2400
G1 X126.465 Y104.675 E.00207
G1 X126.377 Y104.991 E.00461
G1 X126.377 Y115.009 E.14089
G1 X126.465 Y115.325 E.00461
G1 X126.609 Y115.489 E.00307
G1 X126.832 Y115.602 E.00352
G1 X126.991 Y115.623 E.00226
G1 X127.877 Y115.623 E.01246
G1 X127.877 Y118.377 E.03873
G1 X93.623 Y118.377 E.48173
G1 X93.623 Y110 E.11781
G1 X93.589 Y109.79 E.00299
G1 X93.449 Y109.563 E.00375
G1 X93.24 Y109.423 E.00354
G1 X93.009 Y109.377 E.00331
G1 X92.123 Y109.377 E.01246
G1 X92.123 Y101.623 E.10905
G1 X127.877 Y101.623 E.50282
G1 X127.877 Y104.377 E.03873
G1 X126.832 Y104.398 E.0147
G1 X126.609 Y104.511 E.00352
G1 X126.602 Y104.519 E.00015
G1 X126.854 Y104.859 F9000
;TYPE:External perimeter
;WIDTH:0.419999
G1 F1500
G1 X126.79 Y104.991 E.00197
G1 X126.79 Y115.009 E.13422
G1 X126.866 Y115.166 E.00234
G1 X126.991 Y115.21 E.00178
G1 X128.29 Y115.21 E.0174
G1 X128.29 Y118.79 E.04797
G1 X93.21 Y118.79 E.47001
G1 X93.21 Y110 E.11777
G1 X93.153 Y109.851 E.00214
G1 X93.009 Y109.79 E.0021
G1 X91.71 Y109.79 E.0174
G1 X91.71 Y101.21 E.11496
G1 X128.29 Y101.21 E.49011
G1 X128.29 Y104.79 E.04797
G1 X126.991 Y104.79 E.0174
G1 X126.896 Y104.823 E.00135
G1 E-3.5 F3600
;WIPE_START
G1 F7200
G1 X126.854 Y104.859 E-.02628
G1 X126.79 Y104.991 E-.06968
G1 X126.79 Y107.947 E-1.40404
;WIPE_END
G1 X92.986 Y102.406 F9000
G1 E5 F2400
;TYPE:Solid infill
;WIDTH:0.542588
G1 X92.94 Y102.359 E.00115
G1 X92.876 Y102.376 E.00116
G1 X92.859 Y102.44 E.00116
G1 X92.906 Y102.486 E.00115
G1 X92.969 Y102.469 E.00114
;WIDTH:0.439999
G1 X92.871 Y103.144 E.00959
G1 X93.644 Y102.371 E.01537
G1 X94.242 Y102.371 E.00841
G1 X92.871 Y103.742 E.02727
G1 X92.871 Y104.34 E.00841
G1 X94.84 Y102.371 E.03916
G1 X95.438 Y102.371 E.00841
G1 X92.871 Y104.938 E.05105
G1 X92.871 Y105.536 E.00841
G1 X96.036 Y102.371 E.06295
G1 X96.634 Y102.371 E.00841
G1 X92.871 Y106.134 E.07484
G1 X92.871 Y106.732 E.00841
G1 X97.232 Y102.371 E.08673
G1 X97.83 Y102.371 E.00841
G1 X92.871 Y107.33 E.09863
G1 X92.871 Y107.928 E.00841
G1 X98.428 Y102.371 E.11052
G1 X99.026 Y102.371 E.00841
G1 X92.871 Y108.526 E.12241
G1 X92.825 Y108.64 E.00173
;WIDTH:0.398584
G1 X92.779 Y108.754 E.00156
;WIDTH:0.357168
G1 X92.708 Y108.735 E.00083
G1 X92.727 Y108.806 E.00083
G1 X92.768 Y108.795 E.00048
;WIDTH:0.439999
G1 X93.31 Y108.686 E.00777
G1 X99.624 Y102.371 E.12559
G1 X100.222 Y102.371 E.00841
G1 X93.742 Y108.851 E.12888
G1 X94.06 Y109.131 E.00596
G1 X100.82 Y102.371 E.13445
G1 X101.418 Y102.371 E.00841
G1 X94.281 Y109.508 E.14195
G1 X94.215 Y110.206 E.00986
;WIDTH:0.357168
G1 X94.174 Y110.217 E.00048
G1 X94.155 Y110.146 E.00083
G1 X94.226 Y110.165 E.00083
;WIDTH:0.398584
G1 X94.295 Y110.093 E.00127
;WIDTH:0.439999
G1 X102.016 Y102.371 E.15357
G1 X102.614 Y102.371 E.00841
G1 X94.365 Y110.62 E.16406
G1 X94.366 Y111.217 E.0084
G1 X103.212 Y102.371 E.17594
G1 X103.81 Y102.371 E.00841
G1 X94.366 Y111.815 E.18783
G1 X94.367 Y112.412 E.0084
G1 X104.408 Y102.371 E.1997
G1 X105.006 Y102.371 E.00841
G1 X94.367 Y113.01 E.2116
G1 X94.368 Y113.607 E.0084
G1 X105.604 Y102.371 E.22347
G1 X106.202 Y102.371 E.00841
G1 X94.368 Y114.205 E.23536
G1 X94.369 Y114.802 E.0084
G1 X106.8 Y102.371 E.24724
G1 X107.398 Y102.371 E.00841
G1 X94.369 Y115.4 E.25913
G1 X94.37 Y115.997 E.0084
G1 X107.996 Y102.371 E.271
G1 X108.594 Y102.371 E.00841
G1 X94.37 Y116.595 E.2829
G1 X94.371 Y117.192 E.0084
G1 X109.192 Y102.371 E.29477
G1 X109.79 Y102.371 E.00841
G1 X94.532 Y117.629 E.30346
G1 X94.417 Y117.679 E.00176
;WIDTH:0.398584
G1 X94.302 Y117.728 E.00159
;WIDTH:0.357168
G1 X94.231 Y117.709 E.00083
G1 X94.25 Y117.78 E.00083
G1 X94.291 Y117.769 E.00048
G1 X95.13 Y117.629 F9000
;WIDTH:0.439999
G1 F2400
G1 X110.388 Y102.371 E.30346
G1 X110.986 Y102.371 E.00841
G1 X95.728 Y117.629 E.30346
G1 X96.326 Y117.629 E.00841
G1 X111.584 Y102.371 E.30346
G1 X112.182 Y102.371 E.00841
G1 X96.924 Y117.629 E.30346
G1 X97.522 Y117.629 E.00841
G1 X112.78 Y102.371 E.30346
G1 X113.377 Y102.371 E.0084
G1 X98.12 Y117.629 E.30345
G1 X98.718 Y117.629 E.00841
G1 X113.975 Y102.371 E.30345
G1 X114.573 Y102.371 E.00841
G1 X99.316 Y117.629 E.30345
G1 X99.914 Y117.629 E.00841
G1 X115.171 Y102.371 E.30345
G1 X115.769 Y102.371 E.00841
G1 X100.512 Y117.629 E.30345
G1 X101.11 Y117.629 E.00841
G1 X116.367 Y102.371 E.30345
G1 X116.965 Y102.371 E.00841
G1 X101.708 Y117.629 E.30345
G1 X102.306 Y117.629 E.00841
G1 X117.563 Y102.371 E.30345
G1 X118.161 Y102.371 E.00841
G1 X102.904 Y117.629 E.30345
G1 X103.502 Y117.629 E.00841
G1 X118.759 Y102.371 E.30345
G1 X119.357 Y102.371 E.00841
G1 X104.1 Y117.629 E.30345
G1 X104.698 Y117.629 E.00841
G1 X119.955 Y102.371 E.30345
G1 X120.553 Y102.371 E.00841
G1 X105.296 Y117.629 E.30345
G1 X105.894 Y117.629 E.00841
G1 X121.151 Y102.371 E.30345
G1 X121.749 Y102.371 E.00841
G1 X106.492 Y117.629 E.30345
G1 X107.09 Y117.629 E.00841
G1 X122.347 Y102.371 E.30345
G1 X122.945 Y102.371 E.00841
G1 X107.688 Y117.629 E.30345
G1 X108.286 Y117.629 E.00841
G1 X123.543 Y102.371 E.30345
G1 X124.141 Y102.371 E.00841
G1 X108.883 Y117.629 E.30346
G1 X109.481 Y117.629 E.00841
G1 X124.739 Y102.371 E.30346
G1 X125.337 Y102.371 E.00841
G1 X110.079 Y117.629 E.30346
G1 X110.677 Y117.629 E.00841
G1 X125.935 Y102.371 E.30346
G1 X126.533 Y102.371 E.00841
G1 X111.275 Y117.629 E.30346
G1 X111.873 Y117.629 E.00841
G1 X127.129 Y102.373 E.30342
G1 X127.135 Y102.957 E.00821
;WIDTH:0.428358
G1 X127.135 Y103.647 E.00944
G1 X126.684 Y103.675 E.00618
G1 X126.189 Y103.905 E.00746
G1 X126.985 Y103.107 E.01541
G1 X125.897 Y104.203 F9000
;WIDTH:0.439999
G1 F2400
G1 X112.471 Y117.629 E.26703
G1 X113.069 Y117.629 E.00841
G1 X125.629 Y105.069 E.2498
G1 X125.714 Y104.936 E.00222
;WIDTH:0.398584
G1 X125.799 Y104.803 E.002
;WIDTH:0.357168
G1 X125.758 Y104.814 E.00048
G1 X125.739 Y104.743 E.00083
G1 X125.81 Y104.762 E.00083
G1 X125.629 Y105.667 F9000
;WIDTH:0.439999
G1 F2400
G1 X113.667 Y117.629 E.23791
G1 X114.265 Y117.629 E.00841
G1 X125.629 Y106.265 E.22601
G1 X125.629 Y106.863 E.00841
G1 X114.863 Y117.629 E.21412
G1 X115.461 Y117.629 E.00841
G1 X125.629 Y107.461 E.20223
G1 X125.629 Y108.059 E.00841
G1 X116.059 Y117.629 E.19033
G1 X116.657 Y117.629 E.00841
G1 X125.629 Y108.657 E.17844
G1 X125.629 Y109.255 E.00841
G1 X117.255 Y117.629 E.16655
G1 X117.853 Y117.629 E.00841
G1 X125.629 Y109.853 E.15465
G1 X125.629 Y110.451 E.00841
G1 X118.451 Y117.629 E.14276
G1 X119.049 Y117.629 E.00841
G1 X125.629 Y111.049 E.13087
G1 X125.629 Y111.647 E.00841
G1 X119.647 Y117.629 E.11897
G1 X120.245 Y117.629 E.00841
G1 X125.629 Y112.245 E.10708
G1 X125.629 Y112.843 E.00841
G1 X120.843 Y117.629 E.09519
G1 X121.441 Y117.629 E.00841
G1 X125.629 Y113.441 E.08329
G1 X125.629 Y114.039 E.00841
G1 X122.039 Y117.629 E.0714
G1 X122.637 Y117.629 E.00841
G1 X125.629 Y114.637 E.05951
G1 X125.653 Y115.211 E.00808
G1 X123.235 Y117.629 E.04809
G1 X123.833 Y117.629 E.00841
G1 X125.801 Y115.66 E.03915
G1 X126.116 Y116.047 E.00702
G1 X126.601 Y116.309 E.00775
G1 X127.129 Y116.359 E.00746
G1 X127.129 Y117.629 E.01786
G1 X124.431 Y117.629 E.03794
G1 X125.918 Y116.141 E.02958
G1 X126.127 Y116.593 E.007
;WIDTH:0.529205
G1 X126.293 Y116.677 E.00317
G1 X126.661 Y116.805 E.00664
G1 X126.661 Y117.161 E.00606
G1 X125.559 Y117.161 E.01877
G1 X125.978 Y116.743 E.01008
;LAYER_CHANGE
;Z:1.48
;HEIGHT:0.08
;BEFORE_LAYER_CHANGE
G92 E0
;1.48


G1 E-3.5 F3600
;WIPE_START
G1 F7200
G1 X125.559 Y117.161 E-.28113
G1 X126.661 Y117.161 E-.52345
G1 X126.661 Y116.805 E-.1691
G1 X126.293 Y116.677 E-.18507
G1 X126.127 Y116.593 E-.08837
G1 X125.918 Y116.141 E-.23654
G1 X125.894 Y116.165 E-.01634
;WIPE_END
G1 Z1.48 F9000
;AFTER_LAYER_CHANGE
;1.48
G1 X126.268 Y115.731
G1 E5 F2400
;TYPE:Perimeter
;WIDTH:0.439999
G1 X126.346 Y115.82 E.00166
G1 X126.722 Y116.01 E.00592
G1 X127.454 Y116.046 E.01031
G1 X127.454 Y117.954 E.02683
G1 X94.046 Y117.954 E.46983
G1 X94.046 Y109.905 E.1132
G1 X93.934 Y109.523 E.0056
G1 X93.752 Y109.268 E.00441
G1 X93.4 Y109.031 E.00597
G1 X93.009 Y108.954 E.0056
G1 X92.546 Y108.954 E.00651
G1 X92.546 Y102.046 E.09715
G1 X127.454 Y102.046 E.49093
G1 X127.454 Y103.954 E.02683
G1 X126.722 Y103.99 E.01031
G1 X126.346 Y104.18 E.00592
G1 X126.102 Y104.458 E.0052
G1 X125.985 Y104.743 E.00433
G1 X125.954 Y104.991 E.00351
G1 X125.954 Y115.009 E.14089
G1 X125.985 Y115.257 E.00351
G1 X126.102 Y115.542 E.00433
G1 X126.228 Y115.686 E.00269
G1 X126.562 Y115.436 F9000
G1 F2400
G1 X126.609 Y115.489 E.001
G1 X126.832 Y115.602 E.00352
G1 X126.991 Y115.623 E.00226
G1 X127.877 Y115.623 E.01246
G1 X127.877 Y118.377 E.03873
G1 X93.623 Y118.377 E.48173
G1 X93.623 Y110 E.11781
G1 X93.589 Y109.79 E.00299
G1 X93.449 Y109.563 E.00375
G1 X93.24 Y109.423 E.00354
G1 X93.009 Y109.377 E.00331
G1 X92.123 Y109.377 E.01246
G1 X92.123 Y101.623 E.10905
G1 X127.877 Y101.623 E.50282
G1 X127.877 Y104.377 E.03873
G1 X126.832 Y104.398 E.0147
G1 X126.609 Y104.511 E.00352
G1 X126.465 Y104.675 E.00307
G1 X126.377 Y104.991 E.00461
G1 X126.377 Y115.009 E.14089
G1 X126.465 Y115.325 E.00461
G1 X126.523 Y115.391 E.00124
G1 X126.854 Y115.141 F9000
;TYPE:External perimeter
;WIDTH:0.419999
G1 F1500
G1 X126.866 Y115.166 E.00037
G1 X126.991 Y115.21 E.00178
G1 X128.29 Y115.21 E.0174
G1 X128.29 Y118.79 E.04797
G1 X93.21 Y118.79 E.47001
G1 X93.21 Y110 E.11777
G1 X93.153 Y109.851 E.00214
G1 X93.009 Y109.79 E.0021
G1 X91.71 Y109.79 E.0174
G1 X91.71 Y101.21 E.11496
G1 X128.29 Y101.21 E.49011
G1 X128.29 Y104.79 E.04797
G1 X126.991 Y104.79 E.0174
G1 X126.866 Y104.834 E.00178
G1 X126.79 Y104.991 E.00234
G1 X126.79 Y115.009 E.13422
G1 X126.828 Y115.087 E.00116
G1 E-3.5 F3600
;WIPE_START
G1 F7200
G1 X126.854 Y115.141 E-.02847
G1 X126.866 Y115.166 E-.01317
G1 X126.991 Y115.21 E-.06295
G1 X128.29 Y115.21 E-.61702
G1 X128.29 Y116.849 E-.77839
;WIPE_END
G1 X127.321 Y102.955 F9000
G1 E5 F2400
;TYPE:Top solid infill
;WIDTH:0.401053
G1 F1800
G1 X126.717 Y102.351 E.01091
G1 X126.174 Y102.351 E.00693
G1 X127.149 Y103.326 E.01761
G1 X127.149 Y103.649 E.00412
G1 X126.936 Y103.655 E.00272
G1 X125.631 Y102.351 E.02356
G1 X125.089 Y102.351 E.00692
G1 X126.501 Y103.764 E.02551
G1 X126.145 Y103.951 E.00513
G1 X124.546 Y102.351 E.02888
G1 X124.003 Y102.351 E.00693
G1 X125.891 Y104.24 E.0341
G1 X125.84 Y104.299 E.001
G1 X125.713 Y104.605 E.00423
G1 X123.46 Y102.351 E.04069
G1 X122.917 Y102.351 E.00693
G1 X125.649 Y105.083 E.04933
G1 X125.649 Y105.626 E.00693
G1 X122.374 Y102.351 E.05914
G1 X121.831 Y102.351 E.00693
G1 X125.649 Y106.169 E.06894
G1 X125.649 Y106.712 E.00693
G1 X121.288 Y102.351 E.07875
G1 X120.745 Y102.351 E.00693
G1 X125.649 Y107.255 E.08855
G1 X125.649 Y107.798 E.00693
G1 X120.202 Y102.351 E.09836
G1 X119.66 Y102.351 E.00692
G1 X125.649 Y108.34 E.10814
G1 X125.649 Y108.883 E.00693
G1 X119.117 Y102.351 E.11795
G1 X118.574 Y102.351 E.00693
G1 X125.649 Y109.426 E.12775
G1 X125.649 Y109.969 E.00693
G1 X118.031 Y102.351 E.13756
G1 X117.488 Y102.351 E.00693
G1 X125.649 Y110.512 E.14736
G1 X125.649 Y111.055 E.00693
G1 X116.945 Y102.351 E.15717
G1 X116.402 Y102.351 E.00693
G1 X125.649 Y111.598 E.16697
G1 X125.649 Y112.141 E.00693
G1 X115.859 Y102.351 E.17678
G1 X115.316 Y102.351 E.00693
G1 X125.649 Y112.684 E.18658
G1 X125.649 Y113.227 E.00693
G1 X114.773 Y102.351 E.19639
G1 X114.231 Y102.351 E.00692
G1 X125.649 Y113.769 E.20617
G1 X125.649 Y114.312 E.00693
G1 X113.688 Y102.351 E.21598
G1 X113.145 Y102.351 E.00693
G1 X125.824 Y115.031 E.22895
G1 X126.969 Y116.175 F9000
G1 F1800
G1 X127.149 Y116.355 E.00325
G1 X127.149 Y116.898 E.00693
G1 X112.602 Y102.351 E.26267
G1 X112.059 Y102.351 E.00693
G1 X127.149 Y117.441 E.27248
G1 X127.149 Y117.649 E.00266
G1 X126.814 Y117.649 E.00428
G1 X111.516 Y102.351 E.27623
G1 X110.973 Y102.351 E.00693
G1 X126.271 Y117.649 E.27623
G1 X125.728 Y117.649 E.00693
G1 X110.43 Y102.351 E.27623
G1 X109.887 Y102.351 E.00693
G1 X125.185 Y117.649 E.27623
G1 X124.642 Y117.649 E.00693
G1 X109.345 Y102.351 E.27622
G1 X108.802 Y102.351 E.00693
G1 X124.099 Y117.649 E.27622
G1 X123.556 Y117.649 E.00693
G1 X108.259 Y102.351 E.27622
G1 X107.716 Y102.351 E.00693
G1 X123.013 Y117.649 E.27622
G1 X122.47 Y117.649 E.00693
G1 X107.173 Y102.351 E.27622
G1 X106.63 Y102.351 E.00693
G1 X121.928 Y117.649 E.27623
G1 X121.385 Y117.649 E.00693
G1 X106.087 Y102.351 E.27623
G1 X105.544 Y102.351 E.00693
G1 X120.842 Y117.649 E.27623
G1 X120.299 Y117.649 E.00693
G1 X105.001 Y102.351 E.27623
G1 X104.458 Y102.351 E.00693
G1 X119.756 Y117.649 E.27623
G1 X119.213 Y117.649 E.00693
G1 X103.916 Y102.351 E.27622
G1 X103.373 Y102.351 E.00693
G1 X118.67 Y117.649 E.27622
G1 X118.127 Y117.649 E.00693
G1 X102.83 Y102.351 E.27622
G1 X102.287 Y102.351 E.00693
G1 X117.584 Y117.649 E.27622
G1 X117.042 Y117.649 E.00692
G1 X101.744 Y102.351 E.27623
G1 X101.201 Y102.351 E.00693
G1 X116.499 Y117.649 E.27623
G1 X115.956 Y117.649 E.00693
G1 X100.658 Y102.351 E.27623
G1 X100.115 Y102.351 E.00693
G1 X115.413 Y117.649 E.27623
G1 X114.87 Y117.649 E.00693
G1 X99.572 Y102.351 E.27623
G1 X99.03 Y102.351 E.00692
G1 X114.327 Y117.649 E.27622
G1 X113.784 Y117.649 E.00693
G1 X98.487 Y102.351 E.27622
G1 X97.944 Y102.351 E.00693
G1 X113.241 Y117.649 E.27622
G1 X112.698 Y117.649 E.00693
G1 X97.401 Y102.351 E.27622
G1 X96.858 Y102.351 E.00693
G1 X112.155 Y117.649 E.27622
G1 X111.613 Y117.649 E.00692
G1 X96.315 Y102.351 E.27623
G1 X95.772 Y102.351 E.00693
G1 X111.07 Y117.649 E.27623
G1 X110.527 Y117.649 E.00693
G1 X95.229 Y102.351 E.27623
G1 X94.686 Y102.351 E.00693
G1 X109.984 Y117.649 E.27623
G1 X109.441 Y117.649 E.00693
G1 X94.143 Y102.351 E.27623
G1 X93.601 Y102.351 E.00692
G1 X108.898 Y117.649 E.27622
G1 X108.355 Y117.649 E.00693
G1 X93.058 Y102.351 E.27622
G1 X92.851 Y102.351 E.00264
G1 X92.851 Y102.688 E.0043
G1 X107.812 Y117.649 E.27015
G1 X107.269 Y117.649 E.00693
G1 X92.851 Y103.231 E.26034
G1 X92.851 Y103.773 E.00692
G1 X106.727 Y117.649 E.25056
G1 X106.184 Y117.649 E.00693
G1 X92.851 Y104.316 E.24075
G1 X92.851 Y104.859 E.00693
G1 X105.641 Y117.649 E.23095
G1 X105.098 Y117.649 E.00693
G1 X92.851 Y105.402 E.22114
G1 X92.851 Y105.945 E.00693
G1 X104.555 Y117.649 E.21134
G1 X104.012 Y117.649 E.00693
G1 X92.851 Y106.488 E.20153
G1 X92.851 Y107.031 E.00693
G1 X103.469 Y117.649 E.19173
G1 X102.926 Y117.649 E.00693
G1 X92.851 Y107.574 E.18192
G1 X92.851 Y108.117 E.00693
G1 X102.383 Y117.649 E.17212
G1 X101.84 Y117.649 E.00693
G1 X94.345 Y110.153 E.13534
G1 X94.346 Y110.697 E.00695
G1 X101.298 Y117.649 E.12553
G1 X100.755 Y117.649 E.00693
G1 X94.346 Y111.24 E.11573
G1 X94.346 Y111.783 E.00693
G1 X100.212 Y117.649 E.10592
G1 X99.669 Y117.649 E.00693
G1 X94.347 Y112.327 E.0961
G1 X94.347 Y112.87 E.00693
G1 X99.126 Y117.649 E.08629
G1 X98.583 Y117.649 E.00693
G1 X94.348 Y113.413 E.07648
G1 X94.348 Y113.957 E.00695
G1 X98.04 Y117.649 E.06667
G1 X97.497 Y117.649 E.00693
G1 X94.349 Y114.5 E.05685
G1 X94.349 Y115.043 E.00693
G1 X96.954 Y117.649 E.04705
G1 X96.412 Y117.649 E.00692
G1 X94.349 Y115.587 E.03724
G1 X94.35 Y116.13 E.00693
G1 X95.869 Y117.649 E.02743
G1 X95.326 Y117.649 E.00693
G1 X94.35 Y116.673 E.01762
G1 X94.351 Y117.217 E.00695
G1 X94.955 Y117.821 E.01091
M106 S127.5
;LAYER_CHANGE
;Z:1.56
;HEIGHT:0.0799999
;BEFORE_LAYER_CHANGE
G92 E0
;1.56


G1 E-3.5 F3600
;WIPE_START
G1 F7200
G1 X94.351 Y117.217 E-.40574
G1 X94.35 Y116.673 E-.2584
G1 X95.326 Y117.649 E-.65563
G1 X95.705 Y117.649 E-.18023
;WIPE_END
G1 Z1.56 F9000
;AFTER_LAYER_CHANGE
;1.56
G1 X92.25 Y109.25
G1 E5 F2400
;TYPE:Perimeter
;WIDTH:0.694338
G1 F900
G1 X92.25 Y101.75 E.16892
G1 X91.71 Y101.21 F9000
;TYPE:External perimeter
;WIDTH:0.419999
G1 F900
G1 X92.79 Y101.21 E.01447
G1 X92.79 Y109.79 E.11496
G1 X91.71 Y109.79 E.01447
G1 X91.71 Y101.27 E.11415
G1 E-3.5 F3600
;WIPE_START
G1 F7200
G1 X91.71 Y101.21 E-.0285
G1 X92.79 Y101.21 E-.513
G1 X92.79 Y103.228 E-.9585
;WIPE_END
G1 X127.75 Y104.25 F9000
G1 E5 F2400
;TYPE:Perimeter
;WIDTH:0.694338
G1 F900
G1 X127.75 Y101.75 E.05631
G1 X127.21 Y101.21 F9000
;TYPE:External perimeter
;WIDTH:0.419999
G1 F900
G1 X128.29 Y101.21 E.01447
G1 X128.29 Y104.79 E.04797
G1 X127.21 Y104.79 E.01447
G1 X127.21 Y101.27 E.04716
G1 E-3.5 F3600
;WIPE_START
G1 F7200
G1 X127.21 Y101.21 E-.0285
G1 X128.29 Y101.21 E-.513
G1 X128.29 Y103.228 E-.9585
;WIPE_END
G1 X127.75 Y118.25 F9000
G1 E5 F2400
;TYPE:Perimeter
;WIDTH:0.694338
G1 F900
G1 X127.75 Y115.75 E.05631
G1 X127.21 Y115.21 F9000
;TYPE:External perimeter
;WIDTH:0.419999
G1 F900
G1 X128.29 Y115.21 E.01447
G1 X128.29 Y118.79 E.04797
G1 X127.21 Y118.79 E.01447
G1 X127.21 Y115.27 E.04716
;LAYER_CHANGE
;Z:1.625
;HEIGHT:0.0650001
;BEFORE_LAYER_CHANGE
G92 E0
;1.625


G1 E-3.5 F3600
;WIPE_START
G1 F7200
G1 X127.21 Y115.21 E-.0285
G1 X128.29 Y115.21 E-.513
G1 X128.29 Y117.228 E-.9585
;WIPE_END
G1 Z1.625 F9000
;AFTER_LAYER_CHANGE
;1.625
G1 X127.423 Y114.577
G1 E5 F2400
;TYPE:Support material
;WIDTH:0.36
;HEIGHT:0.285
G1 F900
G1 X127.423 Y114.028 E.01944
G1 X127.457 Y114.559 E.01884
G1 E-3.5 F3600
;WIPE_START
G1 F7200
G1 X127.423 Y114.028 E-.25274
G1 X127.423 Y114.577 E-.26077
;WIPE_END
G1 E-.98649 F3600
G1 X127.423 Y105.972 F9000
G1 E5 F2400
G1 F900
G1 X127.457 Y105.423 E.01948
G1 X127.423 Y105.8 E.0134
;LAYER_CHANGE
;Z:1.64
;HEIGHT:0.015
;BEFORE_LAYER_CHANGE
G92 E0
;1.64


G1 E-3.5 F3600
;WIPE_START
G1 F7200
G1 X127.457 Y105.423 E-.1798
G1 X127.423 Y105.972 E-.26127
;WIPE_END
G1 E-1.05893 F3600
G1 Z1.64 F9000
;AFTER_LAYER_CHANGE
;1.64
G1 X92.25 Y109.25
G1 E5 F2400
;TYPE:Perimeter
;WIDTH:0.694338
;HEIGHT:0.08
G1 F900
G1 X92.25 Y101.75 E.16892
G1 X91.71 Y101.21 F9000
;TYPE:External perimeter
;WIDTH:0.419999
G1 F900
G1 X92.79 Y101.21 E.01447
G1 X92.79 Y109.79 E.11496
G1 X91.71 Y109.79 E.01447
G1 X91.71 Y101.27 E.11415
G1 E-3.5 F3600
;WIPE_START
G1 F7200
G1 X91.71 Y101.21 E-.0285
G1 X92.79 Y101.21 E-.513
G1 X92.79 Y103.228 E-.9585
;WIPE_END
G1 X127.75 Y104.25 F9000
G1 E5 F2400
;TYPE:Perimeter
;WIDTH:0.694338
G1 F900
G1 X127.75 Y101.75 E.05631
G1 X127.21 Y101.21 F9000
;TYPE:External perimeter
;WIDTH:0.419999
G1 F900
G1 X128.29 Y101.21 E.01447
G1 X128.29 Y104.79 E.04797
G1 X127.21 Y104.79 E.01447
G1 X127.21 Y101.27 E.04716
G1 E-3.5 F3600
;WIPE_START
G1 F7200
G1 X127.21 Y101.21 E-.0285
G1 X128.29 Y101.21 E-.513
G1 X128.29 Y103.228 E-.9585
;WIPE_END
G1 X127.75 Y118.25 F9000
G1 E5 F2400
;TYPE:Perimeter
;WIDTH:0.694338
G1 F900
G1 X127.75 Y115.75 E.05631
G1 X127.21 Y115.21 F9000
;TYPE:External perimeter
;WIDTH:0.419999
G1 F900
G1 X128.29 Y115.21 E.01447
G1 X128.29 Y118.79 E.04797
G1 X127.21 Y118.79 E.01447
G1 X127.21 Y115.27 E.04716
;LAYER_CHANGE
;Z:1.72
;HEIGHT:0.08
;BEFORE_LAYER_CHANGE
G92 E0
;1.72


G1 E-3.5 F3600
;WIPE_START
G1 F7200
G1 X127.21 Y115.21 E-.0285
G1 X128.29 Y115.21 E-.513
G1 X128.29 Y117.228 E-.9585
;WIPE_END
G1 Z1.72 F9000
;AFTER_LAYER_CHANGE
;1.72
G1 X92.25 Y109.25
G1 E5 F2400
;TYPE:Perimeter
;WIDTH:0.694338
G1 F900
G1 X92.25 Y101.75 E.16892
G1 X91.71 Y101.21 F9000
;TYPE:External perimeter
;WIDTH:0.419999
G1 F900
G1 X92.79 Y101.21 E.01447
G1 X92.79 Y109.79 E.11496
G1 X91.71 Y109.79 E.01447
G1 X91.71 Y101.27 E.11415
G1 E-3.5 F3600
;WIPE_START
G1 F7200
G1 X91.71 Y101.21 E-.0285
G1 X92.79 Y101.21 E-.513
G1 X92.79 Y103.228 E-.9585
;WIPE_END
G1 X127.75 Y104.25 F9000
G1 E5 F2400
;TYPE:Perimeter
;WIDTH:0.694338
G1 F900
G1 X127.75 Y101.75 E.05631
G1 X127.21 Y101.21 F9000
;TYPE:External perimeter
;WIDTH:0.419999
G1 F900
G1 X128.29 Y101.21 E.01447
G1 X128.29 Y104.79 E.04797
G1 X127.21 Y104.79 E.01447
G1 X127.21 Y101.27 E.04716
G1 E-3.5 F3600
;WIPE_START
G1 F7200
G1 X127.21 Y101.21 E-.0285
G1 X128.29 Y101.21 E-.513
G1 X128.29 Y103.228 E-.9585
;WIPE_END
G1 X127.75 Y118.25 F9000
G1 E5 F2400
;TYPE:Perimeter
;WIDTH:0.694338
G1 F900
G1 X127.75 Y115.75 E.05631
G1 X127.21 Y115.21 F9000
;TYPE:External perimeter
;WIDTH:0.419999
G1 F900
G1 X128.29 Y115.21 E.01447
G1 X128.29 Y118.79 E.04797
G1 X127.21 Y118.79 E.01447
G1 X127.21 Y115.27 E.04716
;LAYER_CHANGE
;Z:1.8
;HEIGHT:0.0799999
;BEFORE_LAYER_CHANGE
G92 E0
;1.8


G1 E-3.5 F3600
;WIPE_START
G1 F7200
G1 X127.21 Y115.21 E-.0285
G1 X128.29 Y115.21 E-.513
G1 X128.29 Y117.228 E-.9585
;WIPE_END
G1 Z1.8 F9000
;AFTER_LAYER_CHANGE
;1.8
G1 X92.25 Y109.25
G1 E5 F2400
;TYPE:Perimeter
;WIDTH:0.694338
G1 F900
G1 X92.25 Y101.75 E.16892
G1 X91.71 Y101.21 F9000
;TYPE:External perimeter
;WIDTH:0.419999
G1 F900
G1 X92.79 Y101.21 E.01447
G1 X92.79 Y109.79 E.11496
G1 X91.71 Y109.79 E.01447
G1 X91.71 Y101.27 E.11415
G1 E-3.5 F3600
;WIPE_START
G1 F7200
G1 X91.71 Y101.21 E-.0285
G1 X92.79 Y101.21 E-.513
G1 X92.79 Y103.228 E-.9585
;WIPE_END
G1 X127.75 Y104.25 F9000
G1 E5 F2400
;TYPE:Perimeter
;WIDTH:0.694338
G1 F900
G1 X127.75 Y101.75 E.05631
G1 X127.21 Y101.21 F9000
;TYPE:External perimeter
;WIDTH:0.419999
G1 F900
G1 X128.29 Y101.21 E.01447
G1 X128.29 Y104.79 E.04797
G1 X127.21 Y104.79 E.01447
G1 X127.21 Y101.27 E.04716
G1 E-3.5 F3600
;WIPE_START
G1 F7200
G1 X127.21 Y101.21 E-.0285
G1 X128.29 Y101.21 E-.513
G1 X128.29 Y103.228 E-.9585
;WIPE_END
G1 X127.75 Y118.25 F9000
G1 E5 F2400
;TYPE:Perimeter
;WIDTH:0.694338
G1 F900
G1 X127.75 Y115.75 E.05631
G1 X127.21 Y115.21 F9000
;TYPE:External perimeter
;WIDTH:0.419999
G1 F900
G1 X128.29 Y115.21 E.01447
G1 X128.29 Y118.79 E.04797
G1 X127.21 Y118.79 E.01447
G1 X127.21 Y115.27 E.04716
;LAYER_CHANGE
;Z:1.88
;HEIGHT:0.08
;BEFORE_LAYER_CHANGE
G92 E0
;1.88


G1 E-3.5 F3600
;WIPE_START
G1 F7200
G1 X127.21 Y115.21 E-.0285
G1 X128.29 Y115.21 E-.513
G1 X128.29 Y117.228 E-.9585
;WIPE_END
G1 Z1.88 F9000
;AFTER_LAYER_CHANGE
;1.88
G1 X92.25 Y109.25
G1 E5 F2400
;TYPE:Perimeter
;WIDTH:0.694338
G1 F900
G1 X92.25 Y101.75 E.16892
G1 X91.71 Y101.21 F9000
;TYPE:External perimeter
;WIDTH:0.419999
G1 F900
G1 X92.79 Y101.21 E.01447
G1 X92.79 Y109.79 E.11496
G1 X91.71 Y109.79 E.01447
G1 X91.71 Y101.27 E.11415
G1 E-3.5 F3600
;WIPE_START
G1 F7200
G1 X91.71 Y101.21 E-.0285
G1 X92.79 Y101.21 E-.513
G1 X92.79 Y103.228 E-.9585
;WIPE_END
G1 X127.75 Y104.25 F9000
G1 E5 F2400
;TYPE:Perimeter
;WIDTH:0.694338
G1 F900
G1 X127.75 Y101.75 E.05631
G1 X127.21 Y101.21 F9000
;TYPE:External perimeter
;WIDTH:0.419999
G1 F900
G1 X128.29 Y101.21 E.01447
G1 X128.29 Y104.79 E.04797
G1 X127.21 Y104.79 E.01447
G1 X127.21 Y101.27 E.04716
G1 E-3.5 F3600
;WIPE_START
G1 F7200
G1 X127.21 Y101.21 E-.0285
G1 X128.29 Y101.21 E-.513
G1 X128.29 Y103.228 E-.9585
;WIPE_END
G1 X127.75 Y118.25 F9000
G1 E5 F2400
;TYPE:Perimeter
;WIDTH:0.694338
G1 F900
G1 X127.75 Y115.75 E.05631
G1 X127.21 Y115.21 F9000
;TYPE:External perimeter
;WIDTH:0.419999
G1 F900
G1 X128.29 Y115.21 E.01447
G1 X128.29 Y118.79 E.04797
G1 X127.21 Y118.79 E.01447
G1 X127.21 Y115.27 E.04716
;LAYER_CHANGE
;Z:1.91
;HEIGHT:0.03
;BEFORE_LAYER_CHANGE
G92 E0
;1.91


G1 E-3.5 F3600
;WIPE_START
G1 F7200
G1 X127.21 Y115.21 E-.0285
G1 X128.29 Y115.21 E-.513
G1 X128.29 Y117.228 E-.9585
;WIPE_END
G1 Z1.91 F9000
;AFTER_LAYER_CHANGE
;1.91
G1 X93.544 Y110.189
G1 E5 F2400
;TYPE:Support material interface
;WIDTH:0.28
;HEIGHT:0.28
G1 F900
G1 X93.41 Y110.189 E.00343
G1 X93.423 Y103.097 E.18156
G1 X93.715 Y103.097 E.00748
G1 X93.715 Y110.189 E.18156
G1 X94.258 Y110.189 E.0139
G1 X94.258 Y103.097 E.18156
G1 X94.801 Y103.097 E.0139
G1 X94.801 Y110.189 E.18156
G1 X95.344 Y110.152 E.01393
G1 X95.344 Y103.134 E.17966
G1 E-3.5 F3600
;WIPE_START
G1 F7200
G1 X95.344 Y106.292 E-1.5
;WIPE_END
G1 X124.656 Y106.123 F9000
G1 E5 F2400
G1 F900
G1 X124.656 Y100.848 E.13504
G1 X125.199 Y100.811 E.01393
G1 X125.199 Y106.16 E.13693
G1 X125.742 Y106.16 E.0139
G1 X125.742 Y100.811 E.13693
G1 X126.285 Y100.811 E.0139
G1 X126.285 Y106.16 E.13693
G1 X126.828 Y106.16 E.0139
G1 X126.828 Y105.423 E.01887
G1 X127.189 Y105.423 E.00924
G1 X127.189 Y106.05 E.01605
G1 X126.999 Y106.16 E.00562
G1 X127.423 Y105.972 F9000
;TYPE:Support material
;WIDTH:0.36
;HEIGHT:0.285
G1 F900
G1 X127.457 Y105.423 E.01948
G1 X127.423 Y105.8 E.0134
G1 E-3.5 F3600
;WIPE_START
G1 F7200
G1 X127.457 Y105.423 E-.1798
G1 X127.423 Y105.972 E-.26127
;WIPE_END
G1 E-1.05893 F3600
G1 X127.457 Y114.559 F9000
G1 E5 F2400
G1 F900
G1 X127.423 Y114.028 E.01884
G1 X127.423 Y114.577 E.01944
G1 X126.999 Y114.577 F9000
;TYPE:Support material interface
;WIDTH:0.28
;HEIGHT:0.28
G1 F900
G1 X127.189 Y114.577 E.00486
G1 X127.189 Y113.95 E.01605
G1 X127.078 Y113.84 E.004
G1 X126.828 Y113.84 E.0064
G1 X126.828 Y114.577 E.01887
G1 X126.577 Y114.825 E.00903
G1 X126.59 Y119.189 E.11172
G1 X126.285 Y119.189 E.00781
G1 X126.285 Y113.84 E.13693
G1 X125.742 Y113.84 E.0139
G1 X125.742 Y119.189 E.13693
G1 X125.199 Y119.189 E.0139
G1 X125.199 Y113.84 E.13693
G1 X124.656 Y113.877 E.01393
G1 X124.656 Y119.152 E.13504
;LAYER_CHANGE
;Z:1.96
;HEIGHT:0.0500001
;BEFORE_LAYER_CHANGE
G92 E0
;1.96


G1 E-3.5 F3600
;WIPE_START
G1 F7200
G1 X124.656 Y115.994 E-1.5
;WIPE_END
G1 Z1.96 F9000
;AFTER_LAYER_CHANGE
;1.96
G1 X92.25 Y109.25
G1 E5 F2400
;TYPE:Perimeter
;WIDTH:0.694338
;HEIGHT:0.08
G1 F900
G1 X92.25 Y101.75 E.16892
G1 X91.71 Y101.21 F9000
;TYPE:External perimeter
;WIDTH:0.419999
G1 F900
G1 X92.79 Y101.21 E.01447
G1 X92.79 Y109.79 E.11496
G1 X91.71 Y109.79 E.01447
G1 X91.71 Y101.27 E.11415
G1 E-3.5 F3600
;WIPE_START
G1 F7200
G1 X91.71 Y101.21 E-.0285
G1 X92.79 Y101.21 E-.513
G1 X92.79 Y103.228 E-.9585
;WIPE_END
G1 X127.75 Y104.25 F9000
G1 E5 F2400
;TYPE:Perimeter
;WIDTH:0.694338
G1 F900
G1 X127.75 Y101.75 E.05631
G1 X127.21 Y101.21 F9000
;TYPE:External perimeter
;WIDTH:0.419999
G1 F900
G1 X128.29 Y101.21 E.01447
G1 X128.29 Y104.79 E.04797
G1 X127.21 Y104.79 E.01447
G1 X127.21 Y101.27 E.04716
G1 E-3.5 F3600
;WIPE_START
G1 F7200
G1 X127.21 Y101.21 E-.0285
G1 X128.29 Y101.21 E-.513
G1 X128.29 Y103.228 E-.9585
;WIPE_END
G1 X127.75 Y118.25 F9000
G1 E5 F2400
;TYPE:Perimeter
;WIDTH:0.694338
G1 F900
G1 X127.75 Y115.75 E.05631
G1 X127.21 Y115.21 F9000
;TYPE:External perimeter
;WIDTH:0.419999
G1 F900
G1 X128.29 Y115.21 E.01447
G1 X128.29 Y118.79 E.04797
G1 X127.21 Y118.79 E.01447
G1 X127.21 Y115.27 E.04716
;LAYER_CHANGE
;Z:2.04
;HEIGHT:0.0799999
;BEFORE_LAYER_CHANGE
G92 E0
;2.04


G1 E-3.5 F3600
;WIPE_START
G1 F7200
G1 X127.21 Y115.21 E-.0285
G1 X128.29 Y115.21 E-.513
G1 X128.29 Y117.228 E-.9585
;WIPE_END
G1 Z2.04 F9000
;AFTER_LAYER_CHANGE
;2.04
G1 X92.25 Y109.25
G1 E5 F2400
;TYPE:Perimeter
;WIDTH:0.694338
G1 F900
G1 X92.25 Y101.75 E.16892
G1 X91.71 Y101.21 F9000
;TYPE:External perimeter
;WIDTH:0.419999
G1 F900
G1 X92.79 Y101.21 E.01447
G1 X92.79 Y109.79 E.11496
G1 X91.71 Y109.79 E.01447
G1 X91.71 Y101.27 E.11415
G1 E-3.5 F3600
;WIPE_START
G1 F7200
G1 X91.71 Y101.21 E-.0285
G1 X92.79 Y101.21 E-.513
G1 X92.79 Y103.228 E-.9585
;WIPE_END
G1 X127.75 Y104.25 F9000
G1 E5 F2400
;TYPE:Perimeter
;WIDTH:0.694338
G1 F900
G1 X127.75 Y101.75 E.05631
G1 X127.21 Y101.21 F9000
;TYPE:External perimeter
;WIDTH:0.419999
G1 F900
G1 X128.29 Y101.21 E.01447
G1 X128.29 Y104.79 E.04797
G1 X127.21 Y104.79 E.01447
G1 X127.21 Y101.27 E.04716
G1 E-3.5 F3600
;WIPE_START
G1 F7200
G1 X127.21 Y101.21 E-.0285
G1 X128.29 Y101.21 E-.513
G1 X128.29 Y103.228 E-.9585
;WIPE_END
G1 X127.75 Y118.25 F9000
G1 E5 F2400
;TYPE:Perimeter
;WIDTH:0.694338
G1 F900
G1 X127.75 Y115.75 E.05631
G1 X127.21 Y115.21 F9000
;TYPE:External perimeter
;WIDTH:0.419999
G1 F900
G1 X128.29 Y115.21 E.01447
G1 X128.29 Y118.79 E.04797
G1 X127.21 Y118.79 E.01447
G1 X127.21 Y115.27 E.04716
;LAYER_CHANGE
;Z:2.12
;HEIGHT:0.0799999
;BEFORE_LAYER_CHANGE
G92 E0
;2.12


G1 E-3.5 F3600
;WIPE_START
G1 F7200
G1 X127.21 Y115.21 E-.0285
G1 X128.29 Y115.21 E-.513
G1 X128.29 Y117.228 E-.9585
;WIPE_END
G1 Z2.12 F9000
;AFTER_LAYER_CHANGE
;2.12
G1 X92.25 Y109.25
G1 E5 F2400
;TYPE:Perimeter
;WIDTH:0.694338
G1 F900
G1 X92.25 Y101.75 E.16892
G1 X91.71 Y101.21 F9000
;TYPE:External perimeter
;WIDTH:0.419999
G1 F900
G1 X92.79 Y101.21 E.01447
G1 X92.79 Y109.79 E.11496
G1 X91.71 Y109.79 E.01447
G1 X91.71 Y101.27 E.11415
G1 E-3.5 F3600
;WIPE_START
G1 F7200
G1 X91.71 Y101.21 E-.0285
G1 X92.79 Y101.21 E-.513
G1 X92.79 Y103.228 E-.9585
;WIPE_END
G1 X127.75 Y104.25 F9000
G1 E5 F2400
;TYPE:Perimeter
;WIDTH:0.694338
G1 F900
G1 X127.75 Y101.75 E.05631
G1 X127.21 Y101.21 F9000
;TYPE:External perimeter
;WIDTH:0.419999
G1 F900
G1 X128.29 Y101.21 E.01447
G1 X128.29 Y104.79 E.04797
G1 X127.21 Y104.79 E.01447
G1 X127.21 Y101.27 E.04716
G1 E-3.5 F3600
;WIPE_START
G1 F7200
G1 X127.21 Y101.21 E-.0285
G1 X128.29 Y101.21 E-.513
G1 X128.29 Y103.228 E-.9585
;WIPE_END
G1 X127.75 Y118.25 F9000
G1 E5 F2400
;TYPE:Perimeter
;WIDTH:0.694338
G1 F900
G1 X127.75 Y115.75 E.05631
G1 X127.21 Y115.21 F9000
;TYPE:External perimeter
;WIDTH:0.419999
G1 F900
G1 X128.29 Y115.21 E.01447
G1 X128.29 Y118.79 E.04797
G1 X127.21 Y118.79 E.01447
G1 X127.21 Y115.27 E.04716
;LAYER_CHANGE
;Z:2.2
;HEIGHT:0.0800002
;BEFORE_LAYER_CHANGE
G92 E0
;2.2


G1 E-3.5 F3600
;WIPE_START
G1 F7200
G1 X127.21 Y115.21 E-.0285
G1 X128.29 Y115.21 E-.513
G1 X128.29 Y117.228 E-.9585
;WIPE_END
G1 Z2.2 F9000
;AFTER_LAYER_CHANGE
;2.2
G1 X92.25 Y109.25
G1 E5 F2400
;TYPE:Perimeter
;WIDTH:0.694338
G1 F900
G1 X92.25 Y101.75 E.16892
G1 X91.71 Y101.21 F9000
;TYPE:External perimeter
;WIDTH:0.419999
G1 F900
G1 X92.79 Y101.21 E.01447
G1 X92.79 Y109.79 E.11496
G1 X91.71 Y109.79 E.01447
G1 X91.71 Y101.27 E.11415
G1 E-3.5 F3600
;WIPE_START
G1 F7200
G1 X91.71 Y101.21 E-.0285
G1 X92.79 Y101.21 E-.513
G1 X92.79 Y103.228 E-.9585
;WIPE_END
G1 X127.75 Y104.25 F9000
G1 E5 F2400
;TYPE:Perimeter
;WIDTH:0.694338
G1 F900
G1 X127.75 Y101.75 E.05631
G1 X127.21 Y101.21 F9000
;TYPE:External perimeter
;WIDTH:0.419999
G1 F900
G1 X128.29 Y101.21 E.01447
G1 X128.29 Y104.79 E.04797
G1 X127.21 Y104.79 E.01447
G1 X127.21 Y101.27 E.04716
G1 E-3.5 F3600
;WIPE_START
G1 F7200
G1 X127.21 Y101.21 E-.0285
G1 X128.29 Y101.21 E-.513
G1 X128.29 Y103.228 E-.9585
;WIPE_END
G1 X127.75 Y118.25 F9000
G1 E5 F2400
;TYPE:Perimeter
;WIDTH:0.694338
G1 F900
G1 X127.75 Y115.75 E.05631
G1 X127.21 Y115.21 F9000
;TYPE:External perimeter
;WIDTH:0.419999
G1 F900
G1 X128.29 Y115.21 E.01447
G1 X128.29 Y118.79 E.04797
G1 X127.21 Y118.79 E.01447
G1 X127.21 Y115.27 E.04716
;LAYER_CHANGE
;Z:2.21038
;HEIGHT:0.010381
;BEFORE_LAYER_CHANGE
G92 E0
;2.21038


G1 E-3.5 F3600
;WIPE_START
G1 F7200
G1 X127.21 Y115.21 E-.0285
G1 X128.29 Y115.21 E-.513
G1 X128.29 Y117.228 E-.9585
;WIPE_END
G1 Z2.21 F9000
;AFTER_LAYER_CHANGE
;2.21038
G1 X125.028 Y119.189
G1 E5 F2400
;TYPE:Support material interface
;WIDTH:0.36
;HEIGHT:0.300381
G1 F900
G1 X124.771 Y119.189 E.00949
G1 X124.771 Y114.028 E.19048
G1 X125.199 Y114.028 E.0158
G1 X125.199 Y119.189 E.19048
G1 X125.742 Y119.189 E.02004
G1 X125.742 Y114.028 E.19048
G1 X126.285 Y114.028 E.02004
G1 X126.285 Y119.189 E.19048
G1 X126.59 Y119.189 E.01126
G1 X126.577 Y114.825 E.16107
G1 X126.828 Y114.577 E.01302
G1 X126.828 Y114.028 E.02026
G1 X127.189 Y114.028 E.01332
G1 X127.189 Y114.577 E.02026
G1 X126.999 Y114.577 E.00701
G1 E-3.5 F3600
;WIPE_START
G1 F7200
G1 X127.189 Y114.577 E-.09025
G1 X127.189 Y114.028 E-.26077
G1 X126.828 Y114.028 E-.17148
G1 X126.828 Y114.577 E-.26077
G1 X126.577 Y114.825 E-.16761
G1 X126.58 Y115.981 E-.54912
;WIPE_END
G1 X126.999 Y105.972 F9000
G1 E5 F2400
G1 F900
G1 X127.189 Y105.972 E.00701
G1 X127.189 Y105.423 E.02026
G1 X126.828 Y105.423 E.01332
G1 X126.828 Y105.972 E.02026
G1 X126.285 Y105.972 E.02004
G1 X126.285 Y100.811 E.19048
G1 X125.742 Y100.811 E.02004
G1 X125.742 Y105.972 E.19048
G1 X125.199 Y105.972 E.02004
G1 X125.199 Y100.811 E.19048
G1 X124.771 Y100.811 E.0158
G1 X124.771 Y105.972 E.19048
G1 X125.028 Y105.972 E.00949
G1 E-3.5 F3600
;WIPE_START
G1 F7200
G1 X124.771 Y105.972 E-.12208
G1 X124.771 Y103.071 E-1.37792
;WIPE_END
G1 X94.972 Y110 F9000
G1 E5 F2400
G1 F900
G1 X95.229 Y110 E.00949
G1 X95.229 Y103.286 E.2478
G1 X94.801 Y103.286 E.0158
G1 X94.801 Y110 E.2478
G1 X94.258 Y110 E.02004
G1 X94.258 Y103.286 E.2478
G1 X93.715 Y103.286 E.02004
G1 X93.715 Y110 E.2478
G1 X93.423 Y110 E.01078
G1 X93.423 Y103.286 E.2478
G1 X93.544 Y103.286 E.00447
;LAYER_CHANGE
;Z:2.28
;HEIGHT:0.0696189
;BEFORE_LAYER_CHANGE
G92 E0
;2.28


G1 E-3.5 F3600
;WIPE_START
G1 F7200
G1 X93.423 Y103.286 E-.05747
G1 X93.423 Y106.323 E-1.44253
;WIPE_END
G1 Z2.28 F9000
;AFTER_LAYER_CHANGE
;2.28
G1 X92.25 Y109.25
G1 E5 F2400
;TYPE:Perimeter
;WIDTH:0.694338
;HEIGHT:0.08
G1 F900
G1 X92.25 Y101.75 E.16892
G1 X91.71 Y101.21 F9000
;TYPE:External perimeter
;WIDTH:0.419999
G1 F900
G1 X92.79 Y101.21 E.01447
G1 X92.79 Y109.79 E.11496
G1 X91.71 Y109.79 E.01447
G1 X91.71 Y101.27 E.11415
G1 E-3.5 F3600
;WIPE_START
G1 F7200
G1 X91.71 Y101.21 E-.0285
G1 X92.79 Y101.21 E-.513
G1 X92.79 Y103.228 E-.9585
;WIPE_END
G1 X127.75 Y104.25 F9000
G1 E5 F2400
;TYPE:Perimeter
;WIDTH:0.694338
G1 F900
G1 X127.75 Y101.75 E.05631
G1 X127.21 Y101.21 F9000
;TYPE:External perimeter
;WIDTH:0.419999
G1 F900
G1 X128.29 Y101.21 E.01447
G1 X128.29 Y104.79 E.04797
G1 X127.21 Y104.79 E.01447
G1 X127.21 Y101.27 E.04716
G1 E-3.5 F3600
;WIPE_START
G1 F7200
G1 X127.21 Y101.21 E-.0285
G1 X128.29 Y101.21 E-.513
G1 X128.29 Y103.228 E-.9585
;WIPE_END
G1 X127.75 Y118.25 F9000
G1 E5 F2400
;TYPE:Perimeter
;WIDTH:0.694338
G1 F900
G1 X127.75 Y115.75 E.05631
G1 X127.21 Y115.21 F9000
;TYPE:External perimeter
;WIDTH:0.419999
G1 F900
G1 X128.29 Y115.21 E.01447
G1 X128.29 Y118.79 E.04797
G1 X127.21 Y118.79 E.01447
G1 X127.21 Y115.27 E.04716
;LAYER_CHANGE
;Z:2.36
;HEIGHT:0.0799999
;BEFORE_LAYER_CHANGE
G92 E0
;2.36


G1 E-3.5 F3600
;WIPE_START
G1 F7200
G1 X127.21 Y115.21 E-.0285
G1 X128.29 Y115.21 E-.513
G1 X128.29 Y117.228 E-.9585
;WIPE_END
G1 Z2.36 F9000
;AFTER_LAYER_CHANGE
;2.36
G1 X92.25 Y109.25
G1 E5 F2400
;TYPE:Perimeter
;WIDTH:0.694338
G1 F900
G1 X92.25 Y101.75 E.16892
G1 X91.71 Y101.21 F9000
;TYPE:External perimeter
;WIDTH:0.419999
G1 F900
G1 X92.79 Y101.21 E.01447
G1 X92.79 Y109.79 E.11496
G1 X91.71 Y109.79 E.01447
G1 X91.71 Y101.27 E.11415
G1 E-3.5 F3600
;WIPE_START
G1 F7200
G1 X91.71 Y101.21 E-.0285
G1 X92.79 Y101.21 E-.513
G1 X92.79 Y103.228 E-.9585
;WIPE_END
G1 X127.75 Y104.25 F9000
G1 E5 F2400
;TYPE:Perimeter
;WIDTH:0.694338
G1 F900
G1 X127.75 Y101.75 E.05631
G1 X127.21 Y101.21 F9000
;TYPE:External perimeter
;WIDTH:0.419999
G1 F900
G1 X128.29 Y101.21 E.01447
G1 X128.29 Y104.79 E.04797
G1 X127.21 Y104.79 E.01447
G1 X127.21 Y101.27 E.04716
G1 E-3.5 F3600
;WIPE_START
G1 F7200
G1 X127.21 Y101.21 E-.0285
G1 X128.29 Y101.21 E-.513
G1 X128.29 Y103.228 E-.9585
;WIPE_END
G1 X127.75 Y118.25 F9000
G1 E5 F2400
;TYPE:Perimeter
;WIDTH:0.694338
G1 F900
G1 X127.75 Y115.75 E.05631
G1 X127.21 Y115.21 F9000
;TYPE:External perimeter
;WIDTH:0.419999
G1 F900
G1 X128.29 Y115.21 E.01447
G1 X128.29 Y118.79 E.04797
G1 X127.21 Y118.79 E.01447
G1 X127.21 Y115.27 E.04716
;LAYER_CHANGE
;Z:2.44
;HEIGHT:0.0800002
;BEFORE_LAYER_CHANGE
G92 E0
;2.44


G1 E-3.5 F3600
;WIPE_START
G1 F7200
G1 X127.21 Y115.21 E-.0285
G1 X128.29 Y115.21 E-.513
G1 X128.29 Y117.228 E-.9585
;WIPE_END
G1 Z2.44 F9000
;AFTER_LAYER_CHANGE
;2.44
G1 X92.25 Y109.25
G1 E5 F2400
;TYPE:Perimeter
;WIDTH:0.694338
G1 F900
G1 X92.25 Y101.75 E.16892
G1 X91.71 Y101.21 F9000
;TYPE:External perimeter
;WIDTH:0.419999
G1 F900
G1 X92.79 Y101.21 E.01447
G1 X92.79 Y109.79 E.11496
G1 X91.71 Y109.79 E.01447
G1 X91.71 Y101.27 E.11415
G1 E-3.5 F3600
;WIPE_START
G1 F7200
G1 X91.71 Y101.21 E-.0285
G1 X92.79 Y101.21 E-.513
G1 X92.79 Y103.228 E-.9585
;WIPE_END
G1 X127.75 Y104.25 F9000
G1 E5 F2400
;TYPE:Perimeter
;WIDTH:0.694338
G1 F900
G1 X127.75 Y101.75 E.05631
G1 X127.21 Y101.21 F9000
;TYPE:External perimeter
;WIDTH:0.419999
G1 F900
G1 X128.29 Y101.21 E.01447
G1 X128.29 Y104.79 E.04797
G1 X127.21 Y104.79 E.01447
G1 X127.21 Y101.27 E.04716
G1 E-3.5 F3600
;WIPE_START
G1 F7200
G1 X127.21 Y101.21 E-.0285
G1 X128.29 Y101.21 E-.513
G1 X128.29 Y103.228 E-.9585
;WIPE_END
G1 X127.75 Y118.25 F9000
G1 E5 F2400
;TYPE:Perimeter
;WIDTH:0.694338
G1 F900
G1 X127.75 Y115.75 E.05631
G1 X127.21 Y115.21 F9000
;TYPE:External perimeter
;WIDTH:0.419999
G1 F900
G1 X128.29 Y115.21 E.01447
G1 X128.29 Y118.79 E.04797
G1 X127.21 Y118.79 E.01447
G1 X127.21 Y115.27 E.04716
;LAYER_CHANGE
;Z:2.51076
;HEIGHT:0.0707622
;BEFORE_LAYER_CHANGE
G92 E0
;2.51076


G1 E-3.5 F3600
;WIPE_START
G1 F7200
G1 X127.21 Y115.21 E-.0285
G1 X128.29 Y115.21 E-.513
G1 X128.29 Y117.228 E-.9585
;WIPE_END
G1 Z2.511 F9000
;AFTER_LAYER_CHANGE
;2.51076
G1 X93.423 Y110
G1 E5 F2400
;TYPE:Support material
;WIDTH:0.36
;HEIGHT:0.300381
G1 F900
G1 X95.229 Y110 E.06666
G1 X95.229 Y108.657 E.04957
G1 X93.423 Y108.657 E.06666
G1 X93.423 Y107.314 E.04957
G1 X95.229 Y107.314 E.06666
G1 X95.229 Y105.972 E.04953
G1 X93.423 Y105.972 E.06666
G1 X93.423 Y104.629 E.04957
G1 X95.229 Y104.629 E.06666
G1 X95.229 Y103.286 E.04957
G1 X93.423 Y103.286 E.06666
G1 E-3.5 F3600
;WIPE_START
G1 F7200
G1 X95.229 Y103.286 E-.85785
G1 X95.229 Y104.629 E-.63793
G1 X95.22 Y104.629 E-.00422
;WIPE_END
G1 X124.771 Y100.6 F9000
G1 E5 F2400
G1 F900
G1 X126.801 Y100.6 E.07492
G1 X126.577 Y100.825 E.01172
G1 X126.577 Y101.943 E.04126
G1 X124.771 Y101.943 E.06666
G1 X124.771 Y103.286 E.04957
G1 X126.577 Y103.286 E.06666
G1 X126.577 Y104.629 E.04957
G1 X124.771 Y104.629 E.06666
G1 X124.771 Y105.972 E.04957
G1 X127.457 Y105.972 E.09913
G1 E-3.5 F3600
;WIPE_START
G1 F7200
G1 X124.771 Y105.972 E-1.27585
G1 X124.771 Y105.5 E-.22415
;WIPE_END
G1 X126.577 Y115.2 F9000
G1 E5 F2400
G1 F900
G1 X126.577 Y114.825 E.01384
G1 X126.825 Y114.577 E.01294
G1 X127.457 Y114.577 E.02333
G1 X127.457 Y114.028 E.02026
G1 X124.771 Y114.028 E.09913
G1 X124.771 Y115.371 E.04957
G1 X126.577 Y115.371 E.06666
G1 X126.577 Y116.714 E.04957
G1 X124.771 Y116.714 E.06666
G1 X124.771 Y118.057 E.04957
G1 X126.577 Y118.057 E.06666
G1 X126.577 Y119.175 E.04126
G1 X126.801 Y119.4 E.01172
G1 X124.771 Y119.4 E.07492
;LAYER_CHANGE
;Z:2.52
;HEIGHT:0.00923777
;BEFORE_LAYER_CHANGE
G92 E0
;2.52


G1 E-3.5 F3600
;WIPE_START
G1 F7200
G1 X126.801 Y119.4 E-.96425
G1 X126.577 Y119.175 E-.15081
G1 X126.577 Y118.365 E-.38494
;WIPE_END
G1 Z2.52 F9000
;AFTER_LAYER_CHANGE
;2.52
G1 X92.25 Y109.25
G1 E5 F2400
;TYPE:Perimeter
;WIDTH:0.694338
;HEIGHT:0.08
G1 F900
G1 X92.25 Y101.75 E.16892
G1 X91.71 Y101.21 F9000
;TYPE:External perimeter
;WIDTH:0.419999
G1 F900
G1 X92.79 Y101.21 E.01447
G1 X92.79 Y109.79 E.11496
G1 X91.71 Y109.79 E.01447
G1 X91.71 Y101.27 E.11415
G1 E-3.5 F3600
;WIPE_START
G1 F7200
G1 X91.71 Y101.21 E-.0285
G1 X92.79 Y101.21 E-.513
G1 X92.79 Y103.228 E-.9585
;WIPE_END
G1 X127.75 Y104.25 F9000
G1 E5 F2400
;TYPE:Perimeter
;WIDTH:0.694338
G1 F900
G1 X127.75 Y101.75 E.05631
G1 X127.21 Y101.21 F9000
;TYPE:External perimeter
;WIDTH:0.419999
G1 F900
G1 X128.29 Y101.21 E.01447
G1 X128.29 Y104.79 E.04797
G1 X127.21 Y104.79 E.01447
G1 X127.21 Y101.27 E.04716
G1 E-3.5 F3600
;WIPE_START
G1 F7200
G1 X127.21 Y101.21 E-.0285
G1 X128.29 Y101.21 E-.513
G1 X128.29 Y103.228 E-.9585
;WIPE_END
G1 X127.75 Y118.25 F9000
G1 E5 F2400
;TYPE:Perimeter
;WIDTH:0.694338
G1 F900
G1 X127.75 Y115.75 E.05631
G1 X127.21 Y115.21 F9000
;TYPE:External perimeter
;WIDTH:0.419999
G1 F900
G1 X128.29 Y115.21 E.01447
G1 X128.29 Y118.79 E.04797
G1 X127.21 Y118.79 E.01447
G1 X127.21 Y115.27 E.04716
;LAYER_CHANGE
;Z:2.6
;HEIGHT:0.0799999
;BEFORE_LAYER_CHANGE
G92 E0
;2.6


G1 E-3.5 F3600
;WIPE_START
G1 F7200
G1 X127.21 Y115.21 E-.0285
G1 X128.29 Y115.21 E-.513
G1 X128.29 Y117.228 E-.9585
;WIPE_END
G1 Z2.6 F9000
;AFTER_LAYER_CHANGE
;2.6
G1 X92.25 Y109.25
G1 E5 F2400
;TYPE:Perimeter
;WIDTH:0.694338
G1 F900
G1 X92.25 Y101.75 E.16892
G1 X91.71 Y101.21 F9000
;TYPE:External perimeter
;WIDTH:0.419999
G1 F900
G1 X92.79 Y101.21 E.01447
G1 X92.79 Y109.79 E.11496
G1 X91.71 Y109.79 E.01447
G1 X91.71 Y101.27 E.11415
G1 E-3.5 F3600
;WIPE_START
G1 F7200
G1 X91.71 Y101.21 E-.0285
G1 X92.79 Y101.21 E-.513
G1 X92.79 Y103.228 E-.9585
;WIPE_END
G1 X127.75 Y104.25 F9000
G1 E5 F2400
;TYPE:Perimeter
;WIDTH:0.694338
G1 F900
G1 X127.75 Y101.75 E.05631
G1 X127.21 Y101.21 F9000
;TYPE:External perimeter
;WIDTH:0.419999
G1 F900
G1 X128.29 Y101.21 E.01447
G1 X128.29 Y104.79 E.04797
G1 X127.21 Y104.79 E.01447
G1 X127.21 Y101.27 E.04716
G1 E-3.5 F3600
;WIPE_START
G1 F7200
G1 X127.21 Y101.21 E-.0285
G1 X128.29 Y101.21 E-.513
G1 X128.29 Y103.228 E-.9585
;WIPE_END
G1 X127.75 Y118.25 F9000
G1 E5 F2400
;TYPE:Perimeter
;WIDTH:0.694338
G1 F900
G1 X127.75 Y115.75 E.05631
G1 X127.21 Y115.21 F9000
;TYPE:External perimeter
;WIDTH:0.419999
G1 F900
G1 X128.29 Y115.21 E.01447
G1 X128.29 Y118.79 E.04797
G1 X127.21 Y118.79 E.01447
G1 X127.21 Y115.27 E.04716
;LAYER_CHANGE
;Z:2.68
;HEIGHT:0.0800002
;BEFORE_LAYER_CHANGE
G92 E0
;2.68


G1 E-3.5 F3600
;WIPE_START
G1 F7200
G1 X127.21 Y115.21 E-.0285
G1 X128.29 Y115.21 E-.513
G1 X128.29 Y117.228 E-.9585
;WIPE_END
G1 Z2.68 F9000
;AFTER_LAYER_CHANGE
;2.68
G1 X92.25 Y109.25
G1 E5 F2400
;TYPE:Perimeter
;WIDTH:0.694338
G1 F900
G1 X92.25 Y101.75 E.16892
G1 X91.71 Y101.21 F9000
;TYPE:External perimeter
;WIDTH:0.419999
G1 F900
G1 X92.79 Y101.21 E.01447
G1 X92.79 Y109.79 E.11496
G1 X91.71 Y109.79 E.01447
G1 X91.71 Y101.27 E.11415
G1 E-3.5 F3600
;WIPE_START
G1 F7200
G1 X91.71 Y101.21 E-.0285
G1 X92.79 Y101.21 E-.513
G1 X92.79 Y103.228 E-.9585
;WIPE_END
G1 X127.75 Y104.25 F9000
G1 E5 F2400
;TYPE:Perimeter
;WIDTH:0.694338
G1 F900
G1 X127.75 Y101.75 E.05631
G1 X127.21 Y101.21 F9000
;TYPE:External perimeter
;WIDTH:0.419999
G1 F900
G1 X128.29 Y101.21 E.01447
G1 X128.29 Y104.79 E.04797
G1 X127.21 Y104.79 E.01447
G1 X127.21 Y101.27 E.04716
G1 E-3.5 F3600
;WIPE_START
G1 F7200
G1 X127.21 Y101.21 E-.0285
G1 X128.29 Y101.21 E-.513
G1 X128.29 Y103.228 E-.9585
;WIPE_END
G1 X127.75 Y118.25 F9000
G1 E5 F2400
;TYPE:Perimeter
;WIDTH:0.694338
G1 F900
G1 X127.75 Y115.75 E.05631
G1 X127.21 Y115.21 F9000
;TYPE:External perimeter
;WIDTH:0.419999
G1 F900
G1 X128.29 Y115.21 E.01447
G1 X128.29 Y118.79 E.04797
G1 X127.21 Y118.79 E.01447
G1 X127.21 Y115.27 E.04716
;LAYER_CHANGE
;Z:2.76
;HEIGHT:0.0799999
;BEFORE_LAYER_CHANGE
G92 E0
;2.76


G1 E-3.5 F3600
;WIPE_START
G1 F7200
G1 X127.21 Y115.21 E-.0285
G1 X128.29 Y115.21 E-.513
G1 X128.29 Y117.228 E-.9585
;WIPE_END
G1 Z2.76 F9000
;AFTER_LAYER_CHANGE
;2.76
G1 X92.25 Y109.25
G1 E5 F2400
;TYPE:Perimeter
;WIDTH:0.694338
G1 F900
G1 X92.25 Y101.75 E.16892
G1 X91.71 Y101.21 F9000
;TYPE:External perimeter
;WIDTH:0.419999
G1 F900
G1 X92.79 Y101.21 E.01447
G1 X92.79 Y109.79 E.11496
G1 X91.71 Y109.79 E.01447
G1 X91.71 Y101.27 E.11415
G1 E-3.5 F3600
;WIPE_START
G1 F7200
G1 X91.71 Y101.21 E-.0285
G1 X92.79 Y101.21 E-.513
G1 X92.79 Y103.228 E-.9585
;WIPE_END
G1 X127.75 Y104.25 F9000
G1 E5 F2400
;TYPE:Perimeter
;WIDTH:0.694338
G1 F900
G1 X127.75 Y101.75 E.05631
G1 X127.21 Y101.21 F9000
;TYPE:External perimeter
;WIDTH:0.419999
G1 F900
G1 X128.29 Y101.21 E.01447
G1 X128.29 Y104.79 E.04797
G1 X127.21 Y104.79 E.01447
G1 X127.21 Y101.27 E.04716
G1 E-3.5 F3600
;WIPE_START
G1 F7200
G1 X127.21 Y101.21 E-.0285
G1 X128.29 Y101.21 E-.513
G1 X128.29 Y103.228 E-.9585
;WIPE_END
G1 X127.75 Y118.25 F9000
G1 E5 F2400
;TYPE:Perimeter
;WIDTH:0.694338
G1 F900
G1 X127.75 Y115.75 E.05631
G1 X127.21 Y115.21 F9000
;TYPE:External perimeter
;WIDTH:0.419999
G1 F900
G1 X128.29 Y115.21 E.01447
G1 X128.29 Y118.79 E.04797
G1 X127.21 Y118.79 E.01447
G1 X127.21 Y115.27 E.04716
;LAYER_CHANGE
;Z:2.81114
;HEIGHT:0.0511434
;BEFORE_LAYER_CHANGE
G92 E0
;2.81114


G1 E-3.5 F3600
;WIPE_START
G1 F7200
G1 X127.21 Y115.21 E-.0285
G1 X128.29 Y115.21 E-.513
G1 X128.29 Y117.228 E-.9585
;WIPE_END
G1 Z2.811 F9000
;AFTER_LAYER_CHANGE
;2.81114
G1 X93.423 Y110
G1 E5 F2400
;TYPE:Support material
;WIDTH:0.36
;HEIGHT:0.300381
G1 F900
G1 X95.229 Y110 E.06666
G1 X95.229 Y108.657 E.04957
G1 X93.423 Y108.657 E.06666
G1 X93.423 Y107.314 E.04957
G1 X95.229 Y107.314 E.06666
G1 X95.229 Y105.972 E.04953
G1 X93.423 Y105.972 E.06666
G1 X93.423 Y104.629 E.04957
G1 X95.229 Y104.629 E.06666
G1 X95.229 Y103.286 E.04957
G1 X93.423 Y103.286 E.06666
G1 E-3.5 F3600
;WIPE_START
G1 F7200
G1 X95.229 Y103.286 E-.85785
G1 X95.229 Y104.629 E-.63793
G1 X95.22 Y104.629 E-.00422
;WIPE_END
G1 X124.771 Y100.6 F9000
G1 E5 F2400
G1 F900
G1 X126.801 Y100.6 E.07492
G1 X126.577 Y100.825 E.01172
G1 X126.577 Y101.943 E.04126
G1 X124.771 Y101.943 E.06666
G1 X124.771 Y103.286 E.04957
G1 X126.577 Y103.286 E.06666
G1 X126.577 Y104.629 E.04957
G1 X124.771 Y104.629 E.06666
G1 X124.771 Y105.972 E.04957
G1 X127.457 Y105.972 E.09913
G1 E-3.5 F3600
;WIPE_START
G1 F7200
G1 X124.771 Y105.972 E-1.27585
G1 X124.771 Y105.5 E-.22415
;WIPE_END
G1 X126.577 Y115.2 F9000
G1 E5 F2400
G1 F900
G1 X126.577 Y114.825 E.01384
G1 X126.825 Y114.577 E.01294
G1 X127.457 Y114.577 E.02333
G1 X127.457 Y114.028 E.02026
G1 X124.771 Y114.028 E.09913
G1 X124.771 Y115.371 E.04957
G1 X126.577 Y115.371 E.06666
G1 X126.577 Y116.714 E.04957
G1 X124.771 Y116.714 E.06666
G1 X124.771 Y118.057 E.04957
G1 X126.577 Y118.057 E.06666
G1 X126.577 Y119.175 E.04126
G1 X126.801 Y119.4 E.01172
G1 X124.771 Y119.4 E.07492
;LAYER_CHANGE
;Z:2.84
;HEIGHT:0.0288565
;BEFORE_LAYER_CHANGE
G92 E0
;2.84


G1 E-3.5 F3600
;WIPE_START
G1 F7200
G1 X126.801 Y119.4 E-.96425
G1 X126.577 Y119.175 E-.15081
G1 X126.577 Y118.365 E-.38494
;WIPE_END
G1 Z2.84 F9000
;AFTER_LAYER_CHANGE
;2.84
G1 X92.25 Y109.25
G1 E5 F2400
;TYPE:Perimeter
;WIDTH:0.694338
;HEIGHT:0.08
G1 F900
G1 X92.25 Y101.75 E.16892
G1 X91.71 Y101.21 F9000
;TYPE:External perimeter
;WIDTH:0.419999
G1 F900
G1 X92.79 Y101.21 E.01447
G1 X92.79 Y109.79 E.11496
G1 X91.71 Y109.79 E.01447
G1 X91.71 Y101.27 E.11415
G1 E-3.5 F3600
;WIPE_START
G1 F7200
G1 X91.71 Y101.21 E-.0285
G1 X92.79 Y101.21 E-.513
G1 X92.79 Y103.228 E-.9585
;WIPE_END
G1 X127.75 Y104.25 F9000
G1 E5 F2400
;TYPE:Perimeter
;WIDTH:0.694338
G1 F900
G1 X127.75 Y101.75 E.05631
G1 X127.21 Y101.21 F9000
;TYPE:External perimeter
;WIDTH:0.419999
G1 F900
G1 X128.29 Y101.21 E.01447
G1 X128.29 Y104.79 E.04797
G1 X127.21 Y104.79 E.01447
G1 X127.21 Y101.27 E.04716
G1 E-3.5 F3600
;WIPE_START
G1 F7200
G1 X127.21 Y101.21 E-.0285
G1 X128.29 Y101.21 E-.513
G1 X128.29 Y103.228 E-.9585
;WIPE_END
G1 X127.75 Y118.25 F9000
G1 E5 F2400
;TYPE:Perimeter
;WIDTH:0.694338
G1 F900
G1 X127.75 Y115.75 E.05631
G1 X127.21 Y115.21 F9000
;TYPE:External perimeter
;WIDTH:0.419999
G1 F900
G1 X128.29 Y115.21 E.01447
G1 X128.29 Y118.79 E.04797
G1 X127.21 Y118.79 E.01447
G1 X127.21 Y115.27 E.04716
;LAYER_CHANGE
;Z:2.92
;HEIGHT:0.0800002
;BEFORE_LAYER_CHANGE
G92 E0
;2.92


G1 E-3.5 F3600
;WIPE_START
G1 F7200
G1 X127.21 Y115.21 E-.0285
G1 X128.29 Y115.21 E-.513
G1 X128.29 Y117.228 E-.9585
;WIPE_END
G1 Z2.92 F9000
;AFTER_LAYER_CHANGE
;2.92
G1 X92.25 Y109.25
G1 E5 F2400
;TYPE:Perimeter
;WIDTH:0.694338
G1 F900
G1 X92.25 Y101.75 E.16892
G1 X91.71 Y101.21 F9000
;TYPE:External perimeter
;WIDTH:0.419999
G1 F900
G1 X92.79 Y101.21 E.01447
G1 X92.79 Y109.79 E.11496
G1 X91.71 Y109.79 E.01447
G1 X91.71 Y101.27 E.11415
G1 E-3.5 F3600
;WIPE_START
G1 F7200
G1 X91.71 Y101.21 E-.0285
G1 X92.79 Y101.21 E-.513
G1 X92.79 Y103.228 E-.9585
;WIPE_END
G1 X127.75 Y104.25 F9000
G1 E5 F2400
;TYPE:Perimeter
;WIDTH:0.694338
G1 F900
G1 X127.75 Y101.75 E.05631
G1 X127.21 Y101.21 F9000
;TYPE:External perimeter
;WIDTH:0.419999
G1 F900
G1 X128.29 Y101.21 E.01447
G1 X128.29 Y104.79 E.04797
G1 X127.21 Y104.79 E.01447
G1 X127.21 Y101.27 E.04716
G1 E-3.5 F3600
;WIPE_START
G1 F7200
G1 X127.21 Y101.21 E-.0285
G1 X128.29 Y101.21 E-.513
G1 X128.29 Y103.228 E-.9585
;WIPE_END
G1 X127.75 Y118.25 F9000
G1 E5 F2400
;TYPE:Perimeter
;WIDTH:0.694338
G1 F900
G1 X127.75 Y115.75 E.05631
G1 X127.21 Y115.21 F9000
;TYPE:External perimeter
;WIDTH:0.419999
G1 F900
G1 X128.29 Y115.21 E.01447
G1 X128.29 Y118.79 E.04797
G1 X127.21 Y118.79 E.01447
G1 X127.21 Y115.27 E.04716
;LAYER_CHANGE
;Z:3
;HEIGHT:0.0799999
;BEFORE_LAYER_CHANGE
G92 E0
;3


G1 E-3.5 F3600
;WIPE_START
G1 F7200
G1 X127.21 Y115.21 E-.0285
G1 X128.29 Y115.21 E-.513
G1 X128.29 Y117.228 E-.9585
;WIPE_END
G1 Z3 F9000
;AFTER_LAYER_CHANGE
;3
G1 X92.25 Y109.25
G1 E5 F2400
;TYPE:Perimeter
;WIDTH:0.694338
G1 F900
G1 X92.25 Y101.75 E.16892
G1 X91.71 Y101.21 F9000
;TYPE:External perimeter
;WIDTH:0.419999
G1 F900
G1 X92.79 Y101.21 E.01447
G1 X92.79 Y109.79 E.11496
G1 X91.71 Y109.79 E.01447
G1 X91.71 Y101.27 E.11415
G1 E-3.5 F3600
;WIPE_START
G1 F7200
G1 X91.71 Y101.21 E-.0285
G1 X92.79 Y101.21 E-.513
G1 X92.79 Y103.228 E-.9585
;WIPE_END
G1 X127.75 Y104.25 F9000
G1 E5 F2400
;TYPE:Perimeter
;WIDTH:0.694338
G1 F900
G1 X127.75 Y101.75 E.05631
G1 X127.21 Y101.21 F9000
;TYPE:External perimeter
;WIDTH:0.419999
G1 F900
G1 X128.29 Y101.21 E.01447
G1 X128.29 Y104.79 E.04797
G1 X127.21 Y104.79 E.01447
G1 X127.21 Y101.27 E.04716
G1 E-3.5 F3600
;WIPE_START
G1 F7200
G1 X127.21 Y101.21 E-.0285
G1 X128.29 Y101.21 E-.513
G1 X128.29 Y103.228 E-.9585
;WIPE_END
G1 X127.75 Y118.25 F9000
G1 E5 F2400
;TYPE:Perimeter
;WIDTH:0.694338
G1 F900
G1 X127.75 Y115.75 E.05631
G1 X127.21 Y115.21 F9000
;TYPE:External perimeter
;WIDTH:0.419999
G1 F900
G1 X128.29 Y115.21 E.01447
G1 X128.29 Y118.79 E.04797
G1 X127.21 Y118.79 E.01447
G1 X127.21 Y115.27 E.04716
;LAYER_CHANGE
;Z:3.08
;HEIGHT:0.0799999
;BEFORE_LAYER_CHANGE
G92 E0
;3.08


G1 E-3.5 F3600
;WIPE_START
G1 F7200
G1 X127.21 Y115.21 E-.0285
G1 X128.29 Y115.21 E-.513
G1 X128.29 Y117.228 E-.9585
;WIPE_END
G1 Z3.08 F9000
;AFTER_LAYER_CHANGE
;3.08
G1 X92.25 Y109.25
G1 E5 F2400
;TYPE:Perimeter
;WIDTH:0.694338
G1 F900
G1 X92.25 Y101.75 E.16892
G1 X91.71 Y101.21 F9000
;TYPE:External perimeter
;WIDTH:0.419999
G1 F900
G1 X92.79 Y101.21 E.01447
G1 X92.79 Y109.79 E.11496
G1 X91.71 Y109.79 E.01447
G1 X91.71 Y101.27 E.11415
G1 E-3.5 F3600
;WIPE_START
G1 F7200
G1 X91.71 Y101.21 E-.0285
G1 X92.79 Y101.21 E-.513
G1 X92.79 Y103.228 E-.9585
;WIPE_END
G1 X127.75 Y104.25 F9000
G1 E5 F2400
;TYPE:Perimeter
;WIDTH:0.694338
G1 F900
G1 X127.75 Y101.75 E.05631
G1 X127.21 Y101.21 F9000
;TYPE:External perimeter
;WIDTH:0.419999
G1 F900
G1 X128.29 Y101.21 E.01447
G1 X128.29 Y104.79 E.04797
G1 X127.21 Y104.79 E.01447
G1 X127.21 Y101.27 E.04716
G1 E-3.5 F3600
;WIPE_START
G1 F7200
G1 X127.21 Y101.21 E-.0285
G1 X128.29 Y101.21 E-.513
G1 X128.29 Y103.228 E-.9585
;WIPE_END
G1 X127.75 Y118.25 F9000
G1 E5 F2400
;TYPE:Perimeter
;WIDTH:0.694338
G1 F900
G1 X127.75 Y115.75 E.05631
G1 X127.21 Y115.21 F9000
;TYPE:External perimeter
;WIDTH:0.419999
G1 F900
G1 X128.29 Y115.21 E.01447
G1 X128.29 Y118.79 E.04797
G1 X127.21 Y118.79 E.01447
G1 X127.21 Y115.27 E.04716
;LAYER_CHANGE
;Z:3.11152
;HEIGHT:0.0315247
;BEFORE_LAYER_CHANGE
G92 E0
;3.11152


G1 E-3.5 F3600
;WIPE_START
G1 F7200
G1 X127.21 Y115.21 E-.0285
G1 X128.29 Y115.21 E-.513
G1 X128.29 Y117.228 E-.9585
;WIPE_END
G1 Z3.112 F9000
;AFTER_LAYER_CHANGE
;3.11152
G1 X93.423 Y110
G1 E5 F2400
;TYPE:Support material
;WIDTH:0.36
;HEIGHT:0.300381
G1 F900
G1 X95.229 Y110 E.06666
G1 X95.229 Y108.657 E.04957
G1 X93.423 Y108.657 E.06666
G1 X93.423 Y107.314 E.04957
G1 X95.229 Y107.314 E.06666
G1 X95.229 Y105.972 E.04953
G1 X93.423 Y105.972 E.06666
G1 X93.423 Y104.629 E.04957
G1 X95.229 Y104.629 E.06666
G1 X95.229 Y103.286 E.04957
G1 X93.423 Y103.286 E.06666
G1 E-3.5 F3600
;WIPE_START
G1 F7200
G1 X95.229 Y103.286 E-.85785
G1 X95.229 Y104.629 E-.63793
G1 X95.22 Y104.629 E-.00422
;WIPE_END
G1 X124.771 Y100.6 F9000
G1 E5 F2400
G1 F900
G1 X126.801 Y100.6 E.07492
G1 X126.577 Y100.825 E.01172
G1 X126.577 Y101.943 E.04126
G1 X124.771 Y101.943 E.06666
G1 X124.771 Y103.286 E.04957
G1 X126.577 Y103.286 E.06666
G1 X126.577 Y104.629 E.04957
G1 X124.771 Y104.629 E.06666
G1 X124.771 Y105.972 E.04957
G1 X127.457 Y105.972 E.09913
G1 E-3.5 F3600
;WIPE_START
G1 F7200
G1 X124.771 Y105.972 E-1.27585
G1 X124.771 Y105.5 E-.22415
;WIPE_END
G1 X126.577 Y115.2 F9000
G1 E5 F2400
G1 F900
G1 X126.577 Y114.825 E.01384
G1 X126.825 Y114.577 E.01294
G1 X127.457 Y114.577 E.02333
G1 X127.457 Y114.028 E.02026
G1 X124.771 Y114.028 E.09913
G1 X124.771 Y115.371 E.04957
G1 X126.577 Y115.371 E.06666
G1 X126.577 Y116.714 E.04957
G1 X124.771 Y116.714 E.06666
G1 X124.771 Y118.057 E.04957
G1 X126.577 Y118.057 E.06666
G1 X126.577 Y119.175 E.04126
G1 X126.801 Y119.4 E.01172
G1 X124.771 Y119.4 E.07492
;LAYER_CHANGE
;Z:3.16
;HEIGHT:0.0484755
;BEFORE_LAYER_CHANGE
G92 E0
;3.16


G1 E-3.5 F3600
;WIPE_START
G1 F7200
G1 X126.801 Y119.4 E-.96425
G1 X126.577 Y119.175 E-.15081
G1 X126.577 Y118.365 E-.38494
;WIPE_END
G1 Z3.16 F9000
;AFTER_LAYER_CHANGE
;3.16
G1 X92.25 Y109.25
G1 E5 F2400
;TYPE:Perimeter
;WIDTH:0.694338
;HEIGHT:0.08
G1 F900
G1 X92.25 Y101.75 E.16892
G1 X91.71 Y101.21 F9000
;TYPE:External perimeter
;WIDTH:0.419999
G1 F900
G1 X92.79 Y101.21 E.01447
G1 X92.79 Y109.79 E.11496
G1 X91.71 Y109.79 E.01447
G1 X91.71 Y101.27 E.11415
G1 E-3.5 F3600
;WIPE_START
G1 F7200
G1 X91.71 Y101.21 E-.0285
G1 X92.79 Y101.21 E-.513
G1 X92.79 Y103.228 E-.9585
;WIPE_END
G1 X127.75 Y104.25 F9000
G1 E5 F2400
;TYPE:Perimeter
;WIDTH:0.694338
G1 F900
G1 X127.75 Y101.75 E.05631
G1 X127.21 Y101.21 F9000
;TYPE:External perimeter
;WIDTH:0.419999
G1 F900
G1 X128.29 Y101.21 E.01447
G1 X128.29 Y104.79 E.04797
G1 X127.21 Y104.79 E.01447
G1 X127.21 Y101.27 E.04716
G1 E-3.5 F3600
;WIPE_START
G1 F7200
G1 X127.21 Y101.21 E-.0285
G1 X128.29 Y101.21 E-.513
G1 X128.29 Y103.228 E-.9585
;WIPE_END
G1 X127.75 Y118.25 F9000
G1 E5 F2400
;TYPE:Perimeter
;WIDTH:0.694338
G1 F900
G1 X127.75 Y115.75 E.05631
G1 X127.21 Y115.21 F9000
;TYPE:External perimeter
;WIDTH:0.419999
G1 F900
G1 X128.29 Y115.21 E.01447
G1 X128.29 Y118.79 E.04797
G1 X127.21 Y118.79 E.01447
G1 X127.21 Y115.27 E.04716
;LAYER_CHANGE
;Z:3.24
;HEIGHT:0.0799999
;BEFORE_LAYER_CHANGE
G92 E0
;3.24


G1 E-3.5 F3600
;WIPE_START
G1 F7200
G1 X127.21 Y115.21 E-.0285
G1 X128.29 Y115.21 E-.513
G1 X128.29 Y117.228 E-.9585
;WIPE_END
G1 Z3.24 F9000
;AFTER_LAYER_CHANGE
;3.24
G1 X92.25 Y109.25
G1 E5 F2400
;TYPE:Perimeter
;WIDTH:0.694338
G1 F900
G1 X92.25 Y101.75 E.16892
G1 X91.71 Y101.21 F9000
;TYPE:External perimeter
;WIDTH:0.419999
G1 F900
G1 X92.79 Y101.21 E.01447
G1 X92.79 Y109.79 E.11496
G1 X91.71 Y109.79 E.01447
G1 X91.71 Y101.27 E.11415
G1 E-3.5 F3600
;WIPE_START
G1 F7200
G1 X91.71 Y101.21 E-.0285
G1 X92.79 Y101.21 E-.513
G1 X92.79 Y103.228 E-.9585
;WIPE_END
G1 X127.75 Y104.25 F9000
G1 E5 F2400
;TYPE:Perimeter
;WIDTH:0.694338
G1 F900
G1 X127.75 Y101.75 E.05631
G1 X127.21 Y101.21 F9000
;TYPE:External perimeter
;WIDTH:0.419999
G1 F900
G1 X128.29 Y101.21 E.01447
G1 X128.29 Y104.79 E.04797
G1 X127.21 Y104.79 E.01447
G1 X127.21 Y101.27 E.04716
G1 E-3.5 F3600
;WIPE_START
G1 F7200
G1 X127.21 Y101.21 E-.0285
G1 X128.29 Y101.21 E-.513
G1 X128.29 Y103.228 E-.9585
;WIPE_END
G1 X127.75 Y118.25 F9000
G1 E5 F2400
;TYPE:Perimeter
;WIDTH:0.694338
G1 F900
G1 X127.75 Y115.75 E.05631
G1 X127.21 Y115.21 F9000
;TYPE:External perimeter
;WIDTH:0.419999
G1 F900
G1 X128.29 Y115.21 E.01447
G1 X128.29 Y118.79 E.04797
G1 X127.21 Y118.79 E.01447
G1 X127.21 Y115.27 E.04716
;LAYER_CHANGE
;Z:3.32
;HEIGHT:0.0799999
;BEFORE_LAYER_CHANGE
G92 E0
;3.32


G1 E-3.5 F3600
;WIPE_START
G1 F7200
G1 X127.21 Y115.21 E-.0285
G1 X128.29 Y115.21 E-.513
G1 X128.29 Y117.228 E-.9585
;WIPE_END
G1 Z3.32 F9000
;AFTER_LAYER_CHANGE
;3.32
G1 X92.25 Y109.25
G1 E5 F2400
;TYPE:Perimeter
;WIDTH:0.694338
G1 F900
G1 X92.25 Y101.75 E.16892
G1 X91.71 Y101.21 F9000
;TYPE:External perimeter
;WIDTH:0.419999
G1 F900
G1 X92.79 Y101.21 E.01447
G1 X92.79 Y109.79 E.11496
G1 X91.71 Y109.79 E.01447
G1 X91.71 Y101.27 E.11415
G1 E-3.5 F3600
;WIPE_START
G1 F7200
G1 X91.71 Y101.21 E-.0285
G1 X92.79 Y101.21 E-.513
G1 X92.79 Y103.228 E-.9585
;WIPE_END
G1 X127.75 Y104.25 F9000
G1 E5 F2400
;TYPE:Perimeter
;WIDTH:0.694338
G1 F900
G1 X127.75 Y101.75 E.05631
G1 X127.21 Y101.21 F9000
;TYPE:External perimeter
;WIDTH:0.419999
G1 F900
G1 X128.29 Y101.21 E.01447
G1 X128.29 Y104.79 E.04797
G1 X127.21 Y104.79 E.01447
G1 X127.21 Y101.27 E.04716
G1 E-3.5 F3600
;WIPE_START
G1 F7200
G1 X127.21 Y101.21 E-.0285
G1 X128.29 Y101.21 E-.513
G1 X128.29 Y103.228 E-.9585
;WIPE_END
G1 X127.75 Y118.25 F9000
G1 E5 F2400
;TYPE:Perimeter
;WIDTH:0.694338
G1 F900
G1 X127.75 Y115.75 E.05631
G1 X127.21 Y115.21 F9000
;TYPE:External perimeter
;WIDTH:0.419999
G1 F900
G1 X128.29 Y115.21 E.01447
G1 X128.29 Y118.79 E.04797
G1 X127.21 Y118.79 E.01447
G1 X127.21 Y115.27 E.04716
;LAYER_CHANGE
;Z:3.4
;HEIGHT:0.0800002
;BEFORE_LAYER_CHANGE
G92 E0
;3.4


G1 E-3.5 F3600
;WIPE_START
G1 F7200
G1 X127.21 Y115.21 E-.0285
G1 X128.29 Y115.21 E-.513
G1 X128.29 Y117.228 E-.9585
;WIPE_END
G1 Z3.4 F9000
;AFTER_LAYER_CHANGE
;3.4
G1 X92.25 Y109.25
G1 E5 F2400
;TYPE:Perimeter
;WIDTH:0.694338
G1 F900
G1 X92.25 Y101.75 E.16892
G1 X91.71 Y101.21 F9000
;TYPE:External perimeter
;WIDTH:0.419999
G1 F900
G1 X92.79 Y101.21 E.01447
G1 X92.79 Y109.79 E.11496
G1 X91.71 Y109.79 E.01447
G1 X91.71 Y101.27 E.11415
G1 E-3.5 F3600
;WIPE_START
G1 F7200
G1 X91.71 Y101.21 E-.0285
G1 X92.79 Y101.21 E-.513
G1 X92.79 Y103.228 E-.9585
;WIPE_END
G1 X127.75 Y104.25 F9000
G1 E5 F2400
;TYPE:Perimeter
;WIDTH:0.694338
G1 F900
G1 X127.75 Y101.75 E.05631
G1 X127.21 Y101.21 F9000
;TYPE:External perimeter
;WIDTH:0.419999
G1 F900
G1 X128.29 Y101.21 E.01447
G1 X128.29 Y104.79 E.04797
G1 X127.21 Y104.79 E.01447
G1 X127.21 Y101.27 E.04716
G1 E-3.5 F3600
;WIPE_START
G1 F7200
G1 X127.21 Y101.21 E-.0285
G1 X128.29 Y101.21 E-.513
G1 X128.29 Y103.228 E-.9585
;WIPE_END
G1 X127.75 Y118.25 F9000
G1 E5 F2400
;TYPE:Perimeter
;WIDTH:0.694338
G1 F900
G1 X127.75 Y115.75 E.05631
G1 X127.21 Y115.21 F9000
;TYPE:External perimeter
;WIDTH:0.419999
G1 F900
G1 X128.29 Y115.21 E.01447
G1 X128.29 Y118.79 E.04797
G1 X127.21 Y118.79 E.01447
G1 X127.21 Y115.27 E.04716
;LAYER_CHANGE
;Z:3.41191
;HEIGHT:0.0119057
;BEFORE_LAYER_CHANGE
G92 E0
;3.41191


G1 E-3.5 F3600
;WIPE_START
G1 F7200
G1 X127.21 Y115.21 E-.0285
G1 X128.29 Y115.21 E-.513
G1 X128.29 Y117.228 E-.9585
;WIPE_END
G1 Z3.412 F9000
;AFTER_LAYER_CHANGE
;3.41191
G1 X93.423 Y110
G1 E5 F2400
;TYPE:Support material
;WIDTH:0.36
;HEIGHT:0.300381
G1 F900
G1 X95.229 Y110 E.06666
G1 X95.229 Y108.657 E.04957
G1 X93.423 Y108.657 E.06666
G1 X93.423 Y107.314 E.04957
G1 X95.229 Y107.314 E.06666
G1 X95.229 Y105.972 E.04953
G1 X93.423 Y105.972 E.06666
G1 X93.423 Y104.629 E.04957
G1 X95.229 Y104.629 E.06666
G1 X95.229 Y103.286 E.04957
G1 X93.423 Y103.286 E.06666
G1 E-3.5 F3600
;WIPE_START
G1 F7200
G1 X95.229 Y103.286 E-.85785
G1 X95.229 Y104.629 E-.63793
G1 X95.22 Y104.629 E-.00422
;WIPE_END
G1 X124.771 Y100.6 F9000
G1 E5 F2400
G1 F900
G1 X126.801 Y100.6 E.07492
G1 X126.577 Y100.825 E.01172
G1 X126.577 Y101.943 E.04126
G1 X124.771 Y101.943 E.06666
G1 X124.771 Y103.286 E.04957
G1 X126.577 Y103.286 E.06666
G1 X126.577 Y104.629 E.04957
G1 X124.771 Y104.629 E.06666
G1 X124.771 Y105.972 E.04957
G1 X127.457 Y105.972 E.09913
G1 E-3.5 F3600
;WIPE_START
G1 F7200
G1 X124.771 Y105.972 E-1.27585
G1 X124.771 Y105.5 E-.22415
;WIPE_END
G1 X126.577 Y115.2 F9000
G1 E5 F2400
G1 F900
G1 X126.577 Y114.825 E.01384
G1 X126.825 Y114.577 E.01294
G1 X127.457 Y114.577 E.02333
G1 X127.457 Y114.028 E.02026
G1 X124.771 Y114.028 E.09913
G1 X124.771 Y115.371 E.04957
G1 X126.577 Y115.371 E.06666
G1 X126.577 Y116.714 E.04957
G1 X124.771 Y116.714 E.06666
G1 X124.771 Y118.057 E.04957
G1 X126.577 Y118.057 E.06666
G1 X126.577 Y119.175 E.04126
G1 X126.801 Y119.4 E.01172
G1 X124.771 Y119.4 E.07492
;LAYER_CHANGE
;Z:3.48
;HEIGHT:0.0680943
;BEFORE_LAYER_CHANGE
G92 E0
;3.48


G1 E-3.5 F3600
;WIPE_START
G1 F7200
G1 X126.801 Y119.4 E-.96425
G1 X126.577 Y119.175 E-.15081
G1 X126.577 Y118.365 E-.38494
;WIPE_END
G1 Z3.48 F9000
;AFTER_LAYER_CHANGE
;3.48
G1 X92.25 Y109.25
G1 E5 F2400
;TYPE:Perimeter
;WIDTH:0.694338
;HEIGHT:0.08
G1 F900
G1 X92.25 Y101.75 E.16892
G1 X91.71 Y101.21 F9000
;TYPE:External perimeter
;WIDTH:0.419999
G1 F900
G1 X92.79 Y101.21 E.01447
G1 X92.79 Y109.79 E.11496
G1 X91.71 Y109.79 E.01447
G1 X91.71 Y101.27 E.11415
G1 E-3.5 F3600
;WIPE_START
G1 F7200
G1 X91.71 Y101.21 E-.0285
G1 X92.79 Y101.21 E-.513
G1 X92.79 Y103.228 E-.9585
;WIPE_END
G1 X127.75 Y104.25 F9000
G1 E5 F2400
;TYPE:Perimeter
;WIDTH:0.694338
G1 F900
G1 X127.75 Y101.75 E.05631
G1 X127.21 Y101.21 F9000
;TYPE:External perimeter
;WIDTH:0.419999
G1 F900
G1 X128.29 Y101.21 E.01447
G1 X128.29 Y104.79 E.04797
G1 X127.21 Y104.79 E.01447
G1 X127.21 Y101.27 E.04716
G1 E-3.5 F3600
;WIPE_START
G1 F7200
G1 X127.21 Y101.21 E-.0285
G1 X128.29 Y101.21 E-.513
G1 X128.29 Y103.228 E-.9585
;WIPE_END
G1 X127.75 Y118.25 F9000
G1 E5 F2400
;TYPE:Perimeter
;WIDTH:0.694338
G1 F900
G1 X127.75 Y115.75 E.05631
G1 X127.21 Y115.21 F9000
;TYPE:External perimeter
;WIDTH:0.419999
G1 F900
G1 X128.29 Y115.21 E.01447
G1 X128.29 Y118.79 E.04797
G1 X127.21 Y118.79 E.01447
G1 X127.21 Y115.27 E.04716
;LAYER_CHANGE
;Z:3.56
;HEIGHT:0.0799999
;BEFORE_LAYER_CHANGE
G92 E0
;3.56


G1 E-3.5 F3600
;WIPE_START
G1 F7200
G1 X127.21 Y115.21 E-.0285
G1 X128.29 Y115.21 E-.513
G1 X128.29 Y117.228 E-.9585
;WIPE_END
G1 Z3.56 F9000
;AFTER_LAYER_CHANGE
;3.56
G1 X92.25 Y109.25
G1 E5 F2400
;TYPE:Perimeter
;WIDTH:0.694338
G1 F900
G1 X92.25 Y101.75 E.16892
G1 X91.71 Y101.21 F9000
;TYPE:External perimeter
;WIDTH:0.419999
G1 F900
G1 X92.79 Y101.21 E.01447
G1 X92.79 Y109.79 E.11496
G1 X91.71 Y109.79 E.01447
G1 X91.71 Y101.27 E.11415
G1 E-3.5 F3600
;WIPE_START
G1 F7200
G1 X91.71 Y101.21 E-.0285
G1 X92.79 Y101.21 E-.513
G1 X92.79 Y103.228 E-.9585
;WIPE_END
G1 X127.75 Y104.25 F9000
G1 E5 F2400
;TYPE:Perimeter
;WIDTH:0.694338
G1 F900
G1 X127.75 Y101.75 E.05631
G1 X127.21 Y101.21 F9000
;TYPE:External perimeter
;WIDTH:0.419999
G1 F900
G1 X128.29 Y101.21 E.01447
G1 X128.29 Y104.79 E.04797
G1 X127.21 Y104.79 E.01447
G1 X127.21 Y101.27 E.04716
G1 E-3.5 F3600
;WIPE_START
G1 F7200
G1 X127.21 Y101.21 E-.0285
G1 X128.29 Y101.21 E-.513
G1 X128.29 Y103.228 E-.9585
;WIPE_END
G1 X127.75 Y118.25 F9000
G1 E5 F2400
;TYPE:Perimeter
;WIDTH:0.694338
G1 F900
G1 X127.75 Y115.75 E.05631
G1 X127.21 Y115.21 F9000
;TYPE:External perimeter
;WIDTH:0.419999
G1 F900
G1 X128.29 Y115.21 E.01447
G1 X128.29 Y118.79 E.04797
G1 X127.21 Y118.79 E.01447
G1 X127.21 Y115.27 E.04716
;LAYER_CHANGE
;Z:3.64
;HEIGHT:0.0800002
;BEFORE_LAYER_CHANGE
G92 E0
;3.64


G1 E-3.5 F3600
;WIPE_START
G1 F7200
G1 X127.21 Y115.21 E-.0285
G1 X128.29 Y115.21 E-.513
G1 X128.29 Y117.228 E-.9585
;WIPE_END
G1 Z3.64 F9000
;AFTER_LAYER_CHANGE
;3.64
G1 X92.25 Y109.25
G1 E5 F2400
;TYPE:Perimeter
;WIDTH:0.694338
G1 F900
G1 X92.25 Y101.75 E.16892
G1 X91.71 Y101.21 F9000
;TYPE:External perimeter
;WIDTH:0.419999
G1 F900
G1 X92.79 Y101.21 E.01447
G1 X92.79 Y109.79 E.11496
G1 X91.71 Y109.79 E.01447
G1 X91.71 Y101.27 E.11415
G1 E-3.5 F3600
;WIPE_START
G1 F7200
G1 X91.71 Y101.21 E-.0285
G1 X92.79 Y101.21 E-.513
G1 X92.79 Y103.228 E-.9585
;WIPE_END
G1 X127.75 Y104.25 F9000
G1 E5 F2400
;TYPE:Perimeter
;WIDTH:0.694338
G1 F900
G1 X127.75 Y101.75 E.05631
G1 X127.21 Y101.21 F9000
;TYPE:External perimeter
;WIDTH:0.419999
G1 F900
G1 X128.29 Y101.21 E.01447
G1 X128.29 Y104.79 E.04797
G1 X127.21 Y104.79 E.01447
G1 X127.21 Y101.27 E.04716
G1 E-3.5 F3600
;WIPE_START
G1 F7200
G1 X127.21 Y101.21 E-.0285
G1 X128.29 Y101.21 E-.513
G1 X128.29 Y103.228 E-.9585
;WIPE_END
G1 X127.75 Y118.25 F9000
G1 E5 F2400
;TYPE:Perimeter
;WIDTH:0.694338
G1 F900
G1 X127.75 Y115.75 E.05631
G1 X127.21 Y115.21 F9000
;TYPE:External perimeter
;WIDTH:0.419999
G1 F900
G1 X128.29 Y115.21 E.01447
G1 X128.29 Y118.79 E.04797
G1 X127.21 Y118.79 E.01447
G1 X127.21 Y115.27 E.04716
;LAYER_CHANGE
;Z:3.72
;HEIGHT:0.0799999
;BEFORE_LAYER_CHANGE
G92 E0
;3.72


G1 E-3.5 F3600
;WIPE_START
G1 F7200
G1 X127.21 Y115.21 E-.0285
G1 X128.29 Y115.21 E-.513
G1 X128.29 Y117.228 E-.9585
;WIPE_END
G1 Z3.72 F9000
;AFTER_LAYER_CHANGE
;3.72
G1 X93.423 Y110
G1 E5 F2400
;TYPE:Support material
;WIDTH:0.36
;HEIGHT:0.308094
G1 F900
G1 X95.229 Y110 E.06798
G1 X95.229 Y108.657 E.05056
G1 X93.423 Y108.657 E.06798
G1 X93.423 Y107.314 E.05056
G1 X95.229 Y107.314 E.06798
G1 X95.229 Y105.972 E.05052
G1 X93.423 Y105.972 E.06798
G1 X93.423 Y104.629 E.05056
G1 X95.229 Y104.629 E.06798
G1 X95.229 Y103.286 E.05056
G1 X93.423 Y103.286 E.06798
G1 E-3.5 F3600
;WIPE_START
G1 F7200
G1 X95.229 Y103.286 E-.85785
G1 X95.229 Y104.629 E-.63793
G1 X95.22 Y104.629 E-.00422
;WIPE_END
G1 X124.771 Y100.6 F9000
G1 E5 F2400
G1 F900
G1 X126.801 Y100.6 E.07642
G1 X126.577 Y100.825 E.01195
G1 X126.577 Y101.943 E.04209
G1 X124.771 Y101.943 E.06798
G1 X124.771 Y103.286 E.05056
G1 X126.577 Y103.286 E.06798
G1 X126.577 Y104.629 E.05056
G1 X124.771 Y104.629 E.06798
G1 X124.771 Y105.972 E.05056
G1 X127.457 Y105.972 E.10111
G1 E-3.5 F3600
;WIPE_START
G1 F7200
G1 X124.771 Y105.972 E-1.27585
G1 X124.771 Y105.5 E-.22415
;WIPE_END
G1 X126.577 Y115.2 F9000
G1 E5 F2400
G1 F900
G1 X126.577 Y114.825 E.01412
G1 X126.825 Y114.577 E.0132
G1 X127.457 Y114.577 E.02379
G1 X127.457 Y114.028 E.02067
G1 X124.771 Y114.028 E.10111
G1 X124.771 Y115.371 E.05056
G1 X126.577 Y115.371 E.06798
G1 X126.577 Y116.714 E.05056
G1 X124.771 Y116.714 E.06798
G1 X124.771 Y118.057 E.05056
G1 X126.577 Y118.057 E.06798
G1 X126.577 Y119.175 E.04209
G1 X126.801 Y119.4 E.01195
G1 X124.771 Y119.4 E.07642
G1 E-3.5 F3600
;WIPE_START
G1 F7200
G1 X126.801 Y119.4 E-.96425
G1 X126.577 Y119.175 E-.15081
G1 X126.577 Y118.365 E-.38494
;WIPE_END
G1 X92.25 Y109.25 F9000
G1 E5 F2400
;TYPE:Perimeter
;WIDTH:0.694338
;HEIGHT:0.08
G1 F900
G1 X92.25 Y101.75 E.16892
G1 X91.71 Y101.21 F9000
;TYPE:External perimeter
;WIDTH:0.419999
G1 F900
G1 X92.79 Y101.21 E.01447
G1 X92.79 Y109.79 E.11496
G1 X91.71 Y109.79 E.01447
G1 X91.71 Y101.27 E.11415
G1 E-3.5 F3600
;WIPE_START
G1 F7200
G1 X91.71 Y101.21 E-.0285
G1 X92.79 Y101.21 E-.513
G1 X92.79 Y103.228 E-.9585
;WIPE_END
G1 X127.75 Y104.25 F9000
G1 E5 F2400
;TYPE:Perimeter
;WIDTH:0.694338
G1 F900
G1 X127.75 Y101.75 E.05631
G1 X127.21 Y101.21 F9000
;TYPE:External perimeter
;WIDTH:0.419999
G1 F900
G1 X128.29 Y101.21 E.01447
G1 X128.29 Y104.79 E.04797
G1 X127.21 Y104.79 E.01447
G1 X127.21 Y101.27 E.04716
G1 E-3.5 F3600
;WIPE_START
G1 F7200
G1 X127.21 Y101.21 E-.0285
G1 X128.29 Y101.21 E-.513
G1 X128.29 Y103.228 E-.9585
;WIPE_END
G1 X127.75 Y118.25 F9000
G1 E5 F2400
;TYPE:Perimeter
;WIDTH:0.694338
G1 F900
G1 X127.75 Y115.75 E.05631
G1 X127.21 Y115.21 F9000
;TYPE:External perimeter
;WIDTH:0.419999
G1 F900
G1 X128.29 Y115.21 E.01447
G1 X128.29 Y118.79 E.04797
G1 X127.21 Y118.79 E.01447
G1 X127.21 Y115.27 E.04716
;LAYER_CHANGE
;Z:3.8
;HEIGHT:0.0799999
;BEFORE_LAYER_CHANGE
G92 E0
;3.8


G1 E-3.5 F3600
;WIPE_START
G1 F7200
G1 X127.21 Y115.21 E-.0285
G1 X128.29 Y115.21 E-.513
G1 X128.29 Y117.228 E-.9585
;WIPE_END
G1 Z3.8 F9000
;AFTER_LAYER_CHANGE
;3.8
G1 X92.25 Y109.25
G1 E5 F2400
;TYPE:Perimeter
;WIDTH:0.694338
G1 F900
G1 X92.25 Y101.75 E.16892
G1 X91.71 Y101.21 F9000
;TYPE:External perimeter
;WIDTH:0.419999
G1 F900
G1 X92.79 Y101.21 E.01447
G1 X92.79 Y109.79 E.11496
G1 X91.71 Y109.79 E.01447
G1 X91.71 Y101.27 E.11415
G1 E-3.5 F3600
;WIPE_START
G1 F7200
G1 X91.71 Y101.21 E-.0285
G1 X92.79 Y101.21 E-.513
G1 X92.79 Y103.228 E-.9585
;WIPE_END
G1 X127.75 Y104.25 F9000
G1 E5 F2400
;TYPE:Perimeter
;WIDTH:0.694338
G1 F900
G1 X127.75 Y101.75 E.05631
G1 X127.21 Y101.21 F9000
;TYPE:External perimeter
;WIDTH:0.419999
G1 F900
G1 X128.29 Y101.21 E.01447
G1 X128.29 Y104.79 E.04797
G1 X127.21 Y104.79 E.01447
G1 X127.21 Y101.27 E.04716
G1 E-3.5 F3600
;WIPE_START
G1 F7200
G1 X127.21 Y101.21 E-.0285
G1 X128.29 Y101.21 E-.513
G1 X128.29 Y103.228 E-.9585
;WIPE_END
G1 X127.75 Y118.25 F9000
G1 E5 F2400
;TYPE:Perimeter
;WIDTH:0.694338
G1 F900
G1 X127.75 Y115.75 E.05631
G1 X127.21 Y115.21 F9000
;TYPE:External perimeter
;WIDTH:0.419999
G1 F900
G1 X128.29 Y115.21 E.01447
G1 X128.29 Y118.79 E.04797
G1 X127.21 Y118.79 E.01447
G1 X127.21 Y115.27 E.04716
;LAYER_CHANGE
;Z:3.88
;HEIGHT:0.0800002
;BEFORE_LAYER_CHANGE
G92 E0
;3.88


G1 E-3.5 F3600
;WIPE_START
G1 F7200
G1 X127.21 Y115.21 E-.0285
G1 X128.29 Y115.21 E-.513
G1 X128.29 Y117.228 E-.9585
;WIPE_END
G1 Z3.88 F9000
;AFTER_LAYER_CHANGE
;3.88
G1 X92.25 Y109.25
G1 E5 F2400
;TYPE:Perimeter
;WIDTH:0.694338
G1 F900
G1 X92.25 Y101.75 E.16892
G1 X91.71 Y101.21 F9000
;TYPE:External perimeter
;WIDTH:0.419999
G1 F900
G1 X92.79 Y101.21 E.01447
G1 X92.79 Y109.79 E.11496
G1 X91.71 Y109.79 E.01447
G1 X91.71 Y101.27 E.11415
G1 E-3.5 F3600
;WIPE_START
G1 F7200
G1 X91.71 Y101.21 E-.0285
G1 X92.79 Y101.21 E-.513
G1 X92.79 Y103.228 E-.9585
;WIPE_END
G1 X127.75 Y104.25 F9000
G1 E5 F2400
;TYPE:Perimeter
;WIDTH:0.694338
G1 F900
G1 X127.75 Y101.75 E.05631
G1 X127.21 Y101.21 F9000
;TYPE:External perimeter
;WIDTH:0.419999
G1 F900
G1 X128.29 Y101.21 E.01447
G1 X128.29 Y104.79 E.04797
G1 X127.21 Y104.79 E.01447
G1 X127.21 Y101.27 E.04716
G1 E-3.5 F3600
;WIPE_START
G1 F7200
G1 X127.21 Y101.21 E-.0285
G1 X128.29 Y101.21 E-.513
G1 X128.29 Y103.228 E-.9585
;WIPE_END
G1 X127.75 Y118.25 F9000
G1 E5 F2400
;TYPE:Perimeter
;WIDTH:0.694338
G1 F900
G1 X127.75 Y115.75 E.05631
G1 X127.21 Y115.21 F9000
;TYPE:External perimeter
;WIDTH:0.419999
G1 F900
G1 X128.29 Y115.21 E.01447
G1 X128.29 Y118.79 E.04797
G1 X127.21 Y118.79 E.01447
G1 X127.21 Y115.27 E.04716
;LAYER_CHANGE
;Z:3.96
;HEIGHT:0.0799999
;BEFORE_LAYER_CHANGE
G92 E0
;3.96


G1 E-3.5 F3600
;WIPE_START
G1 F7200
G1 X127.21 Y115.21 E-.0285
G1 X128.29 Y115.21 E-.513
G1 X128.29 Y117.228 E-.9585
;WIPE_END
G1 Z3.96 F9000
;AFTER_LAYER_CHANGE
;3.96
G1 X92.25 Y109.25
G1 E5 F2400
;TYPE:Perimeter
;WIDTH:0.694338
G1 F900
G1 X92.25 Y101.75 E.16892
G1 X91.71 Y101.21 F9000
;TYPE:External perimeter
;WIDTH:0.419999
G1 F900
G1 X92.79 Y101.21 E.01447
G1 X92.79 Y109.79 E.11496
G1 X91.71 Y109.79 E.01447
G1 X91.71 Y101.27 E.11415
G1 E-3.5 F3600
;WIPE_START
G1 F7200
G1 X91.71 Y101.21 E-.0285
G1 X92.79 Y101.21 E-.513
G1 X92.79 Y103.228 E-.9585
;WIPE_END
G1 X127.75 Y104.25 F9000
G1 E5 F2400
;TYPE:Perimeter
;WIDTH:0.694338
G1 F900
G1 X127.75 Y101.75 E.05631
G1 X127.21 Y101.21 F9000
;TYPE:External perimeter
;WIDTH:0.419999
G1 F900
G1 X128.29 Y101.21 E.01447
G1 X128.29 Y104.79 E.04797
G1 X127.21 Y104.79 E.01447
G1 X127.21 Y101.27 E.04716
G1 E-3.5 F3600
;WIPE_START
G1 F7200
G1 X127.21 Y101.21 E-.0285
G1 X128.29 Y101.21 E-.513
G1 X128.29 Y103.228 E-.9585
;WIPE_END
G1 X127.75 Y118.25 F9000
G1 E5 F2400
;TYPE:Perimeter
;WIDTH:0.694338
G1 F900
G1 X127.75 Y115.75 E.05631
G1 X127.21 Y115.21 F9000
;TYPE:External perimeter
;WIDTH:0.419999
G1 F900
G1 X128.29 Y115.21 E.01447
G1 X128.29 Y118.79 E.04797
G1 X127.21 Y118.79 E.01447
G1 X127.21 Y115.27 E.04716
;LAYER_CHANGE
;Z:4.01267
;HEIGHT:0.0526681
;BEFORE_LAYER_CHANGE
G92 E0
;4.01267


G1 E-3.5 F3600
;WIPE_START
G1 F7200
G1 X127.21 Y115.21 E-.0285
G1 X128.29 Y115.21 E-.513
G1 X128.29 Y117.228 E-.9585
;WIPE_END
G1 Z4.013 F9000
;AFTER_LAYER_CHANGE
;4.01267
G1 X93.423 Y110
G1 E5 F2400
;TYPE:Support material
;WIDTH:0.36
;HEIGHT:0.292668
G1 F900
G1 X95.229 Y110 E.06531
G1 X95.229 Y108.657 E.04857
G1 X93.423 Y108.657 E.06531
G1 X93.423 Y107.314 E.04857
G1 X95.229 Y107.314 E.06531
G1 X95.229 Y105.972 E.04853
G1 X93.423 Y105.972 E.06531
G1 X93.423 Y104.629 E.04857
G1 X95.229 Y104.629 E.06531
G1 X95.229 Y103.286 E.04857
G1 X93.423 Y103.286 E.06531
G1 E-3.5 F3600
;WIPE_START
G1 F7200
G1 X95.229 Y103.286 E-.85785
G1 X95.229 Y104.629 E-.63793
G1 X95.22 Y104.629 E-.00422
;WIPE_END
G1 X124.771 Y100.6 F9000
G1 E5 F2400
G1 F900
G1 X126.801 Y100.6 E.07341
G1 X126.577 Y100.825 E.01148
G1 X126.577 Y101.943 E.04043
G1 X124.771 Y101.943 E.06531
G1 X124.771 Y103.286 E.04857
G1 X126.577 Y103.286 E.06531
G1 X126.577 Y104.629 E.04857
G1 X124.771 Y104.629 E.06531
G1 X124.771 Y105.972 E.04857
G1 X127.457 Y105.972 E.09713
G1 E-3.5 F3600
;WIPE_START
G1 F7200
G1 X124.771 Y105.972 E-1.27585
G1 X124.771 Y105.5 E-.22415
;WIPE_END
G1 X126.577 Y115.2 F9000
G1 E5 F2400
G1 F900
G1 X126.577 Y114.825 E.01356
G1 X126.825 Y114.577 E.01268
G1 X127.457 Y114.577 E.02285
G1 X127.457 Y114.028 E.01985
G1 X124.771 Y114.028 E.09713
G1 X124.771 Y115.371 E.04857
G1 X126.577 Y115.371 E.06531
G1 X126.577 Y116.714 E.04857
G1 X124.771 Y116.714 E.06531
G1 X124.771 Y118.057 E.04857
G1 X126.577 Y118.057 E.06531
G1 X126.577 Y119.175 E.04043
G1 X126.801 Y119.4 E.01148
G1 X124.771 Y119.4 E.07341
;LAYER_CHANGE
;Z:4.04
;HEIGHT:0.0273318
;BEFORE_LAYER_CHANGE
G92 E0
;4.04


G1 E-3.5 F3600
;WIPE_START
G1 F7200
G1 X126.801 Y119.4 E-.96425
G1 X126.577 Y119.175 E-.15081
G1 X126.577 Y118.365 E-.38494
;WIPE_END
G1 Z4.04 F9000
;AFTER_LAYER_CHANGE
;4.04
G1 X92.25 Y109.25
G1 E5 F2400
;TYPE:Perimeter
;WIDTH:0.694338
;HEIGHT:0.08
G1 F900
G1 X92.25 Y101.75 E.16892
G1 X91.71 Y101.21 F9000
;TYPE:External perimeter
;WIDTH:0.419999
G1 F900
G1 X92.79 Y101.21 E.01447
G1 X92.79 Y109.79 E.11496
G1 X91.71 Y109.79 E.01447
G1 X91.71 Y101.27 E.11415
G1 E-3.5 F3600
;WIPE_START
G1 F7200
G1 X91.71 Y101.21 E-.0285
G1 X92.79 Y101.21 E-.513
G1 X92.79 Y103.228 E-.9585
;WIPE_END
G1 X127.75 Y104.25 F9000
G1 E5 F2400
;TYPE:Perimeter
;WIDTH:0.694338
G1 F900
G1 X127.75 Y101.75 E.05631
G1 X127.21 Y101.21 F9000
;TYPE:External perimeter
;WIDTH:0.419999
G1 F900
G1 X128.29 Y101.21 E.01447
G1 X128.29 Y104.79 E.04797
G1 X127.21 Y104.79 E.01447
G1 X127.21 Y101.27 E.04716
G1 E-3.5 F3600
;WIPE_START
G1 F7200
G1 X127.21 Y101.21 E-.0285
G1 X128.29 Y101.21 E-.513
G1 X128.29 Y103.228 E-.9585
;WIPE_END
G1 X127.75 Y118.25 F9000
G1 E5 F2400
;TYPE:Perimeter
;WIDTH:0.694338
G1 F900
G1 X127.75 Y115.75 E.05631
G1 X127.21 Y115.21 F9000
;TYPE:External perimeter
;WIDTH:0.419999
G1 F900
G1 X128.29 Y115.21 E.01447
G1 X128.29 Y118.79 E.04797
G1 X127.21 Y118.79 E.01447
G1 X127.21 Y115.27 E.04716
;LAYER_CHANGE
;Z:4.12
;HEIGHT:0.0799999
;BEFORE_LAYER_CHANGE
G92 E0
;4.12


G1 E-3.5 F3600
;WIPE_START
G1 F7200
G1 X127.21 Y115.21 E-.0285
G1 X128.29 Y115.21 E-.513
G1 X128.29 Y117.228 E-.9585
;WIPE_END
G1 Z4.12 F9000
;AFTER_LAYER_CHANGE
;4.12
G1 X92.25 Y109.25
G1 E5 F2400
;TYPE:Perimeter
;WIDTH:0.694338
G1 F900
G1 X92.25 Y101.75 E.16892
G1 X91.71 Y101.21 F9000
;TYPE:External perimeter
;WIDTH:0.419999
G1 F900
G1 X92.79 Y101.21 E.01447
G1 X92.79 Y109.79 E.11496
G1 X91.71 Y109.79 E.01447
G1 X91.71 Y101.27 E.11415
G1 E-3.5 F3600
;WIPE_START
G1 F7200
G1 X91.71 Y101.21 E-.0285
G1 X92.79 Y101.21 E-.513
G1 X92.79 Y103.228 E-.9585
;WIPE_END
G1 X127.75 Y104.25 F9000
G1 E5 F2400
;TYPE:Perimeter
;WIDTH:0.694338
G1 F900
G1 X127.75 Y101.75 E.05631
G1 X127.21 Y101.21 F9000
;TYPE:External perimeter
;WIDTH:0.419999
G1 F900
G1 X128.29 Y101.21 E.01447
G1 X128.29 Y104.79 E.04797
G1 X127.21 Y104.79 E.01447
G1 X127.21 Y101.27 E.04716
G1 E-3.5 F3600
;WIPE_START
G1 F7200
G1 X127.21 Y101.21 E-.0285
G1 X128.29 Y101.21 E-.513
G1 X128.29 Y103.228 E-.9585
;WIPE_END
G1 X127.75 Y118.25 F9000
G1 E5 F2400
;TYPE:Perimeter
;WIDTH:0.694338
G1 F900
G1 X127.75 Y115.75 E.05631
G1 X127.21 Y115.21 F9000
;TYPE:External perimeter
;WIDTH:0.419999
G1 F900
G1 X128.29 Y115.21 E.01447
G1 X128.29 Y118.79 E.04797
G1 X127.21 Y118.79 E.01447
G1 X127.21 Y115.27 E.04716
;LAYER_CHANGE
;Z:4.2
;HEIGHT:0.0799999
;BEFORE_LAYER_CHANGE
G92 E0
;4.2


G1 E-3.5 F3600
;WIPE_START
G1 F7200
G1 X127.21 Y115.21 E-.0285
G1 X128.29 Y115.21 E-.513
G1 X128.29 Y117.228 E-.9585
;WIPE_END
G1 Z4.2 F9000
;AFTER_LAYER_CHANGE
;4.2
G1 X92.25 Y109.25
G1 E5 F2400
;TYPE:Perimeter
;WIDTH:0.694338
G1 F900
G1 X92.25 Y101.75 E.16892
G1 X91.71 Y101.21 F9000
;TYPE:External perimeter
;WIDTH:0.419999
G1 F900
G1 X92.79 Y101.21 E.01447
G1 X92.79 Y109.79 E.11496
G1 X91.71 Y109.79 E.01447
G1 X91.71 Y101.27 E.11415
G1 E-3.5 F3600
;WIPE_START
G1 F7200
G1 X91.71 Y101.21 E-.0285
G1 X92.79 Y101.21 E-.513
G1 X92.79 Y103.228 E-.9585
;WIPE_END
G1 X127.75 Y104.25 F9000
G1 E5 F2400
;TYPE:Perimeter
;WIDTH:0.694338
G1 F900
G1 X127.75 Y101.75 E.05631
G1 X127.21 Y101.21 F9000
;TYPE:External perimeter
;WIDTH:0.419999
G1 F900
G1 X128.29 Y101.21 E.01447
G1 X128.29 Y104.79 E.04797
G1 X127.21 Y104.79 E.01447
G1 X127.21 Y101.27 E.04716
G1 E-3.5 F3600
;WIPE_START
G1 F7200
G1 X127.21 Y101.21 E-.0285
G1 X128.29 Y101.21 E-.513
G1 X128.29 Y103.228 E-.9585
;WIPE_END
G1 X127.75 Y118.25 F9000
G1 E5 F2400
;TYPE:Perimeter
;WIDTH:0.694338
G1 F900
G1 X127.75 Y115.75 E.05631
G1 X127.21 Y115.21 F9000
;TYPE:External perimeter
;WIDTH:0.419999
G1 F900
G1 X128.29 Y115.21 E.01447
G1 X128.29 Y118.79 E.04797
G1 X127.21 Y118.79 E.01447
G1 X127.21 Y115.27 E.04716
;LAYER_CHANGE
;Z:4.28
;HEIGHT:0.0800004
;BEFORE_LAYER_CHANGE
G92 E0
;4.28


G1 E-3.5 F3600
;WIPE_START
G1 F7200
G1 X127.21 Y115.21 E-.0285
G1 X128.29 Y115.21 E-.513
G1 X128.29 Y117.228 E-.9585
;WIPE_END
G1 Z4.28 F9000
;AFTER_LAYER_CHANGE
;4.28
G1 X92.25 Y109.25
G1 E5 F2400
;TYPE:Perimeter
;WIDTH:0.694338
G1 F900
G1 X92.25 Y101.75 E.16892
G1 X91.71 Y101.21 F9000
;TYPE:External perimeter
;WIDTH:0.419999
G1 F900
G1 X92.79 Y101.21 E.01447
G1 X92.79 Y109.79 E.11496
G1 X91.71 Y109.79 E.01447
G1 X91.71 Y101.27 E.11415
G1 E-3.5 F3600
;WIPE_START
G1 F7200
G1 X91.71 Y101.21 E-.0285
G1 X92.79 Y101.21 E-.513
G1 X92.79 Y103.228 E-.9585
;WIPE_END
G1 X127.75 Y104.25 F9000
G1 E5 F2400
;TYPE:Perimeter
;WIDTH:0.694338
G1 F900
G1 X127.75 Y101.75 E.05631
G1 X127.21 Y101.21 F9000
;TYPE:External perimeter
;WIDTH:0.419999
G1 F900
G1 X128.29 Y101.21 E.01447
G1 X128.29 Y104.79 E.04797
G1 X127.21 Y104.79 E.01447
G1 X127.21 Y101.27 E.04716
G1 E-3.5 F3600
;WIPE_START
G1 F7200
G1 X127.21 Y101.21 E-.0285
G1 X128.29 Y101.21 E-.513
G1 X128.29 Y103.228 E-.9585
;WIPE_END
G1 X127.75 Y118.25 F9000
G1 E5 F2400
;TYPE:Perimeter
;WIDTH:0.694338
G1 F900
G1 X127.75 Y115.75 E.05631
G1 X127.21 Y115.21 F9000
;TYPE:External perimeter
;WIDTH:0.419999
G1 F900
G1 X128.29 Y115.21 E.01447
G1 X128.29 Y118.79 E.04797
G1 X127.21 Y118.79 E.01447
G1 X127.21 Y115.27 E.04716
;LAYER_CHANGE
;Z:4.31305
;HEIGHT:0.0330491
;BEFORE_LAYER_CHANGE
G92 E0
;4.31305


G1 E-3.5 F3600
;WIPE_START
G1 F7200
G1 X127.21 Y115.21 E-.0285
G1 X128.29 Y115.21 E-.513
G1 X128.29 Y117.228 E-.9585
;WIPE_END
G1 Z4.313 F9000
;AFTER_LAYER_CHANGE
;4.31305
G1 X93.423 Y110
G1 E5 F2400
;TYPE:Support material
;WIDTH:0.36
;HEIGHT:0.300381
G1 F900
G1 X95.229 Y110 E.06666
G1 X95.229 Y108.657 E.04957
G1 X93.423 Y108.657 E.06666
G1 X93.423 Y107.314 E.04957
G1 X95.229 Y107.314 E.06666
G1 X95.229 Y105.972 E.04953
G1 X93.423 Y105.972 E.06666
G1 X93.423 Y104.629 E.04957
G1 X95.229 Y104.629 E.06666
G1 X95.229 Y103.286 E.04957
G1 X93.423 Y103.286 E.06666
G1 E-3.5 F3600
;WIPE_START
G1 F7200
G1 X95.229 Y103.286 E-.85785
G1 X95.229 Y104.629 E-.63793
G1 X95.22 Y104.629 E-.00422
;WIPE_END
G1 X124.771 Y100.6 F9000
G1 E5 F2400
G1 F900
G1 X126.801 Y100.6 E.07492
G1 X126.577 Y100.825 E.01172
G1 X126.577 Y101.943 E.04126
G1 X124.771 Y101.943 E.06666
G1 X124.771 Y103.286 E.04957
G1 X126.577 Y103.286 E.06666
G1 X126.577 Y104.629 E.04957
G1 X124.771 Y104.629 E.06666
G1 X124.771 Y105.972 E.04957
G1 X127.457 Y105.972 E.09913
G1 E-3.5 F3600
;WIPE_START
G1 F7200
G1 X124.771 Y105.972 E-1.27585
G1 X124.771 Y105.5 E-.22415
;WIPE_END
G1 X126.577 Y115.2 F9000
G1 E5 F2400
G1 F900
G1 X126.577 Y114.825 E.01384
G1 X126.825 Y114.577 E.01294
G1 X127.457 Y114.577 E.02333
G1 X127.457 Y114.028 E.02026
G1 X124.771 Y114.028 E.09913
G1 X124.771 Y115.371 E.04957
G1 X126.577 Y115.371 E.06666
G1 X126.577 Y116.714 E.04957
G1 X124.771 Y116.714 E.06666
G1 X124.771 Y118.057 E.04957
G1 X126.577 Y118.057 E.06666
G1 X126.577 Y119.175 E.04126
G1 X126.801 Y119.4 E.01172
G1 X124.771 Y119.4 E.07492
;LAYER_CHANGE
;Z:4.36
;HEIGHT:0.0469508
;BEFORE_LAYER_CHANGE
G92 E0
;4.36


G1 E-3.5 F3600
;WIPE_START
G1 F7200
G1 X126.801 Y119.4 E-.96425
G1 X126.577 Y119.175 E-.15081
G1 X126.577 Y118.365 E-.38494
;WIPE_END
G1 Z4.36 F9000
;AFTER_LAYER_CHANGE
;4.36
G1 X92.25 Y109.25
G1 E5 F2400
;TYPE:Perimeter
;WIDTH:0.694338
;HEIGHT:0.08
G1 F900
G1 X92.25 Y101.75 E.16892
G1 X91.71 Y101.21 F9000
;TYPE:External perimeter
;WIDTH:0.419999
G1 F900
G1 X92.79 Y101.21 E.01447
G1 X92.79 Y109.79 E.11496
G1 X91.71 Y109.79 E.01447
G1 X91.71 Y101.27 E.11415
G1 E-3.5 F3600
;WIPE_START
G1 F7200
G1 X91.71 Y101.21 E-.0285
G1 X92.79 Y101.21 E-.513
G1 X92.79 Y103.228 E-.9585
;WIPE_END
G1 X127.75 Y104.25 F9000
G1 E5 F2400
;TYPE:Perimeter
;WIDTH:0.694338
G1 F900
G1 X127.75 Y101.75 E.05631
G1 X127.21 Y101.21 F9000
;TYPE:External perimeter
;WIDTH:0.419999
G1 F900
G1 X128.29 Y101.21 E.01447
G1 X128.29 Y104.79 E.04797
G1 X127.21 Y104.79 E.01447
G1 X127.21 Y101.27 E.04716
G1 E-3.5 F3600
;WIPE_START
G1 F7200
G1 X127.21 Y101.21 E-.0285
G1 X128.29 Y101.21 E-.513
G1 X128.29 Y103.228 E-.9585
;WIPE_END
G1 X127.75 Y118.25 F9000
G1 E5 F2400
;TYPE:Perimeter
;WIDTH:0.694338
G1 F900
G1 X127.75 Y115.75 E.05631
G1 X127.21 Y115.21 F9000
;TYPE:External perimeter
;WIDTH:0.419999
G1 F900
G1 X128.29 Y115.21 E.01447
G1 X128.29 Y118.79 E.04797
G1 X127.21 Y118.79 E.01447
G1 X127.21 Y115.27 E.04716
;LAYER_CHANGE
;Z:4.44
;HEIGHT:0.0799999
;BEFORE_LAYER_CHANGE
G92 E0
;4.44


G1 E-3.5 F3600
;WIPE_START
G1 F7200
G1 X127.21 Y115.21 E-.0285
G1 X128.29 Y115.21 E-.513
G1 X128.29 Y117.228 E-.9585
;WIPE_END
G1 Z4.44 F9000
;AFTER_LAYER_CHANGE
;4.44
G1 X92.25 Y109.25
G1 E5 F2400
;TYPE:Perimeter
;WIDTH:0.694338
G1 F900
G1 X92.25 Y101.75 E.16892
G1 X91.71 Y101.21 F9000
;TYPE:External perimeter
;WIDTH:0.419999
G1 F900
G1 X92.79 Y101.21 E.01447
G1 X92.79 Y109.79 E.11496
G1 X91.71 Y109.79 E.01447
G1 X91.71 Y101.27 E.11415
G1 E-3.5 F3600
;WIPE_START
G1 F7200
G1 X91.71 Y101.21 E-.0285
G1 X92.79 Y101.21 E-.513
G1 X92.79 Y103.228 E-.9585
;WIPE_END
G1 X127.75 Y104.25 F9000
G1 E5 F2400
;TYPE:Perimeter
;WIDTH:0.694338
G1 F900
G1 X127.75 Y101.75 E.05631
G1 X127.21 Y101.21 F9000
;TYPE:External perimeter
;WIDTH:0.419999
G1 F900
G1 X128.29 Y101.21 E.01447
G1 X128.29 Y104.79 E.04797
G1 X127.21 Y104.79 E.01447
G1 X127.21 Y101.27 E.04716
G1 E-3.5 F3600
;WIPE_START
G1 F7200
G1 X127.21 Y101.21 E-.0285
G1 X128.29 Y101.21 E-.513
G1 X128.29 Y103.228 E-.9585
;WIPE_END
G1 X127.75 Y118.25 F9000
G1 E5 F2400
;TYPE:Perimeter
;WIDTH:0.694338
G1 F900
G1 X127.75 Y115.75 E.05631
G1 X127.21 Y115.21 F9000
;TYPE:External perimeter
;WIDTH:0.419999
G1 F900
G1 X128.29 Y115.21 E.01447
G1 X128.29 Y118.79 E.04797
G1 X127.21 Y118.79 E.01447
G1 X127.21 Y115.27 E.04716
;LAYER_CHANGE
;Z:4.52
;HEIGHT:0.0799999
;BEFORE_LAYER_CHANGE
G92 E0
;4.52


G1 E-3.5 F3600
;WIPE_START
G1 F7200
G1 X127.21 Y115.21 E-.0285
G1 X128.29 Y115.21 E-.513
G1 X128.29 Y117.228 E-.9585
;WIPE_END
G1 Z4.52 F9000
;AFTER_LAYER_CHANGE
;4.52
G1 X92.25 Y109.25
G1 E5 F2400
;TYPE:Perimeter
;WIDTH:0.694338
G1 F900
G1 X92.25 Y101.75 E.16892
G1 X91.71 Y101.21 F9000
;TYPE:External perimeter
;WIDTH:0.419999
G1 F900
G1 X92.79 Y101.21 E.01447
G1 X92.79 Y109.79 E.11496
G1 X91.71 Y109.79 E.01447
G1 X91.71 Y101.27 E.11415
G1 E-3.5 F3600
;WIPE_START
G1 F7200
G1 X91.71 Y101.21 E-.0285
G1 X92.79 Y101.21 E-.513
G1 X92.79 Y103.228 E-.9585
;WIPE_END
G1 X127.75 Y104.25 F9000
G1 E5 F2400
;TYPE:Perimeter
;WIDTH:0.694338
G1 F900
G1 X127.75 Y101.75 E.05631
G1 X127.21 Y101.21 F9000
;TYPE:External perimeter
;WIDTH:0.419999
G1 F900
G1 X128.29 Y101.21 E.01447
G1 X128.29 Y104.79 E.04797
G1 X127.21 Y104.79 E.01447
G1 X127.21 Y101.27 E.04716
G1 E-3.5 F3600
;WIPE_START
G1 F7200
G1 X127.21 Y101.21 E-.0285
G1 X128.29 Y101.21 E-.513
G1 X128.29 Y103.228 E-.9585
;WIPE_END
G1 X127.75 Y118.25 F9000
G1 E5 F2400
;TYPE:Perimeter
;WIDTH:0.694338
G1 F900
G1 X127.75 Y115.75 E.05631
G1 X127.21 Y115.21 F9000
;TYPE:External perimeter
;WIDTH:0.419999
G1 F900
G1 X128.29 Y115.21 E.01447
G1 X128.29 Y118.79 E.04797
G1 X127.21 Y118.79 E.01447
G1 X127.21 Y115.27 E.04716
;LAYER_CHANGE
;Z:4.6
;HEIGHT:0.0799999
;BEFORE_LAYER_CHANGE
G92 E0
;4.6


G1 E-3.5 F3600
;WIPE_START
G1 F7200
G1 X127.21 Y115.21 E-.0285
G1 X128.29 Y115.21 E-.513
G1 X128.29 Y117.228 E-.9585
;WIPE_END
G1 Z4.6 F9000
;AFTER_LAYER_CHANGE
;4.6
G1 X92.25 Y109.25
G1 E5 F2400
;TYPE:Perimeter
;WIDTH:0.694338
G1 F900
G1 X92.25 Y101.75 E.16892
G1 X91.71 Y101.21 F9000
;TYPE:External perimeter
;WIDTH:0.419999
G1 F900
G1 X92.79 Y101.21 E.01447
G1 X92.79 Y109.79 E.11496
G1 X91.71 Y109.79 E.01447
G1 X91.71 Y101.27 E.11415
G1 E-3.5 F3600
;WIPE_START
G1 F7200
G1 X91.71 Y101.21 E-.0285
G1 X92.79 Y101.21 E-.513
G1 X92.79 Y103.228 E-.9585
;WIPE_END
G1 X127.75 Y104.25 F9000
G1 E5 F2400
;TYPE:Perimeter
;WIDTH:0.694338
G1 F900
G1 X127.75 Y101.75 E.05631
G1 X127.21 Y101.21 F9000
;TYPE:External perimeter
;WIDTH:0.419999
G1 F900
G1 X128.29 Y101.21 E.01447
G1 X128.29 Y104.79 E.04797
G1 X127.21 Y104.79 E.01447
G1 X127.21 Y101.27 E.04716
G1 E-3.5 F3600
;WIPE_START
G1 F7200
G1 X127.21 Y101.21 E-.0285
G1 X128.29 Y101.21 E-.513
G1 X128.29 Y103.228 E-.9585
;WIPE_END
G1 X127.75 Y118.25 F9000
G1 E5 F2400
;TYPE:Perimeter
;WIDTH:0.694338
G1 F900
G1 X127.75 Y115.75 E.05631
G1 X127.21 Y115.21 F9000
;TYPE:External perimeter
;WIDTH:0.419999
G1 F900
G1 X128.29 Y115.21 E.01447
G1 X128.29 Y118.79 E.04797
G1 X127.21 Y118.79 E.01447
G1 X127.21 Y115.27 E.04716
;LAYER_CHANGE
;Z:4.61343
;HEIGHT:0.0134306
;BEFORE_LAYER_CHANGE
G92 E0
;4.61343


G1 E-3.5 F3600
;WIPE_START
G1 F7200
G1 X127.21 Y115.21 E-.0285
G1 X128.29 Y115.21 E-.513
G1 X128.29 Y117.228 E-.9585
;WIPE_END
G1 Z4.613 F9000
;AFTER_LAYER_CHANGE
;4.61343
G1 X93.423 Y110
G1 E5 F2400
;TYPE:Support material
;WIDTH:0.36
;HEIGHT:0.300381
G1 F900
G1 X95.229 Y110 E.06666
G1 X95.229 Y108.657 E.04957
G1 X93.423 Y108.657 E.06666
G1 X93.423 Y107.314 E.04957
G1 X95.229 Y107.314 E.06666
G1 X95.229 Y105.972 E.04953
G1 X93.423 Y105.972 E.06666
G1 X93.423 Y104.629 E.04957
G1 X95.229 Y104.629 E.06666
G1 X95.229 Y103.286 E.04957
G1 X93.423 Y103.286 E.06666
G1 E-3.5 F3600
;WIPE_START
G1 F7200
G1 X95.229 Y103.286 E-.85785
G1 X95.229 Y104.629 E-.63793
G1 X95.22 Y104.629 E-.00422
;WIPE_END
G1 X124.771 Y100.6 F9000
G1 E5 F2400
G1 F900
G1 X126.801 Y100.6 E.07492
G1 X126.577 Y100.825 E.01172
G1 X126.577 Y101.943 E.04126
G1 X124.771 Y101.943 E.06666
G1 X124.771 Y103.286 E.04957
G1 X126.577 Y103.286 E.06666
G1 X126.577 Y104.629 E.04957
G1 X124.771 Y104.629 E.06666
G1 X124.771 Y105.972 E.04957
G1 X127.457 Y105.972 E.09913
G1 E-3.5 F3600
;WIPE_START
G1 F7200
G1 X124.771 Y105.972 E-1.27585
G1 X124.771 Y105.5 E-.22415
;WIPE_END
G1 X126.577 Y115.2 F9000
G1 E5 F2400
G1 F900
G1 X126.577 Y114.825 E.01384
G1 X126.825 Y114.577 E.01294
G1 X127.457 Y114.577 E.02333
G1 X127.457 Y114.028 E.02026
G1 X124.771 Y114.028 E.09913
G1 X124.771 Y115.371 E.04957
G1 X126.577 Y115.371 E.06666
G1 X126.577 Y116.714 E.04957
G1 X124.771 Y116.714 E.06666
G1 X124.771 Y118.057 E.04957
G1 X126.577 Y118.057 E.06666
G1 X126.577 Y119.175 E.04126
G1 X126.801 Y119.4 E.01172
G1 X124.771 Y119.4 E.07492
;LAYER_CHANGE
;Z:4.68
;HEIGHT:0.0665693
;BEFORE_LAYER_CHANGE
G92 E0
;4.68


G1 E-3.5 F3600
;WIPE_START
G1 F7200
G1 X126.801 Y119.4 E-.96425
G1 X126.577 Y119.175 E-.15081
G1 X126.577 Y118.365 E-.38494
;WIPE_END
G1 Z4.68 F9000
;AFTER_LAYER_CHANGE
;4.68
G1 X92.25 Y109.25
G1 E5 F2400
;TYPE:Perimeter
;WIDTH:0.694338
;HEIGHT:0.08
G1 F900
G1 X92.25 Y101.75 E.16892
G1 X91.71 Y101.21 F9000
;TYPE:External perimeter
;WIDTH:0.419999
G1 F900
G1 X92.79 Y101.21 E.01447
G1 X92.79 Y109.79 E.11496
G1 X91.71 Y109.79 E.01447
G1 X91.71 Y101.27 E.11415
G1 E-3.5 F3600
;WIPE_START
G1 F7200
G1 X91.71 Y101.21 E-.0285
G1 X92.79 Y101.21 E-.513
G1 X92.79 Y103.228 E-.9585
;WIPE_END
G1 X127.75 Y104.25 F9000
G1 E5 F2400
;TYPE:Perimeter
;WIDTH:0.694338
G1 F900
G1 X127.75 Y101.75 E.05631
G1 X127.21 Y101.21 F9000
;TYPE:External perimeter
;WIDTH:0.419999
G1 F900
G1 X128.29 Y101.21 E.01447
G1 X128.29 Y104.79 E.04797
G1 X127.21 Y104.79 E.01447
G1 X127.21 Y101.27 E.04716
G1 E-3.5 F3600
;WIPE_START
G1 F7200
G1 X127.21 Y101.21 E-.0285
G1 X128.29 Y101.21 E-.513
G1 X128.29 Y103.228 E-.9585
;WIPE_END
G1 X127.75 Y118.25 F9000
G1 E5 F2400
;TYPE:Perimeter
;WIDTH:0.694338
G1 F900
G1 X127.75 Y115.75 E.05631
G1 X127.21 Y115.21 F9000
;TYPE:External perimeter
;WIDTH:0.419999
G1 F900
G1 X128.29 Y115.21 E.01447
G1 X128.29 Y118.79 E.04797
G1 X127.21 Y118.79 E.01447
G1 X127.21 Y115.27 E.04716
;LAYER_CHANGE
;Z:4.76
;HEIGHT:0.0800004
;BEFORE_LAYER_CHANGE
G92 E0
;4.76


G1 E-3.5 F3600
;WIPE_START
G1 F7200
G1 X127.21 Y115.21 E-.0285
G1 X128.29 Y115.21 E-.513
G1 X128.29 Y117.228 E-.9585
;WIPE_END
G1 Z4.76 F9000
;AFTER_LAYER_CHANGE
;4.76
G1 X92.25 Y109.25
G1 E5 F2400
;TYPE:Perimeter
;WIDTH:0.694338
G1 F900
G1 X92.25 Y101.75 E.16892
G1 X91.71 Y101.21 F9000
;TYPE:External perimeter
;WIDTH:0.419999
G1 F900
G1 X92.79 Y101.21 E.01447
G1 X92.79 Y109.79 E.11496
G1 X91.71 Y109.79 E.01447
G1 X91.71 Y101.27 E.11415
G1 E-3.5 F3600
;WIPE_START
G1 F7200
G1 X91.71 Y101.21 E-.0285
G1 X92.79 Y101.21 E-.513
G1 X92.79 Y103.228 E-.9585
;WIPE_END
G1 X127.75 Y104.25 F9000
G1 E5 F2400
;TYPE:Perimeter
;WIDTH:0.694338
G1 F900
G1 X127.75 Y101.75 E.05631
G1 X127.21 Y101.21 F9000
;TYPE:External perimeter
;WIDTH:0.419999
G1 F900
G1 X128.29 Y101.21 E.01447
G1 X128.29 Y104.79 E.04797
G1 X127.21 Y104.79 E.01447
G1 X127.21 Y101.27 E.04716
G1 E-3.5 F3600
;WIPE_START
G1 F7200
G1 X127.21 Y101.21 E-.0285
G1 X128.29 Y101.21 E-.513
G1 X128.29 Y103.228 E-.9585
;WIPE_END
G1 X127.75 Y118.25 F9000
G1 E5 F2400
;TYPE:Perimeter
;WIDTH:0.694338
G1 F900
G1 X127.75 Y115.75 E.05631
G1 X127.21 Y115.21 F9000
;TYPE:External perimeter
;WIDTH:0.419999
G1 F900
G1 X128.29 Y115.21 E.01447
G1 X128.29 Y118.79 E.04797
G1 X127.21 Y118.79 E.01447
G1 X127.21 Y115.27 E.04716
;LAYER_CHANGE
;Z:4.84
;HEIGHT:0.0799999
;BEFORE_LAYER_CHANGE
G92 E0
;4.84


G1 E-3.5 F3600
;WIPE_START
G1 F7200
G1 X127.21 Y115.21 E-.0285
G1 X128.29 Y115.21 E-.513
G1 X128.29 Y117.228 E-.9585
;WIPE_END
G1 Z4.84 F9000
;AFTER_LAYER_CHANGE
;4.84
G1 X92.25 Y109.25
G1 E5 F2400
;TYPE:Perimeter
;WIDTH:0.694338
G1 F900
G1 X92.25 Y101.75 E.16892
G1 X91.71 Y101.21 F9000
;TYPE:External perimeter
;WIDTH:0.419999
G1 F900
G1 X92.79 Y101.21 E.01447
G1 X92.79 Y109.79 E.11496
G1 X91.71 Y109.79 E.01447
G1 X91.71 Y101.27 E.11415
G1 E-3.5 F3600
;WIPE_START
G1 F7200
G1 X91.71 Y101.21 E-.0285
G1 X92.79 Y101.21 E-.513
G1 X92.79 Y103.228 E-.9585
;WIPE_END
G1 X127.75 Y104.25 F9000
G1 E5 F2400
;TYPE:Perimeter
;WIDTH:0.694338
G1 F900
G1 X127.75 Y101.75 E.05631
G1 X127.21 Y101.21 F9000
;TYPE:External perimeter
;WIDTH:0.419999
G1 F900
G1 X128.29 Y101.21 E.01447
G1 X128.29 Y104.79 E.04797
G1 X127.21 Y104.79 E.01447
G1 X127.21 Y101.27 E.04716
G1 E-3.5 F3600
;WIPE_START
G1 F7200
G1 X127.21 Y101.21 E-.0285
G1 X128.29 Y101.21 E-.513
G1 X128.29 Y103.228 E-.9585
;WIPE_END
G1 X127.75 Y118.25 F9000
G1 E5 F2400
;TYPE:Perimeter
;WIDTH:0.694338
G1 F900
G1 X127.75 Y115.75 E.05631
G1 X127.21 Y115.21 F9000
;TYPE:External perimeter
;WIDTH:0.419999
G1 F900
G1 X128.29 Y115.21 E.01447
G1 X128.29 Y118.79 E.04797
G1 X127.21 Y118.79 E.01447
G1 X127.21 Y115.27 E.04716
;LAYER_CHANGE
;Z:4.92
;HEIGHT:0.0799999
;BEFORE_LAYER_CHANGE
G92 E0
;4.92


G1 E-3.5 F3600
;WIPE_START
G1 F7200
G1 X127.21 Y115.21 E-.0285
G1 X128.29 Y115.21 E-.513
G1 X128.29 Y117.228 E-.9585
;WIPE_END
G1 Z4.92 F9000
;AFTER_LAYER_CHANGE
;4.92
G1 X93.423 Y110
G1 E5 F2400
;TYPE:Support material
;WIDTH:0.36
;HEIGHT:0.30657
G1 F900
G1 X95.229 Y110 E.06772
G1 X95.229 Y108.657 E.05036
G1 X93.423 Y108.657 E.06772
G1 X93.423 Y107.314 E.05036
G1 X95.229 Y107.314 E.06772
G1 X95.229 Y105.972 E.05032
G1 X93.423 Y105.972 E.06772
G1 X93.423 Y104.629 E.05036
G1 X95.229 Y104.629 E.06772
G1 X95.229 Y103.286 E.05036
G1 X93.423 Y103.286 E.06772
G1 E-3.5 F3600
;WIPE_START
G1 F7200
G1 X95.229 Y103.286 E-.85785
G1 X95.229 Y104.629 E-.63793
G1 X95.22 Y104.629 E-.00422
;WIPE_END
G1 X124.771 Y100.6 F9000
G1 E5 F2400
G1 F900
G1 X126.801 Y100.6 E.07612
G1 X126.577 Y100.825 E.01191
G1 X126.577 Y101.943 E.04192
G1 X124.771 Y101.943 E.06772
G1 X124.771 Y103.286 E.05036
G1 X126.577 Y103.286 E.06772
G1 X126.577 Y104.629 E.05036
G1 X124.771 Y104.629 E.06772
G1 X124.771 Y105.972 E.05036
G1 X127.457 Y105.972 E.10072
G1 E-3.5 F3600
;WIPE_START
G1 F7200
G1 X124.771 Y105.972 E-1.27585
G1 X124.771 Y105.5 E-.22415
;WIPE_END
G1 X126.577 Y115.2 F9000
G1 E5 F2400
G1 F900
G1 X126.577 Y114.825 E.01406
G1 X126.825 Y114.577 E.01315
G1 X127.457 Y114.577 E.0237
G1 X127.457 Y114.028 E.02059
G1 X124.771 Y114.028 E.10072
G1 X124.771 Y115.371 E.05036
G1 X126.577 Y115.371 E.06772
G1 X126.577 Y116.714 E.05036
G1 X124.771 Y116.714 E.06772
G1 X124.771 Y118.057 E.05036
G1 X126.577 Y118.057 E.06772
G1 X126.577 Y119.175 E.04192
G1 X126.801 Y119.4 E.01191
G1 X124.771 Y119.4 E.07612
G1 E-3.5 F3600
;WIPE_START
G1 F7200
G1 X126.801 Y119.4 E-.96425
G1 X126.577 Y119.175 E-.15081
G1 X126.577 Y118.365 E-.38494
;WIPE_END
G1 X92.25 Y109.25 F9000
G1 E5 F2400
;TYPE:Perimeter
;WIDTH:0.694338
;HEIGHT:0.08
G1 F900
G1 X92.25 Y101.75 E.16892
G1 X91.71 Y101.21 F9000
;TYPE:External perimeter
;WIDTH:0.419999
G1 F900
G1 X92.79 Y101.21 E.01447
G1 X92.79 Y109.79 E.11496
G1 X91.71 Y109.79 E.01447
G1 X91.71 Y101.27 E.11415
G1 E-3.5 F3600
;WIPE_START
G1 F7200
G1 X91.71 Y101.21 E-.0285
G1 X92.79 Y101.21 E-.513
G1 X92.79 Y103.228 E-.9585
;WIPE_END
G1 X127.75 Y104.25 F9000
G1 E5 F2400
;TYPE:Perimeter
;WIDTH:0.694338
G1 F900
G1 X127.75 Y101.75 E.05631
G1 X127.21 Y101.21 F9000
;TYPE:External perimeter
;WIDTH:0.419999
G1 F900
G1 X128.29 Y101.21 E.01447
G1 X128.29 Y104.79 E.04797
G1 X127.21 Y104.79 E.01447
G1 X127.21 Y101.27 E.04716
G1 E-3.5 F3600
;WIPE_START
G1 F7200
G1 X127.21 Y101.21 E-.0285
G1 X128.29 Y101.21 E-.513
G1 X128.29 Y103.228 E-.9585
;WIPE_END
G1 X127.75 Y118.25 F9000
G1 E5 F2400
;TYPE:Perimeter
;WIDTH:0.694338
G1 F900
G1 X127.75 Y115.75 E.05631
G1 X127.21 Y115.21 F9000
;TYPE:External perimeter
;WIDTH:0.419999
G1 F900
G1 X128.29 Y115.21 E.01447
G1 X128.29 Y118.79 E.04797
G1 X127.21 Y118.79 E.01447
G1 X127.21 Y115.27 E.04716
;LAYER_CHANGE
;Z:5
;HEIGHT:0.0799999
;BEFORE_LAYER_CHANGE
G92 E0
;5


G1 E-3.5 F3600
;WIPE_START
G1 F7200
G1 X127.21 Y115.21 E-.0285
G1 X128.29 Y115.21 E-.513
G1 X128.29 Y117.228 E-.9585
;WIPE_END
G1 Z5 F9000
;AFTER_LAYER_CHANGE
;5
G1 X92.25 Y109.25
G1 E5 F2400
;TYPE:Perimeter
;WIDTH:0.694338
G1 F900
G1 X92.25 Y101.75 E.16892
G1 X91.71 Y101.21 F9000
;TYPE:External perimeter
;WIDTH:0.419999
G1 F900
G1 X92.79 Y101.21 E.01447
G1 X92.79 Y109.79 E.11496
G1 X91.71 Y109.79 E.01447
G1 X91.71 Y101.27 E.11415
G1 E-3.5 F3600
;WIPE_START
G1 F7200
G1 X91.71 Y101.21 E-.0285
G1 X92.79 Y101.21 E-.513
G1 X92.79 Y103.228 E-.9585
;WIPE_END
G1 X127.75 Y104.25 F9000
G1 E5 F2400
;TYPE:Perimeter
;WIDTH:0.694338
G1 F900
G1 X127.75 Y101.75 E.05631
G1 X127.21 Y101.21 F9000
;TYPE:External perimeter
;WIDTH:0.419999
G1 F900
G1 X128.29 Y101.21 E.01447
G1 X128.29 Y104.79 E.04797
G1 X127.21 Y104.79 E.01447
G1 X127.21 Y101.27 E.04716
G1 E-3.5 F3600
;WIPE_START
G1 F7200
G1 X127.21 Y101.21 E-.0285
G1 X128.29 Y101.21 E-.513
G1 X128.29 Y103.228 E-.9585
;WIPE_END
G1 X127.75 Y118.25 F9000
G1 E5 F2400
;TYPE:Perimeter
;WIDTH:0.694338
G1 F900
G1 X127.75 Y115.75 E.05631
G1 X127.21 Y115.21 F9000
;TYPE:External perimeter
;WIDTH:0.419999
G1 F900
G1 X128.29 Y115.21 E.01447
G1 X128.29 Y118.79 E.04797
G1 X127.21 Y118.79 E.01447
G1 X127.21 Y115.27 E.04716
;LAYER_CHANGE
;Z:5.08
;HEIGHT:0.0799999
;BEFORE_LAYER_CHANGE
G92 E0
;5.08


G1 E-3.5 F3600
;WIPE_START
G1 F7200
G1 X127.21 Y115.21 E-.0285
G1 X128.29 Y115.21 E-.513
G1 X128.29 Y117.228 E-.9585
;WIPE_END
G1 Z5.08 F9000
;AFTER_LAYER_CHANGE
;5.08
G1 X92.25 Y109.25
G1 E5 F2400
;TYPE:Perimeter
;WIDTH:0.694338
G1 F900
G1 X92.25 Y101.75 E.16892
G1 X91.71 Y101.21 F9000
;TYPE:External perimeter
;WIDTH:0.419999
G1 F900
G1 X92.79 Y101.21 E.01447
G1 X92.79 Y109.79 E.11496
G1 X91.71 Y109.79 E.01447
G1 X91.71 Y101.27 E.11415
G1 E-3.5 F3600
;WIPE_START
G1 F7200
G1 X91.71 Y101.21 E-.0285
G1 X92.79 Y101.21 E-.513
G1 X92.79 Y103.228 E-.9585
;WIPE_END
G1 X127.75 Y104.25 F9000
G1 E5 F2400
;TYPE:Perimeter
;WIDTH:0.694338
G1 F900
G1 X127.75 Y101.75 E.05631
G1 X127.21 Y101.21 F9000
;TYPE:External perimeter
;WIDTH:0.419999
G1 F900
G1 X128.29 Y101.21 E.01447
G1 X128.29 Y104.79 E.04797
G1 X127.21 Y104.79 E.01447
G1 X127.21 Y101.27 E.04716
G1 E-3.5 F3600
;WIPE_START
G1 F7200
G1 X127.21 Y101.21 E-.0285
G1 X128.29 Y101.21 E-.513
G1 X128.29 Y103.228 E-.9585
;WIPE_END
G1 X127.75 Y118.25 F9000
G1 E5 F2400
;TYPE:Perimeter
;WIDTH:0.694338
G1 F900
G1 X127.75 Y115.75 E.05631
G1 X127.21 Y115.21 F9000
;TYPE:External perimeter
;WIDTH:0.419999
G1 F900
G1 X128.29 Y115.21 E.01447
G1 X128.29 Y118.79 E.04797
G1 X127.21 Y118.79 E.01447
G1 X127.21 Y115.27 E.04716
;LAYER_CHANGE
;Z:5.16
;HEIGHT:0.0799999
;BEFORE_LAYER_CHANGE
G92 E0
;5.16


G1 E-3.5 F3600
;WIPE_START
G1 F7200
G1 X127.21 Y115.21 E-.0285
G1 X128.29 Y115.21 E-.513
G1 X128.29 Y117.228 E-.9585
;WIPE_END
G1 Z5.16 F9000
;AFTER_LAYER_CHANGE
;5.16
G1 X92.25 Y109.25
G1 E5 F2400
;TYPE:Perimeter
;WIDTH:0.694338
G1 F900
G1 X92.25 Y101.75 E.16892
G1 X91.71 Y101.21 F9000
;TYPE:External perimeter
;WIDTH:0.419999
G1 F900
G1 X92.79 Y101.21 E.01447
G1 X92.79 Y109.79 E.11496
G1 X91.71 Y109.79 E.01447
G1 X91.71 Y101.27 E.11415
G1 E-3.5 F3600
;WIPE_START
G1 F7200
G1 X91.71 Y101.21 E-.0285
G1 X92.79 Y101.21 E-.513
G1 X92.79 Y103.228 E-.9585
;WIPE_END
G1 X127.75 Y104.25 F9000
G1 E5 F2400
;TYPE:Perimeter
;WIDTH:0.694338
G1 F900
G1 X127.75 Y101.75 E.05631
G1 X127.21 Y101.21 F9000
;TYPE:External perimeter
;WIDTH:0.419999
G1 F900
G1 X128.29 Y101.21 E.01447
G1 X128.29 Y104.79 E.04797
G1 X127.21 Y104.79 E.01447
G1 X127.21 Y101.27 E.04716
G1 E-3.5 F3600
;WIPE_START
G1 F7200
G1 X127.21 Y101.21 E-.0285
G1 X128.29 Y101.21 E-.513
G1 X128.29 Y103.228 E-.9585
;WIPE_END
G1 X127.75 Y118.25 F9000
G1 E5 F2400
;TYPE:Perimeter
;WIDTH:0.694338
G1 F900
G1 X127.75 Y115.75 E.05631
G1 X127.21 Y115.21 F9000
;TYPE:External perimeter
;WIDTH:0.419999
G1 F900
G1 X128.29 Y115.21 E.01447
G1 X128.29 Y118.79 E.04797
G1 X127.21 Y118.79 E.01447
G1 X127.21 Y115.27 E.04716
;LAYER_CHANGE
;Z:5.21419
;HEIGHT:0.0541925
;BEFORE_LAYER_CHANGE
G92 E0
;5.21419


G1 E-3.5 F3600
;WIPE_START
G1 F7200
G1 X127.21 Y115.21 E-.0285
G1 X128.29 Y115.21 E-.513
G1 X128.29 Y117.228 E-.9585
;WIPE_END
G1 Z5.214 F9000
;AFTER_LAYER_CHANGE
;5.21419
G1 X93.423 Y110
G1 E5 F2400
;TYPE:Support material
;WIDTH:0.36
;HEIGHT:0.294193
G1 F900
G1 X95.229 Y110 E.06558
G1 X95.229 Y108.657 E.04876
G1 X93.423 Y108.657 E.06558
G1 X93.423 Y107.314 E.04876
G1 X95.229 Y107.314 E.06558
G1 X95.229 Y105.972 E.04873
G1 X93.423 Y105.972 E.06558
G1 X93.423 Y104.629 E.04876
G1 X95.229 Y104.629 E.06558
G1 X95.229 Y103.286 E.04876
G1 X93.423 Y103.286 E.06558
G1 E-3.5 F3600
;WIPE_START
G1 F7200
G1 X95.229 Y103.286 E-.85785
G1 X95.229 Y104.629 E-.63793
G1 X95.22 Y104.629 E-.00422
;WIPE_END
G1 X124.771 Y100.6 F9000
G1 E5 F2400
G1 F900
G1 X126.801 Y100.6 E.07371
G1 X126.577 Y100.825 E.01153
G1 X126.577 Y101.943 E.04059
G1 X124.771 Y101.943 E.06558
G1 X124.771 Y103.286 E.04876
G1 X126.577 Y103.286 E.06558
G1 X126.577 Y104.629 E.04876
G1 X124.771 Y104.629 E.06558
G1 X124.771 Y105.972 E.04876
G1 X127.457 Y105.972 E.09753
G1 E-3.5 F3600
;WIPE_START
G1 F7200
G1 X124.771 Y105.972 E-1.27585
G1 X124.771 Y105.5 E-.22415
;WIPE_END
G1 X126.577 Y115.2 F9000
G1 E5 F2400
G1 F900
G1 X126.577 Y114.825 E.01362
G1 X126.825 Y114.577 E.01273
G1 X127.457 Y114.577 E.02295
G1 X127.457 Y114.028 E.01993
G1 X124.771 Y114.028 E.09753
G1 X124.771 Y115.371 E.04876
G1 X126.577 Y115.371 E.06558
G1 X126.577 Y116.714 E.04876
G1 X124.771 Y116.714 E.06558
G1 X124.771 Y118.057 E.04876
G1 X126.577 Y118.057 E.06558
G1 X126.577 Y119.175 E.04059
G1 X126.801 Y119.4 E.01153
G1 X124.771 Y119.4 E.07371
;LAYER_CHANGE
;Z:5.24
;HEIGHT:0.0258074
;BEFORE_LAYER_CHANGE
G92 E0
;5.24


G1 E-3.5 F3600
;WIPE_START
G1 F7200
G1 X126.801 Y119.4 E-.96425
G1 X126.577 Y119.175 E-.15081
G1 X126.577 Y118.365 E-.38494
;WIPE_END
G1 Z5.24 F9000
;AFTER_LAYER_CHANGE
;5.24
G1 X92.25 Y109.25
G1 E5 F2400
;TYPE:Perimeter
;WIDTH:0.694338
;HEIGHT:0.08
G1 F900
G1 X92.25 Y101.75 E.16892
G1 X91.71 Y101.21 F9000
;TYPE:External perimeter
;WIDTH:0.419999
G1 F900
G1 X92.79 Y101.21 E.01447
G1 X92.79 Y109.79 E.11496
G1 X91.71 Y109.79 E.01447
G1 X91.71 Y101.27 E.11415
G1 E-3.5 F3600
;WIPE_START
G1 F7200
G1 X91.71 Y101.21 E-.0285
G1 X92.79 Y101.21 E-.513
G1 X92.79 Y103.228 E-.9585
;WIPE_END
G1 X127.75 Y104.25 F9000
G1 E5 F2400
;TYPE:Perimeter
;WIDTH:0.694338
G1 F900
G1 X127.75 Y101.75 E.05631
G1 X127.21 Y101.21 F9000
;TYPE:External perimeter
;WIDTH:0.419999
G1 F900
G1 X128.29 Y101.21 E.01447
G1 X128.29 Y104.79 E.04797
G1 X127.21 Y104.79 E.01447
G1 X127.21 Y101.27 E.04716
G1 E-3.5 F3600
;WIPE_START
G1 F7200
G1 X127.21 Y101.21 E-.0285
G1 X128.29 Y101.21 E-.513
G1 X128.29 Y103.228 E-.9585
;WIPE_END
G1 X127.75 Y118.25 F9000
G1 E5 F2400
;TYPE:Perimeter
;WIDTH:0.694338
G1 F900
G1 X127.75 Y115.75 E.05631
G1 X127.21 Y115.21 F9000
;TYPE:External perimeter
;WIDTH:0.419999
G1 F900
G1 X128.29 Y115.21 E.01447
G1 X128.29 Y118.79 E.04797
G1 X127.21 Y118.79 E.01447
G1 X127.21 Y115.27 E.04716
;LAYER_CHANGE
;Z:5.32
;HEIGHT:0.0800004
;BEFORE_LAYER_CHANGE
G92 E0
;5.32


G1 E-3.5 F3600
;WIPE_START
G1 F7200
G1 X127.21 Y115.21 E-.0285
G1 X128.29 Y115.21 E-.513
G1 X128.29 Y117.228 E-.9585
;WIPE_END
G1 Z5.32 F9000
;AFTER_LAYER_CHANGE
;5.32
G1 X92.25 Y109.25
G1 E5 F2400
;TYPE:Perimeter
;WIDTH:0.694338
G1 F900
G1 X92.25 Y101.75 E.16892
G1 X91.71 Y101.21 F9000
;TYPE:External perimeter
;WIDTH:0.419999
G1 F900
G1 X92.79 Y101.21 E.01447
G1 X92.79 Y109.79 E.11496
G1 X91.71 Y109.79 E.01447
G1 X91.71 Y101.27 E.11415
G1 E-3.5 F3600
;WIPE_START
G1 F7200
G1 X91.71 Y101.21 E-.0285
G1 X92.79 Y101.21 E-.513
G1 X92.79 Y103.228 E-.9585
;WIPE_END
G1 X127.75 Y104.25 F9000
G1 E5 F2400
;TYPE:Perimeter
;WIDTH:0.694338
G1 F900
G1 X127.75 Y101.75 E.05631
G1 X127.21 Y101.21 F9000
;TYPE:External perimeter
;WIDTH:0.419999
G1 F900
G1 X128.29 Y101.21 E.01447
G1 X128.29 Y104.79 E.04797
G1 X127.21 Y104.79 E.01447
G1 X127.21 Y101.27 E.04716
G1 E-3.5 F3600
;WIPE_START
G1 F7200
G1 X127.21 Y101.21 E-.0285
G1 X128.29 Y101.21 E-.513
G1 X128.29 Y103.228 E-.9585
;WIPE_END
G1 X127.75 Y118.25 F9000
G1 E5 F2400
;TYPE:Perimeter
;WIDTH:0.694338
G1 F900
G1 X127.75 Y115.75 E.05631
G1 X127.21 Y115.21 F9000
;TYPE:External perimeter
;WIDTH:0.419999
G1 F900
G1 X128.29 Y115.21 E.01447
G1 X128.29 Y118.79 E.04797
G1 X127.21 Y118.79 E.01447
G1 X127.21 Y115.27 E.04716
;LAYER_CHANGE
;Z:5.4
;HEIGHT:0.0799999
;BEFORE_LAYER_CHANGE
G92 E0
;5.4


G1 E-3.5 F3600
;WIPE_START
G1 F7200
G1 X127.21 Y115.21 E-.0285
G1 X128.29 Y115.21 E-.513
G1 X128.29 Y117.228 E-.9585
;WIPE_END
G1 Z5.4 F9000
;AFTER_LAYER_CHANGE
;5.4
G1 X92.25 Y109.25
G1 E5 F2400
;TYPE:Perimeter
;WIDTH:0.694338
G1 F900
G1 X92.25 Y101.75 E.16892
G1 X91.71 Y101.21 F9000
;TYPE:External perimeter
;WIDTH:0.419999
G1 F900
G1 X92.79 Y101.21 E.01447
G1 X92.79 Y109.79 E.11496
G1 X91.71 Y109.79 E.01447
G1 X91.71 Y101.27 E.11415
G1 E-3.5 F3600
;WIPE_START
G1 F7200
G1 X91.71 Y101.21 E-.0285
G1 X92.79 Y101.21 E-.513
G1 X92.79 Y103.228 E-.9585
;WIPE_END
G1 X127.75 Y104.25 F9000
G1 E5 F2400
;TYPE:Perimeter
;WIDTH:0.694338
G1 F900
G1 X127.75 Y101.75 E.05631
G1 X127.21 Y101.21 F9000
;TYPE:External perimeter
;WIDTH:0.419999
G1 F900
G1 X128.29 Y101.21 E.01447
G1 X128.29 Y104.79 E.04797
G1 X127.21 Y104.79 E.01447
G1 X127.21 Y101.27 E.04716
G1 E-3.5 F3600
;WIPE_START
G1 F7200
G1 X127.21 Y101.21 E-.0285
G1 X128.29 Y101.21 E-.513
G1 X128.29 Y103.228 E-.9585
;WIPE_END
G1 X127.75 Y118.25 F9000
G1 E5 F2400
;TYPE:Perimeter
;WIDTH:0.694338
G1 F900
G1 X127.75 Y115.75 E.05631
G1 X127.21 Y115.21 F9000
;TYPE:External perimeter
;WIDTH:0.419999
G1 F900
G1 X128.29 Y115.21 E.01447
G1 X128.29 Y118.79 E.04797
G1 X127.21 Y118.79 E.01447
G1 X127.21 Y115.27 E.04716
;LAYER_CHANGE
;Z:5.48
;HEIGHT:0.0799999
;BEFORE_LAYER_CHANGE
G92 E0
;5.48


G1 E-3.5 F3600
;WIPE_START
G1 F7200
G1 X127.21 Y115.21 E-.0285
G1 X128.29 Y115.21 E-.513
G1 X128.29 Y117.228 E-.9585
;WIPE_END
G1 Z5.48 F9000
;AFTER_LAYER_CHANGE
;5.48
G1 X92.25 Y109.25
G1 E5 F2400
;TYPE:Perimeter
;WIDTH:0.694338
G1 F900
G1 X92.25 Y101.75 E.16892
G1 X91.71 Y101.21 F9000
;TYPE:External perimeter
;WIDTH:0.419999
G1 F900
G1 X92.79 Y101.21 E.01447
G1 X92.79 Y109.79 E.11496
G1 X91.71 Y109.79 E.01447
G1 X91.71 Y101.27 E.11415
G1 E-3.5 F3600
;WIPE_START
G1 F7200
G1 X91.71 Y101.21 E-.0285
G1 X92.79 Y101.21 E-.513
G1 X92.79 Y103.228 E-.9585
;WIPE_END
G1 X127.75 Y104.25 F9000
G1 E5 F2400
;TYPE:Perimeter
;WIDTH:0.694338
G1 F900
G1 X127.75 Y101.75 E.05631
G1 X127.21 Y101.21 F9000
;TYPE:External perimeter
;WIDTH:0.419999
G1 F900
G1 X128.29 Y101.21 E.01447
G1 X128.29 Y104.79 E.04797
G1 X127.21 Y104.79 E.01447
G1 X127.21 Y101.27 E.04716
G1 E-3.5 F3600
;WIPE_START
G1 F7200
G1 X127.21 Y101.21 E-.0285
G1 X128.29 Y101.21 E-.513
G1 X128.29 Y103.228 E-.9585
;WIPE_END
G1 X127.75 Y118.25 F9000
G1 E5 F2400
;TYPE:Perimeter
;WIDTH:0.694338
G1 F900
G1 X127.75 Y115.75 E.05631
G1 X127.21 Y115.21 F9000
;TYPE:External perimeter
;WIDTH:0.419999
G1 F900
G1 X128.29 Y115.21 E.01447
G1 X128.29 Y118.79 E.04797
G1 X127.21 Y118.79 E.01447
G1 X127.21 Y115.27 E.04716
;LAYER_CHANGE
;Z:5.51457
;HEIGHT:0.0345736
;BEFORE_LAYER_CHANGE
G92 E0
;5.51457


G1 E-3.5 F3600
;WIPE_START
G1 F7200
G1 X127.21 Y115.21 E-.0285
G1 X128.29 Y115.21 E-.513
G1 X128.29 Y117.228 E-.9585
;WIPE_END
G1 Z5.515 F9000
;AFTER_LAYER_CHANGE
;5.51457
G1 X93.423 Y110
G1 E5 F2400
;TYPE:Support material
;WIDTH:0.36
;HEIGHT:0.300381
G1 F900
G1 X95.229 Y110 E.06666
G1 X95.229 Y108.657 E.04957
G1 X93.423 Y108.657 E.06666
G1 X93.423 Y107.314 E.04957
G1 X95.229 Y107.314 E.06666
G1 X95.229 Y105.972 E.04953
G1 X93.423 Y105.972 E.06666
G1 X93.423 Y104.629 E.04957
G1 X95.229 Y104.629 E.06666
G1 X95.229 Y103.286 E.04957
G1 X93.423 Y103.286 E.06666
G1 E-3.5 F3600
;WIPE_START
G1 F7200
G1 X95.229 Y103.286 E-.85785
G1 X95.229 Y104.629 E-.63793
G1 X95.22 Y104.629 E-.00422
;WIPE_END
G1 X124.771 Y100.6 F9000
G1 E5 F2400
G1 F900
G1 X126.801 Y100.6 E.07492
G1 X126.577 Y100.825 E.01172
G1 X126.577 Y101.943 E.04126
G1 X124.771 Y101.943 E.06666
G1 X124.771 Y103.286 E.04957
G1 X126.577 Y103.286 E.06666
G1 X126.577 Y104.629 E.04957
G1 X124.771 Y104.629 E.06666
G1 X124.771 Y105.972 E.04957
G1 X127.457 Y105.972 E.09913
G1 E-3.5 F3600
;WIPE_START
G1 F7200
G1 X124.771 Y105.972 E-1.27585
G1 X124.771 Y105.5 E-.22415
;WIPE_END
G1 X126.577 Y115.2 F9000
G1 E5 F2400
G1 F900
G1 X126.577 Y114.825 E.01384
G1 X126.825 Y114.577 E.01294
G1 X127.457 Y114.577 E.02333
G1 X127.457 Y114.028 E.02026
G1 X124.771 Y114.028 E.09913
G1 X124.771 Y115.371 E.04957
G1 X126.577 Y115.371 E.06666
G1 X126.577 Y116.714 E.04957
G1 X124.771 Y116.714 E.06666
G1 X124.771 Y118.057 E.04957
G1 X126.577 Y118.057 E.06666
G1 X126.577 Y119.175 E.04126
G1 X126.801 Y119.4 E.01172
G1 X124.771 Y119.4 E.07492
;LAYER_CHANGE
;Z:5.56
;HEIGHT:0.0454264
;BEFORE_LAYER_CHANGE
G92 E0
;5.56


G1 E-3.5 F3600
;WIPE_START
G1 F7200
G1 X126.801 Y119.4 E-.96425
G1 X126.577 Y119.175 E-.15081
G1 X126.577 Y118.365 E-.38494
;WIPE_END
G1 Z5.56 F9000
;AFTER_LAYER_CHANGE
;5.56
G1 X92.25 Y109.25
G1 E5 F2400
;TYPE:Perimeter
;WIDTH:0.694338
;HEIGHT:0.08
G1 F900
G1 X92.25 Y101.75 E.16892
G1 X91.71 Y101.21 F9000
;TYPE:External perimeter
;WIDTH:0.419999
G1 F900
G1 X92.79 Y101.21 E.01447
G1 X92.79 Y109.79 E.11496
G1 X91.71 Y109.79 E.01447
G1 X91.71 Y101.27 E.11415
G1 E-3.5 F3600
;WIPE_START
G1 F7200
G1 X91.71 Y101.21 E-.0285
G1 X92.79 Y101.21 E-.513
G1 X92.79 Y103.228 E-.9585
;WIPE_END
G1 X127.75 Y104.25 F9000
G1 E5 F2400
;TYPE:Perimeter
;WIDTH:0.694338
G1 F900
G1 X127.75 Y101.75 E.05631
G1 X127.21 Y101.21 F9000
;TYPE:External perimeter
;WIDTH:0.419999
G1 F900
G1 X128.29 Y101.21 E.01447
G1 X128.29 Y104.79 E.04797
G1 X127.21 Y104.79 E.01447
G1 X127.21 Y101.27 E.04716
G1 E-3.5 F3600
;WIPE_START
G1 F7200
G1 X127.21 Y101.21 E-.0285
G1 X128.29 Y101.21 E-.513
G1 X128.29 Y103.228 E-.9585
;WIPE_END
G1 X127.75 Y118.25 F9000
G1 E5 F2400
;TYPE:Perimeter
;WIDTH:0.694338
G1 F900
G1 X127.75 Y115.75 E.05631
G1 X127.21 Y115.21 F9000
;TYPE:External perimeter
;WIDTH:0.419999
G1 F900
G1 X128.29 Y115.21 E.01447
G1 X128.29 Y118.79 E.04797
G1 X127.21 Y118.79 E.01447
G1 X127.21 Y115.27 E.04716
;LAYER_CHANGE
;Z:5.64
;HEIGHT:0.0799999
;BEFORE_LAYER_CHANGE
G92 E0
;5.64


G1 E-3.5 F3600
;WIPE_START
G1 F7200
G1 X127.21 Y115.21 E-.0285
G1 X128.29 Y115.21 E-.513
G1 X128.29 Y117.228 E-.9585
;WIPE_END
G1 Z5.64 F9000
;AFTER_LAYER_CHANGE
;5.64
G1 X92.25 Y109.25
G1 E5 F2400
;TYPE:Perimeter
;WIDTH:0.694338
G1 F900
G1 X92.25 Y101.75 E.16892
G1 X91.71 Y101.21 F9000
;TYPE:External perimeter
;WIDTH:0.419999
G1 F900
G1 X92.79 Y101.21 E.01447
G1 X92.79 Y109.79 E.11496
G1 X91.71 Y109.79 E.01447
G1 X91.71 Y101.27 E.11415
G1 E-3.5 F3600
;WIPE_START
G1 F7200
G1 X91.71 Y101.21 E-.0285
G1 X92.79 Y101.21 E-.513
G1 X92.79 Y103.228 E-.9585
;WIPE_END
G1 X127.75 Y104.25 F9000
G1 E5 F2400
;TYPE:Perimeter
;WIDTH:0.694338
G1 F900
G1 X127.75 Y101.75 E.05631
G1 X127.21 Y101.21 F9000
;TYPE:External perimeter
;WIDTH:0.419999
G1 F900
G1 X128.29 Y101.21 E.01447
G1 X128.29 Y104.79 E.04797
G1 X127.21 Y104.79 E.01447
G1 X127.21 Y101.27 E.04716
G1 E-3.5 F3600
;WIPE_START
G1 F7200
G1 X127.21 Y101.21 E-.0285
G1 X128.29 Y101.21 E-.513
G1 X128.29 Y103.228 E-.9585
;WIPE_END
G1 X127.75 Y118.25 F9000
G1 E5 F2400
;TYPE:Perimeter
;WIDTH:0.694338
G1 F900
G1 X127.75 Y115.75 E.05631
G1 X127.21 Y115.21 F9000
;TYPE:External perimeter
;WIDTH:0.419999
G1 F900
G1 X128.29 Y115.21 E.01447
G1 X128.29 Y118.79 E.04797
G1 X127.21 Y118.79 E.01447
G1 X127.21 Y115.27 E.04716
;LAYER_CHANGE
;Z:5.72
;HEIGHT:0.0799999
;BEFORE_LAYER_CHANGE
G92 E0
;5.72


G1 E-3.5 F3600
;WIPE_START
G1 F7200
G1 X127.21 Y115.21 E-.0285
G1 X128.29 Y115.21 E-.513
G1 X128.29 Y117.228 E-.9585
;WIPE_END
G1 Z5.72 F9000
;AFTER_LAYER_CHANGE
;5.72
G1 X92.25 Y109.25
G1 E5 F2400
;TYPE:Perimeter
;WIDTH:0.694338
G1 F900
G1 X92.25 Y101.75 E.16892
G1 X91.71 Y101.21 F9000
;TYPE:External perimeter
;WIDTH:0.419999
G1 F900
G1 X92.79 Y101.21 E.01447
G1 X92.79 Y109.79 E.11496
G1 X91.71 Y109.79 E.01447
G1 X91.71 Y101.27 E.11415
G1 E-3.5 F3600
;WIPE_START
G1 F7200
G1 X91.71 Y101.21 E-.0285
G1 X92.79 Y101.21 E-.513
G1 X92.79 Y103.228 E-.9585
;WIPE_END
G1 X127.75 Y104.25 F9000
G1 E5 F2400
;TYPE:Perimeter
;WIDTH:0.694338
G1 F900
G1 X127.75 Y101.75 E.05631
G1 X127.21 Y101.21 F9000
;TYPE:External perimeter
;WIDTH:0.419999
G1 F900
G1 X128.29 Y101.21 E.01447
G1 X128.29 Y104.79 E.04797
G1 X127.21 Y104.79 E.01447
G1 X127.21 Y101.27 E.04716
G1 E-3.5 F3600
;WIPE_START
G1 F7200
G1 X127.21 Y101.21 E-.0285
G1 X128.29 Y101.21 E-.513
G1 X128.29 Y103.228 E-.9585
;WIPE_END
G1 X127.75 Y118.25 F9000
G1 E5 F2400
;TYPE:Perimeter
;WIDTH:0.694338
G1 F900
G1 X127.75 Y115.75 E.05631
G1 X127.21 Y115.21 F9000
;TYPE:External perimeter
;WIDTH:0.419999
G1 F900
G1 X128.29 Y115.21 E.01447
G1 X128.29 Y118.79 E.04797
G1 X127.21 Y118.79 E.01447
G1 X127.21 Y115.27 E.04716
;LAYER_CHANGE
;Z:5.8
;HEIGHT:0.0800004
;BEFORE_LAYER_CHANGE
G92 E0
;5.8


G1 E-3.5 F3600
;WIPE_START
G1 F7200
G1 X127.21 Y115.21 E-.0285
G1 X128.29 Y115.21 E-.513
G1 X128.29 Y117.228 E-.9585
;WIPE_END
G1 Z5.8 F9000
;AFTER_LAYER_CHANGE
;5.8
G1 X92.25 Y109.25
G1 E5 F2400
;TYPE:Perimeter
;WIDTH:0.694338
G1 F900
G1 X92.25 Y101.75 E.16892
G1 X91.71 Y101.21 F9000
;TYPE:External perimeter
;WIDTH:0.419999
G1 F900
G1 X92.79 Y101.21 E.01447
G1 X92.79 Y109.79 E.11496
G1 X91.71 Y109.79 E.01447
G1 X91.71 Y101.27 E.11415
G1 E-3.5 F3600
;WIPE_START
G1 F7200
G1 X91.71 Y101.21 E-.0285
G1 X92.79 Y101.21 E-.513
G1 X92.79 Y103.228 E-.9585
;WIPE_END
G1 X127.75 Y104.25 F9000
G1 E5 F2400
;TYPE:Perimeter
;WIDTH:0.694338
G1 F900
G1 X127.75 Y101.75 E.05631
G1 X127.21 Y101.21 F9000
;TYPE:External perimeter
;WIDTH:0.419999
G1 F900
G1 X128.29 Y101.21 E.01447
G1 X128.29 Y104.79 E.04797
G1 X127.21 Y104.79 E.01447
G1 X127.21 Y101.27 E.04716
G1 E-3.5 F3600
;WIPE_START
G1 F7200
G1 X127.21 Y101.21 E-.0285
G1 X128.29 Y101.21 E-.513
G1 X128.29 Y103.228 E-.9585
;WIPE_END
G1 X127.75 Y118.25 F9000
G1 E5 F2400
;TYPE:Perimeter
;WIDTH:0.694338
G1 F900
G1 X127.75 Y115.75 E.05631
G1 X127.21 Y115.21 F9000
;TYPE:External perimeter
;WIDTH:0.419999
G1 F900
G1 X128.29 Y115.21 E.01447
G1 X128.29 Y118.79 E.04797
G1 X127.21 Y118.79 E.01447
G1 X127.21 Y115.27 E.04716
;LAYER_CHANGE
;Z:5.81495
;HEIGHT:0.0149546
;BEFORE_LAYER_CHANGE
G92 E0
;5.81495


G1 E-3.5 F3600
;WIPE_START
G1 F7200
G1 X127.21 Y115.21 E-.0285
G1 X128.29 Y115.21 E-.513
G1 X128.29 Y117.228 E-.9585
;WIPE_END
G1 Z5.815 F9000
;AFTER_LAYER_CHANGE
;5.81495
G1 X125.028 Y100.6
G1 E5 F2400
;TYPE:Support material interface
;WIDTH:0.36
;HEIGHT:0.300381
G1 F900
G1 X124.771 Y100.6 E.00949
G1 X124.771 Y105.972 E.19827
G1 X125.199 Y105.972 E.0158
G1 X125.199 Y100.6 E.19827
G1 X125.742 Y100.6 E.02004
G1 X125.742 Y105.972 E.19827
G1 X126.285 Y105.972 E.02004
G1 X126.285 Y100.6 E.19827
G1 X126.801 Y100.6 E.01904
G1 X126.577 Y100.825 E.01172
G1 X126.577 Y105.175 E.16055
G1 X126.828 Y105.423 E.01302
G1 X126.828 Y105.972 E.02026
G1 X127.371 Y105.972 E.02004
G1 X127.371 Y105.423 E.02026
G1 E-3.5 F3600
;WIPE_START
G1 F7200
G1 X127.371 Y105.972 E-.26078
G1 X126.828 Y105.972 E-.25793
G1 X126.828 Y105.423 E-.26078
G1 X126.577 Y105.175 E-.16761
G1 X126.577 Y104.011 E-.5529
;WIPE_END
G1 X127.371 Y114.028 F9000
G1 E5 F2400
G1 F900
G1 X127.371 Y114.577 E.02026
G1 X126.828 Y114.577 E.02004
G1 X126.828 Y114.028 E.02026
G1 X126.285 Y114.028 E.02004
G1 X126.285 Y119.4 E.19827
G1 X125.742 Y119.4 E.02004
G1 X125.742 Y114.028 E.19827
G1 X125.199 Y114.028 E.02004
G1 X125.199 Y119.4 E.19827
G1 X124.771 Y119.4 E.0158
G1 X124.771 Y114.028 E.19827
G1 X125.028 Y114.028 E.00949
G1 E-3.5 F3600
;WIPE_START
G1 F7200
G1 X124.771 Y114.028 E-.12208
G1 X124.771 Y116.929 E-1.37792
;WIPE_END
G1 X94.972 Y110 F9000
G1 E5 F2400
G1 F900
G1 X95.229 Y110 E.00949
G1 X95.229 Y103.286 E.2478
G1 X94.801 Y103.286 E.0158
G1 X94.801 Y110 E.2478
G1 X94.258 Y110 E.02004
G1 X94.258 Y103.286 E.2478
G1 X93.715 Y103.286 E.02004
G1 X93.715 Y110 E.2478
G1 X93.423 Y110 E.01078
G1 X93.423 Y103.286 E.2478
G1 X93.544 Y103.286 E.00447
;LAYER_CHANGE
;Z:5.88
;HEIGHT:0.0650454
;BEFORE_LAYER_CHANGE
G92 E0
;5.88


G1 E-3.5 F3600
;WIPE_START
G1 F7200
G1 X93.423 Y103.286 E-.05747
G1 X93.423 Y106.323 E-1.44253
;WIPE_END
G1 Z5.88 F9000
;AFTER_LAYER_CHANGE
;5.88
G1 X92.25 Y109.25
G1 E5 F2400
;TYPE:Perimeter
;WIDTH:0.694338
;HEIGHT:0.08
G1 F900
G1 X92.25 Y101.75 E.16892
G1 X91.71 Y101.21 F9000
;TYPE:External perimeter
;WIDTH:0.419999
G1 F900
G1 X92.79 Y101.21 E.01447
G1 X92.79 Y109.79 E.11496
G1 X91.71 Y109.79 E.01447
G1 X91.71 Y101.27 E.11415
G1 E-3.5 F3600
;WIPE_START
G1 F7200
G1 X91.71 Y101.21 E-.0285
G1 X92.79 Y101.21 E-.513
G1 X92.79 Y103.228 E-.9585
;WIPE_END
G1 X127.75 Y104.25 F9000
G1 E5 F2400
;TYPE:Perimeter
;WIDTH:0.694338
G1 F900
G1 X127.75 Y101.75 E.05631
G1 X127.21 Y101.21 F9000
;TYPE:External perimeter
;WIDTH:0.419999
G1 F900
G1 X128.29 Y101.21 E.01447
G1 X128.29 Y104.79 E.04797
G1 X127.21 Y104.79 E.01447
G1 X127.21 Y101.27 E.04716
G1 E-3.5 F3600
;WIPE_START
G1 F7200
G1 X127.21 Y101.21 E-.0285
G1 X128.29 Y101.21 E-.513
G1 X128.29 Y103.228 E-.9585
;WIPE_END
G1 X127.75 Y118.25 F9000
G1 E5 F2400
;TYPE:Perimeter
;WIDTH:0.694338
G1 F900
G1 X127.75 Y115.75 E.05631
G1 X127.21 Y115.21 F9000
;TYPE:External perimeter
;WIDTH:0.419999
G1 F900
G1 X128.29 Y115.21 E.01447
G1 X128.29 Y118.79 E.04797
G1 X127.21 Y118.79 E.01447
G1 X127.21 Y115.27 E.04716
;LAYER_CHANGE
;Z:5.96
;HEIGHT:0.0799999
;BEFORE_LAYER_CHANGE
G92 E0
;5.96


G1 E-3.5 F3600
;WIPE_START
G1 F7200
G1 X127.21 Y115.21 E-.0285
G1 X128.29 Y115.21 E-.513
G1 X128.29 Y117.228 E-.9585
;WIPE_END
G1 Z5.96 F9000
;AFTER_LAYER_CHANGE
;5.96
G1 X92.25 Y109.25
G1 E5 F2400
;TYPE:Perimeter
;WIDTH:0.694338
G1 F900
G1 X92.25 Y101.75 E.16892
G1 X91.71 Y101.21 F9000
;TYPE:External perimeter
;WIDTH:0.419999
G1 F900
G1 X92.79 Y101.21 E.01447
G1 X92.79 Y109.79 E.11496
G1 X91.71 Y109.79 E.01447
G1 X91.71 Y101.27 E.11415
G1 E-3.5 F3600
;WIPE_START
G1 F7200
G1 X91.71 Y101.21 E-.0285
G1 X92.79 Y101.21 E-.513
G1 X92.79 Y103.228 E-.9585
;WIPE_END
G1 X127.75 Y104.25 F9000
G1 E5 F2400
;TYPE:Perimeter
;WIDTH:0.694338
G1 F900
G1 X127.75 Y101.75 E.05631
G1 X127.21 Y101.21 F9000
;TYPE:External perimeter
;WIDTH:0.419999
G1 F900
G1 X128.29 Y101.21 E.01447
G1 X128.29 Y104.79 E.04797
G1 X127.21 Y104.79 E.01447
G1 X127.21 Y101.27 E.04716
G1 E-3.5 F3600
;WIPE_START
G1 F7200
G1 X127.21 Y101.21 E-.0285
G1 X128.29 Y101.21 E-.513
G1 X128.29 Y103.228 E-.9585
;WIPE_END
G1 X127.75 Y118.25 F9000
G1 E5 F2400
;TYPE:Perimeter
;WIDTH:0.694338
G1 F900
G1 X127.75 Y115.75 E.05631
G1 X127.21 Y115.21 F9000
;TYPE:External perimeter
;WIDTH:0.419999
G1 F900
G1 X128.29 Y115.21 E.01447
G1 X128.29 Y118.79 E.04797
G1 X127.21 Y118.79 E.01447
G1 X127.21 Y115.27 E.04716
;LAYER_CHANGE
;Z:6.04
;HEIGHT:0.0799999
;BEFORE_LAYER_CHANGE
G92 E0
;6.04


G1 E-3.5 F3600
;WIPE_START
G1 F7200
G1 X127.21 Y115.21 E-.0285
G1 X128.29 Y115.21 E-.513
G1 X128.29 Y117.228 E-.9585
;WIPE_END
G1 Z6.04 F9000
;AFTER_LAYER_CHANGE
;6.04
G1 X92.25 Y109.25
G1 E5 F2400
;TYPE:Perimeter
;WIDTH:0.694338
G1 F900
G1 X92.25 Y101.75 E.16892
G1 X91.71 Y101.21 F9000
;TYPE:External perimeter
;WIDTH:0.419999
G1 F900
G1 X92.79 Y101.21 E.01447
G1 X92.79 Y109.79 E.11496
G1 X91.71 Y109.79 E.01447
G1 X91.71 Y101.27 E.11415
G1 E-3.5 F3600
;WIPE_START
G1 F7200
G1 X91.71 Y101.21 E-.0285
G1 X92.79 Y101.21 E-.513
G1 X92.79 Y103.228 E-.9585
;WIPE_END
G1 X127.75 Y104.25 F9000
G1 E5 F2400
;TYPE:Perimeter
;WIDTH:0.694338
G1 F900
G1 X127.75 Y101.75 E.05631
G1 X127.21 Y101.21 F9000
;TYPE:External perimeter
;WIDTH:0.419999
G1 F900
G1 X128.29 Y101.21 E.01447
G1 X128.29 Y104.79 E.04797
G1 X127.21 Y104.79 E.01447
G1 X127.21 Y101.27 E.04716
G1 E-3.5 F3600
;WIPE_START
G1 F7200
G1 X127.21 Y101.21 E-.0285
G1 X128.29 Y101.21 E-.513
G1 X128.29 Y103.228 E-.9585
;WIPE_END
G1 X127.75 Y118.25 F9000
G1 E5 F2400
;TYPE:Perimeter
;WIDTH:0.694338
G1 F900
G1 X127.75 Y115.75 E.05631
G1 X127.21 Y115.21 F9000
;TYPE:External perimeter
;WIDTH:0.419999
G1 F900
G1 X128.29 Y115.21 E.01447
G1 X128.29 Y118.79 E.04797
G1 X127.21 Y118.79 E.01447
G1 X127.21 Y115.27 E.04716
;LAYER_CHANGE
;Z:6.11534
;HEIGHT:0.075336
;BEFORE_LAYER_CHANGE
G92 E0
;6.11534


G1 E-3.5 F3600
;WIPE_START
G1 F7200
G1 X127.21 Y115.21 E-.0285
G1 X128.29 Y115.21 E-.513
G1 X128.29 Y117.228 E-.9585
;WIPE_END
G1 Z6.115 F9000
;AFTER_LAYER_CHANGE
;6.11534
G1 X125.028 Y100.6
G1 E5 F2400
;TYPE:Support material interface
;WIDTH:0.36
;HEIGHT:0.300381
G1 F900
G1 X124.771 Y100.6 E.00949
G1 X124.771 Y105.972 E.19827
G1 X125.199 Y105.972 E.0158
G1 X125.199 Y100.6 E.19827
G1 X125.742 Y100.6 E.02004
G1 X125.742 Y105.972 E.19827
G1 X126.285 Y105.972 E.02004
G1 X126.285 Y100.6 E.19827
G1 X126.801 Y100.6 E.01904
G1 X126.577 Y100.825 E.01172
G1 X126.577 Y105.175 E.16055
G1 X126.828 Y105.423 E.01302
G1 X126.828 Y105.972 E.02026
G1 X127.371 Y105.972 E.02004
G1 X127.371 Y105.423 E.02026
G1 E-3.5 F3600
;WIPE_START
G1 F7200
G1 X127.371 Y105.972 E-.26078
G1 X126.828 Y105.972 E-.25793
G1 X126.828 Y105.423 E-.26078
G1 X126.577 Y105.175 E-.16761
G1 X126.577 Y104.011 E-.5529
;WIPE_END
G1 X127.371 Y114.028 F9000
G1 E5 F2400
G1 F900
G1 X127.371 Y114.577 E.02026
G1 X126.828 Y114.577 E.02004
G1 X126.828 Y114.028 E.02026
G1 X126.285 Y114.028 E.02004
G1 X126.285 Y119.4 E.19827
G1 X125.742 Y119.4 E.02004
G1 X125.742 Y114.028 E.19827
G1 X125.199 Y114.028 E.02004
G1 X125.199 Y119.4 E.19827
G1 X124.771 Y119.4 E.0158
G1 X124.771 Y114.028 E.19827
G1 X125.028 Y114.028 E.00949
G1 E-3.5 F3600
;WIPE_START
G1 F7200
G1 X124.771 Y114.028 E-.12208
G1 X124.771 Y116.929 E-1.37792
;WIPE_END
G1 X94.972 Y110 F9000
G1 E5 F2400
G1 F900
G1 X95.229 Y110 E.00949
G1 X95.229 Y103.286 E.2478
G1 X94.801 Y103.286 E.0158
G1 X94.801 Y110 E.2478
G1 X94.258 Y110 E.02004
G1 X94.258 Y103.286 E.2478
G1 X93.715 Y103.286 E.02004
G1 X93.715 Y110 E.2478
G1 X93.423 Y110 E.01078
G1 X93.423 Y103.286 E.2478
G1 X93.544 Y103.286 E.00447
;LAYER_CHANGE
;Z:6.12
;HEIGHT:0.00466394
;BEFORE_LAYER_CHANGE
G92 E0
;6.12


G1 E-3.5 F3600
;WIPE_START
G1 F7200
G1 X93.423 Y103.286 E-.05747
G1 X93.423 Y106.323 E-1.44253
;WIPE_END
G1 Z6.12 F9000
;AFTER_LAYER_CHANGE
;6.12
G1 X92.25 Y109.25
G1 E5 F2400
;TYPE:Perimeter
;WIDTH:0.694338
;HEIGHT:0.08
G1 F900
G1 X92.25 Y101.75 E.16892
G1 X91.71 Y101.21 F9000
;TYPE:External perimeter
;WIDTH:0.419999
G1 F900
G1 X92.79 Y101.21 E.01447
G1 X92.79 Y109.79 E.11496
G1 X91.71 Y109.79 E.01447
G1 X91.71 Y101.27 E.11415
G1 E-3.5 F3600
;WIPE_START
G1 F7200
G1 X91.71 Y101.21 E-.0285
G1 X92.79 Y101.21 E-.513
G1 X92.79 Y103.228 E-.9585
;WIPE_END
G1 X127.75 Y104.25 F9000
G1 E5 F2400
;TYPE:Perimeter
;WIDTH:0.694338
G1 F900
G1 X127.75 Y101.75 E.05631
G1 X127.21 Y101.21 F9000
;TYPE:External perimeter
;WIDTH:0.419999
G1 F900
G1 X128.29 Y101.21 E.01447
G1 X128.29 Y104.79 E.04797
G1 X127.21 Y104.79 E.01447
G1 X127.21 Y101.27 E.04716
G1 E-3.5 F3600
;WIPE_START
G1 F7200
G1 X127.21 Y101.21 E-.0285
G1 X128.29 Y101.21 E-.513
G1 X128.29 Y103.228 E-.9585
;WIPE_END
G1 X127.75 Y118.25 F9000
G1 E5 F2400
;TYPE:Perimeter
;WIDTH:0.694338
G1 F900
G1 X127.75 Y115.75 E.05631
G1 X127.21 Y115.21 F9000
;TYPE:External perimeter
;WIDTH:0.419999
G1 F900
G1 X128.29 Y115.21 E.01447
G1 X128.29 Y118.79 E.04797
G1 X127.21 Y118.79 E.01447
G1 X127.21 Y115.27 E.04716
;LAYER_CHANGE
;Z:6.2
;HEIGHT:0.0799999
;BEFORE_LAYER_CHANGE
G92 E0
;6.2


G1 E-3.5 F3600
;WIPE_START
G1 F7200
G1 X127.21 Y115.21 E-.0285
G1 X128.29 Y115.21 E-.513
G1 X128.29 Y117.228 E-.9585
;WIPE_END
G1 Z6.2 F9000
;AFTER_LAYER_CHANGE
;6.2
G1 X92.25 Y109.25
G1 E5 F2400
;TYPE:Perimeter
;WIDTH:0.694338
G1 F900
G1 X92.25 Y101.75 E.16892
G1 X91.71 Y101.21 F9000
;TYPE:External perimeter
;WIDTH:0.419999
G1 F900
G1 X92.79 Y101.21 E.01447
G1 X92.79 Y109.79 E.11496
G1 X91.71 Y109.79 E.01447
G1 X91.71 Y101.27 E.11415
G1 E-3.5 F3600
;WIPE_START
G1 F7200
G1 X91.71 Y101.21 E-.0285
G1 X92.79 Y101.21 E-.513
G1 X92.79 Y103.228 E-.9585
;WIPE_END
G1 X127.75 Y104.25 F9000
G1 E5 F2400
;TYPE:Perimeter
;WIDTH:0.694338
G1 F900
G1 X127.75 Y101.75 E.05631
G1 X127.21 Y101.21 F9000
;TYPE:External perimeter
;WIDTH:0.419999
G1 F900
G1 X128.29 Y101.21 E.01447
G1 X128.29 Y104.79 E.04797
G1 X127.21 Y104.79 E.01447
G1 X127.21 Y101.27 E.04716
G1 E-3.5 F3600
;WIPE_START
G1 F7200
G1 X127.21 Y101.21 E-.0285
G1 X128.29 Y101.21 E-.513
G1 X128.29 Y103.228 E-.9585
;WIPE_END
G1 X127.75 Y118.25 F9000
G1 E5 F2400
;TYPE:Perimeter
;WIDTH:0.694338
G1 F900
G1 X127.75 Y115.75 E.05631
G1 X127.21 Y115.21 F9000
;TYPE:External perimeter
;WIDTH:0.419999
G1 F900
G1 X128.29 Y115.21 E.01447
G1 X128.29 Y118.79 E.04797
G1 X127.21 Y118.79 E.01447
G1 X127.21 Y115.27 E.04716
;LAYER_CHANGE
;Z:6.28
;HEIGHT:0.0800004
;BEFORE_LAYER_CHANGE
G92 E0
;6.28


G1 E-3.5 F3600
;WIPE_START
G1 F7200
G1 X127.21 Y115.21 E-.0285
G1 X128.29 Y115.21 E-.513
G1 X128.29 Y117.228 E-.9585
;WIPE_END
G1 Z6.28 F9000
;AFTER_LAYER_CHANGE
;6.28
G1 X92.25 Y109.25
G1 E5 F2400
;TYPE:Perimeter
;WIDTH:0.694338
G1 F900
G1 X92.25 Y101.75 E.16892
G1 X91.71 Y101.21 F9000
;TYPE:External perimeter
;WIDTH:0.419999
G1 F900
G1 X92.79 Y101.21 E.01447
G1 X92.79 Y109.79 E.11496
G1 X91.71 Y109.79 E.01447
G1 X91.71 Y101.27 E.11415
G1 E-3.5 F3600
;WIPE_START
G1 F7200
G1 X91.71 Y101.21 E-.0285
G1 X92.79 Y101.21 E-.513
G1 X92.79 Y103.228 E-.9585
;WIPE_END
G1 X127.75 Y104.25 F9000
G1 E5 F2400
;TYPE:Perimeter
;WIDTH:0.694338
G1 F900
G1 X127.75 Y101.75 E.05631
G1 X127.21 Y101.21 F9000
;TYPE:External perimeter
;WIDTH:0.419999
G1 F900
G1 X128.29 Y101.21 E.01447
G1 X128.29 Y104.79 E.04797
G1 X127.21 Y104.79 E.01447
G1 X127.21 Y101.27 E.04716
G1 E-3.5 F3600
;WIPE_START
G1 F7200
G1 X127.21 Y101.21 E-.0285
G1 X128.29 Y101.21 E-.513
G1 X128.29 Y103.228 E-.9585
;WIPE_END
G1 X127.75 Y118.25 F9000
G1 E5 F2400
;TYPE:Perimeter
;WIDTH:0.694338
G1 F900
G1 X127.75 Y115.75 E.05631
G1 X127.21 Y115.21 F9000
;TYPE:External perimeter
;WIDTH:0.419999
G1 F900
G1 X128.29 Y115.21 E.01447
G1 X128.29 Y118.79 E.04797
G1 X127.21 Y118.79 E.01447
G1 X127.21 Y115.27 E.04716
;LAYER_CHANGE
;Z:6.36
;HEIGHT:0.0799999
;BEFORE_LAYER_CHANGE
G92 E0
;6.36


G1 E-3.5 F3600
;WIPE_START
G1 F7200
G1 X127.21 Y115.21 E-.0285
G1 X128.29 Y115.21 E-.513
G1 X128.29 Y117.228 E-.9585
;WIPE_END
G1 Z6.36 F9000
;AFTER_LAYER_CHANGE
;6.36
G1 X92.25 Y109.25
G1 E5 F2400
;TYPE:Perimeter
;WIDTH:0.694338
G1 F900
G1 X92.25 Y101.75 E.16892
G1 X91.71 Y101.21 F9000
;TYPE:External perimeter
;WIDTH:0.419999
G1 F900
G1 X92.79 Y101.21 E.01447
G1 X92.79 Y109.79 E.11496
G1 X91.71 Y109.79 E.01447
G1 X91.71 Y101.27 E.11415
G1 E-3.5 F3600
;WIPE_START
G1 F7200
G1 X91.71 Y101.21 E-.0285
G1 X92.79 Y101.21 E-.513
G1 X92.79 Y103.228 E-.9585
;WIPE_END
G1 X127.75 Y104.25 F9000
G1 E5 F2400
;TYPE:Perimeter
;WIDTH:0.694338
G1 F900
G1 X127.75 Y101.75 E.05631
G1 X127.21 Y101.21 F9000
;TYPE:External perimeter
;WIDTH:0.419999
G1 F900
G1 X128.29 Y101.21 E.01447
G1 X128.29 Y104.79 E.04797
G1 X127.21 Y104.79 E.01447
G1 X127.21 Y101.27 E.04716
G1 E-3.5 F3600
;WIPE_START
G1 F7200
G1 X127.21 Y101.21 E-.0285
G1 X128.29 Y101.21 E-.513
G1 X128.29 Y103.228 E-.9585
;WIPE_END
G1 X127.75 Y118.25 F9000
G1 E5 F2400
;TYPE:Perimeter
;WIDTH:0.694338
G1 F900
G1 X127.75 Y115.75 E.05631
G1 X127.21 Y115.21 F9000
;TYPE:External perimeter
;WIDTH:0.419999
G1 F900
G1 X128.29 Y115.21 E.01447
G1 X128.29 Y118.79 E.04797
G1 X127.21 Y118.79 E.01447
G1 X127.21 Y115.27 E.04716
;LAYER_CHANGE
;Z:6.37
;HEIGHT:0.00999975
;BEFORE_LAYER_CHANGE
G92 E0
;6.37


G1 E-3.5 F3600
;WIPE_START
G1 F7200
G1 X127.21 Y115.21 E-.0285
G1 X128.29 Y115.21 E-.513
G1 X128.29 Y117.228 E-.9585
;WIPE_END
G1 Z6.37 F9000
;AFTER_LAYER_CHANGE
;6.37
G1 X93.544 Y109.968
G1 E5 F2400
;TYPE:Support material interface
;WIDTH:0.36
;HEIGHT:0.254664
G1 F900
G1 X93.423 Y110 E.00405
G1 X94.049 Y109.968 E.02026
G1 X94.086 Y109.549 E.0136
G1 X94.972 Y110 F9000
G1 F900
G1 X95.229 Y110 E.00831
G1 X95.229 Y103.286 E.21706
G1 X94.801 Y103.286 E.01384
G1 X94.801 Y110 E.21706
G1 X94.258 Y110 E.01755
G1 X94.258 Y109.549 E.01458
G1 X94.468 Y109.549 E.00679
G1 X94.468 Y103.878 E.18334
G1 X94.258 Y103.668 E.0096
G1 X94.258 Y103.286 E.01235
G1 X93.715 Y103.286 E.01755
G1 X93.715 Y103.532 E.00795
G1 X93.423 Y103.532 E.00944
G1 X93.423 Y103.286 E.00795
G1 X93.544 Y103.286 E.00391
G1 E-3.5 F3600
;WIPE_START
G1 F7200
G1 X93.423 Y103.286 E-.05747
G1 X93.423 Y103.532 E-.11685
G1 X93.715 Y103.532 E-.1387
G1 X93.715 Y103.286 E-.11685
G1 X94.258 Y103.286 E-.25792
G1 X94.258 Y103.668 E-.18145
G1 X94.468 Y103.878 E-.14107
G1 X94.468 Y104.909 E-.48969
;WIPE_END
G1 X126.456 Y101.032 F9000
G1 E5 F2400
G1 F900
G1 X126.577 Y101.032 E.00391
G1 X126.577 Y100.825 E.00669
G1 X126.801 Y100.6 E.01026
G1 X126.456 Y100.6 E.01115
G1 X125.028 Y100.6 F9000
G1 F900
G1 X124.771 Y100.6 E.00831
G1 X124.771 Y105.972 E.17367
G1 X125.199 Y105.972 E.01384
G1 X125.199 Y100.6 E.17367
G1 X125.571 Y100.6 E.01203
G1 X125.863 Y101.047 F9000
G1 F900
G1 X126.285 Y101.032 E.01365
G1 X126.285 Y100.6 E.01397
G1 X125.742 Y100.6 E.01755
G1 X125.742 Y101.168 E.01836
G1 X125.532 Y101.378 E.0096
G1 X125.532 Y104.622 E.10488
G1 X125.742 Y104.832 E.0096
G1 X125.742 Y105.972 E.03686
G1 X126.285 Y105.972 E.01755
G1 X126.285 Y104.968 E.03246
G1 X126.577 Y104.968 E.00944
G1 X126.577 Y105.175 E.00669
G1 X126.828 Y105.423 E.01141
G1 X126.828 Y105.972 E.01775
G1 X127.371 Y105.972 E.01755
G1 X127.371 Y105.423 E.01775
G1 E-3.5 F3600
;WIPE_START
G1 F7200
G1 X127.371 Y105.972 E-.26078
G1 X126.828 Y105.972 E-.25793
G1 X126.828 Y105.423 E-.26078
G1 X126.577 Y105.175 E-.16761
G1 X126.577 Y104.968 E-.09832
G1 X126.285 Y104.968 E-.1387
G1 X126.285 Y105.633 E-.31588
;WIPE_END
G1 X127.371 Y114.028 F9000
G1 E5 F2400
G1 F900
G1 X127.371 Y114.577 E.01775
G1 X126.828 Y114.577 E.01755
G1 X126.828 Y114.028 E.01775
G1 X126.285 Y114.028 E.01755
G1 X126.285 Y115.032 E.03246
G1 X125.863 Y115.047 E.01365
G1 X125.028 Y114.028 F9000
G1 F900
G1 X124.771 Y114.028 E.00831
G1 X124.771 Y119.4 E.17367
G1 X125.199 Y119.4 E.01384
G1 X125.199 Y114.028 E.17367
G1 X125.742 Y114.028 E.01755
G1 X125.742 Y115.168 E.03686
G1 X125.532 Y115.378 E.0096
G1 X125.532 Y118.622 E.10488
G1 X125.742 Y118.832 E.0096
G1 X125.742 Y119.4 E.01836
G1 X126.285 Y119.4 E.01755
G1 X126.285 Y118.968 E.01397
G1 X126.577 Y118.968 E.00944
G1 X126.577 Y119.175 E.00669
G1 X126.801 Y119.4 E.01026
G1 X126.456 Y119.4 E.01115
;LAYER_CHANGE
;Z:6.44
;HEIGHT:0.0700002
;BEFORE_LAYER_CHANGE
G92 E0
;6.44


G1 E-3.5 F3600
;WIPE_START
G1 F7200
G1 X126.801 Y119.4 E-.16387
G1 X126.577 Y119.175 E-.15081
G1 X126.577 Y118.968 E-.09832
G1 X126.285 Y118.968 E-.1387
G1 X126.285 Y119.4 E-.2052
G1 X125.742 Y119.4 E-.25792
G1 X125.742 Y118.832 E-.2698
G1 X125.532 Y118.622 E-.14107
G1 X125.532 Y118.466 E-.07431
;WIPE_END
G1 Z6.44 F9000
;AFTER_LAYER_CHANGE
;6.44
G1 X92.25 Y109.25
G1 E5 F2400
;TYPE:Perimeter
;WIDTH:0.694338
;HEIGHT:0.08
G1 F900
G1 X92.25 Y101.75 E.16892
G1 X91.71 Y101.21 F9000
;TYPE:External perimeter
;WIDTH:0.419999
G1 F900
G1 X92.79 Y101.21 E.01447
G1 X92.79 Y109.79 E.11496
G1 X91.71 Y109.79 E.01447
G1 X91.71 Y101.27 E.11415
G1 E-3.5 F3600
;WIPE_START
G1 F7200
G1 X91.71 Y101.21 E-.0285
G1 X92.79 Y101.21 E-.513
G1 X92.79 Y103.228 E-.9585
;WIPE_END
G1 X127.75 Y104.25 F9000
G1 E5 F2400
;TYPE:Perimeter
;WIDTH:0.694338
G1 F900
G1 X127.75 Y101.75 E.05631
G1 X127.21 Y101.21 F9000
;TYPE:External perimeter
;WIDTH:0.419999
G1 F900
G1 X128.29 Y101.21 E.01447
G1 X128.29 Y104.79 E.04797
G1 X127.21 Y104.79 E.01447
G1 X127.21 Y101.27 E.04716
G1 E-3.5 F3600
;WIPE_START
G1 F7200
G1 X127.21 Y101.21 E-.0285
G1 X128.29 Y101.21 E-.513
G1 X128.29 Y103.228 E-.9585
;WIPE_END
G1 X127.75 Y118.25 F9000
G1 E5 F2400
;TYPE:Perimeter
;WIDTH:0.694338
G1 F900
G1 X127.75 Y115.75 E.05631
G1 X127.21 Y115.21 F9000
;TYPE:External perimeter
;WIDTH:0.419999
G1 F900
G1 X128.29 Y115.21 E.01447
G1 X128.29 Y118.79 E.04797
G1 X127.21 Y118.79 E.01447
G1 X127.21 Y115.27 E.04716
;LAYER_CHANGE
;Z:6.52
;HEIGHT:0.0799999
;BEFORE_LAYER_CHANGE
G92 E0
;6.52


G1 E-3.5 F3600
;WIPE_START
G1 F7200
G1 X127.21 Y115.21 E-.0285
G1 X128.29 Y115.21 E-.513
G1 X128.29 Y117.228 E-.9585
;WIPE_END
G1 Z6.52 F9000
;AFTER_LAYER_CHANGE
;6.52
G1 X92.25 Y109.25
G1 E5 F2400
;TYPE:Perimeter
;WIDTH:0.694338
G1 F900
G1 X92.25 Y101.75 E.16892
G1 X91.71 Y101.21 F9000
;TYPE:External perimeter
;WIDTH:0.419999
G1 F900
G1 X92.79 Y101.21 E.01447
G1 X92.79 Y109.79 E.11496
G1 X91.71 Y109.79 E.01447
G1 X91.71 Y101.27 E.11415
G1 E-3.5 F3600
;WIPE_START
G1 F7200
G1 X91.71 Y101.21 E-.0285
G1 X92.79 Y101.21 E-.513
G1 X92.79 Y103.228 E-.9585
;WIPE_END
G1 X127.75 Y104.25 F9000
G1 E5 F2400
;TYPE:Perimeter
;WIDTH:0.694338
G1 F900
G1 X127.75 Y101.75 E.05631
G1 X127.21 Y101.21 F9000
;TYPE:External perimeter
;WIDTH:0.419999
G1 F900
G1 X128.29 Y101.21 E.01447
G1 X128.29 Y104.79 E.04797
G1 X127.21 Y104.79 E.01447
G1 X127.21 Y101.27 E.04716
G1 E-3.5 F3600
;WIPE_START
G1 F7200
G1 X127.21 Y101.21 E-.0285
G1 X128.29 Y101.21 E-.513
G1 X128.29 Y103.228 E-.9585
;WIPE_END
G1 X127.75 Y118.25 F9000
G1 E5 F2400
;TYPE:Perimeter
;WIDTH:0.694338
G1 F900
G1 X127.75 Y115.75 E.05631
G1 X127.21 Y115.21 F9000
;TYPE:External perimeter
;WIDTH:0.419999
G1 F900
G1 X128.29 Y115.21 E.01447
G1 X128.29 Y118.79 E.04797
G1 X127.21 Y118.79 E.01447
G1 X127.21 Y115.27 E.04716
;LAYER_CHANGE
;Z:6.6
;HEIGHT:0.0799999
;BEFORE_LAYER_CHANGE
G92 E0
;6.6


G1 E-3.5 F3600
;WIPE_START
G1 F7200
G1 X127.21 Y115.21 E-.0285
G1 X128.29 Y115.21 E-.513
G1 X128.29 Y117.228 E-.9585
;WIPE_END
G1 Z6.6 F9000
;AFTER_LAYER_CHANGE
;6.6
G1 X92.256 Y103.638
G1 E5 F2400
;TYPE:Perimeter
;WIDTH:0.705574
G1 F900
G1 X92.25 Y103.509 E.00296
;WIDTH:0.694338
G1 X92.25 Y101.75 E.03962
G1 E-3.5 F3600
;WIPE_START
G1 F7200
G1 X92.25 Y103.509 E-.83553
G1 X92.256 Y103.638 E-.06134
;WIPE_END
G1 E-.60313 F3600
G1 X93.454 Y104.546 F9000
G1 E5 F2400
M204 S250
;TYPE:Overhang perimeter
;WIDTH:0.334664
;HEIGHT:0.334664
M106 S255
G1 F1500
G1 X93.454 Y108.954 E.16121
G1 X93.2 Y108.954 E.00929
M106 S127.5
M204 S500
;TYPE:Perimeter
;WIDTH:0.439999
;HEIGHT:0.08
G1 F900
G1 X92.546 Y108.954 E.0092
G1 X92.546 Y104.397 E.06409
G1 X92.991 Y104.546 E.0066
G1 X93.2 Y104.546 E.00294
M204 S250
;TYPE:Overhang perimeter
;WIDTH:0.334664
;HEIGHT:0.334664
M106 S255
G1 F1500
G1 X93.394 Y104.546 E.00709
M106 S127.5
M204 S500
G1 X93.2 Y104.123 F9000
M204 S250
M106 S255
G1 F1500
G1 X93.877 Y104.123 E.02476
G1 X93.877 Y109.377 E.19215
G1 X93.2 Y109.377 E.02476
M106 S127.5
M204 S500
;TYPE:Perimeter
;WIDTH:0.439999
;HEIGHT:0.08
G1 F900
G1 X92.123 Y109.377 E.01515
G1 X92.123 Y104.25 E.0721
;WIDTH:0.484262
G1 X92.145 Y104.148 E.00162
;WIDTH:0.528524
G1 X92.167 Y104.046 E.00177
;WIDTH:0.572787
G1 X92.189 Y103.944 E.00193
;WIDTH:0.617049
G1 X92.211 Y103.842 E.00208
;WIDTH:0.661312
G1 X92.233 Y103.74 E.00224
;WIDTH:0.705574
G1 X92.256 Y103.638 E.00239
G1 X92.317 Y103.698 E.00196
;WIDTH:0.661312
G1 X92.378 Y103.758 E.00183
;WIDTH:0.617049
G1 X92.439 Y103.819 E.00172
;WIDTH:0.572787
G1 X92.5 Y103.879 E.00158
;WIDTH:0.528524
G1 X92.562 Y103.94 E.00148
;WIDTH:0.484262
G1 X92.623 Y104 E.00133
;WIDTH:0.439999
G1 X92.991 Y104.123 E.00546
G1 X93.14 Y104.123 E.0021
G1 X93.2 Y103.71 F9000
M204 S250
;TYPE:Overhang perimeter
;WIDTH:0.334664
;HEIGHT:0.334664
M106 S255
G1 F1500
G1 X94.29 Y103.71 E.03986
G1 X94.29 Y109.79 E.22235
G1 X93.2 Y109.79 E.03986
M106 S127.5
M204 S500
;TYPE:External perimeter
;WIDTH:0.419999
;HEIGHT:0.08
G1 F900
G1 X91.71 Y109.79 E.01996
G1 X91.71 Y101.21 E.11496
G1 X92.79 Y101.21 E.01447
G1 X92.79 Y103.509 E.0308
G1 X92.871 Y103.67 E.00241
G1 X92.991 Y103.71 E.00169
G1 X93.14 Y103.71 E.002
G1 E-3.5 F3600
;WIPE_START
G1 F7200
G1 X93.2 Y103.71 E-.0285
G1 X94.29 Y103.71 E-.51775
G1 X94.29 Y105.718 E-.95375
;WIPE_END
G1 X93.109 Y108.821 F9000
G1 E5 F2400
M204 S250
;TYPE:Bridge infill
;WIDTH:0.411597
;HEIGHT:0.334664
M106 S255
G1 F1500
G1 X93.109 Y104.679 E.22913
M106 S127.5
M204 S500
G1 E-3.5 F3600
;WIPE_START
G1 F7200
G1 X93.109 Y107.837 E-1.5
;WIPE_END
G1 X127.454 Y103.954 F9000
G1 E5 F2400
;TYPE:Perimeter
;WIDTH:0.439999
;HEIGHT:0.08
G1 F900
G1 X126.8 Y103.954 E.0092
M204 S250
;TYPE:Overhang perimeter
;WIDTH:0.334664
;HEIGHT:0.334664
M106 S255
G1 F1500
G1 X126.546 Y103.954 E.00929
G1 X126.546 Y102.046 E.06978
G1 X126.8 Y102.046 E.00929
M106 S127.5
M204 S500
;TYPE:Perimeter
;WIDTH:0.439999
;HEIGHT:0.08
G1 F900
G1 X127.454 Y102.046 E.0092
G1 X127.454 Y103.894 E.02599
G1 X127.877 Y104.377 F9000
G1 F900
G1 X126.8 Y104.377 E.01515
M204 S250
;TYPE:Overhang perimeter
;WIDTH:0.334664
;HEIGHT:0.334664
M106 S255
G1 F1500
G1 X126.123 Y104.377 E.02476
G1 X126.123 Y101.623 E.10072
G1 X126.8 Y101.623 E.02476
M106 S127.5
M204 S500
;TYPE:Perimeter
;WIDTH:0.439999
;HEIGHT:0.08
G1 F900
G1 X127.877 Y101.623 E.01515
G1 X127.877 Y104.317 E.03789
G1 X128.29 Y104.79 F9000
;TYPE:External perimeter
;WIDTH:0.419999
G1 F900
G1 X126.8 Y104.79 E.01996
M204 S250
;TYPE:Overhang perimeter
;WIDTH:0.334664
;HEIGHT:0.334664
M106 S255
G1 F1500
G1 X125.71 Y104.79 E.03986
G1 X125.71 Y101.21 E.13093
G1 X126.8 Y101.21 E.03986
M106 S127.5
M204 S500
;TYPE:External perimeter
;WIDTH:0.419999
;HEIGHT:0.08
G1 F900
G1 X128.29 Y101.21 E.01996
G1 X128.29 Y104.73 E.04716
G1 E-3.5 F3600
;WIPE_START
G1 F7200
G1 X128.29 Y104.79 E-.0285
G1 X126.8 Y104.79 E-.70775
;WIPE_END
G1 E-.76375 F3600
G1 X126.891 Y102.179 F9000
G1 E5 F2400
M204 S250
;TYPE:Bridge infill
;WIDTH:0.411597
;HEIGHT:0.334664
M106 S255
G1 F1500
G1 X126.891 Y103.821 E.09083
M106 S127.5
M204 S500
G1 E-3.5 F3600
;WIPE_START
G1 F7200
G1 X126.891 Y102.179 E-.77995
;WIPE_END
G1 E-.72005 F3600
G1 X127.454 Y116.046 F9000
G1 E5 F2400
;TYPE:Perimeter
;WIDTH:0.439999
;HEIGHT:0.08
G1 F900
G1 X127.454 Y117.954 E.02683
G1 X126.8 Y117.954 E.0092
M204 S250
;TYPE:Overhang perimeter
;WIDTH:0.334664
;HEIGHT:0.334664
M106 S255
G1 F1500
G1 X126.546 Y117.954 E.00929
G1 X126.546 Y116.046 E.06978
G1 X126.8 Y116.046 E.00929
M106 S127.5
M204 S500
;TYPE:Perimeter
;WIDTH:0.439999
;HEIGHT:0.08
G1 F900
G1 X127.394 Y116.046 E.00835
G1 X127.877 Y115.623 F9000
G1 F900
G1 X127.877 Y118.377 E.03873
G1 X126.8 Y118.377 E.01515
M204 S250
;TYPE:Overhang perimeter
;WIDTH:0.334664
;HEIGHT:0.334664
M106 S255
G1 F1500
G1 X126.123 Y118.377 E.02476
G1 X126.123 Y115.623 E.10072
G1 X126.8 Y115.623 E.02476
M106 S127.5
M204 S500
;TYPE:Perimeter
;WIDTH:0.439999
;HEIGHT:0.08
G1 F900
G1 X127.817 Y115.623 E.0143
G1 X128.29 Y115.21 F9000
;TYPE:External perimeter
;WIDTH:0.419999
G1 F900
G1 X128.29 Y118.79 E.04797
G1 X126.8 Y118.79 E.01996
M204 S250
;TYPE:Overhang perimeter
;WIDTH:0.334664
;HEIGHT:0.334664
M106 S255
G1 F1500
G1 X125.71 Y118.79 E.03986
G1 X125.71 Y115.21 E.13093
G1 X126.8 Y115.21 E.03986
M106 S127.5
M204 S500
;TYPE:External perimeter
;WIDTH:0.419999
;HEIGHT:0.08
G1 F900
G1 X128.23 Y115.21 E.01916
G1 X126.891 Y116.179 F9000
M204 S250
;TYPE:Bridge infill
;WIDTH:0.411597
;HEIGHT:0.334664
M106 S255
G1 F1500
G1 X126.891 Y117.821 E.09083
M106 S127.5
M204 S500
;LAYER_CHANGE
;Z:6.68
;HEIGHT:0.0799999
;BEFORE_LAYER_CHANGE
G92 E0
;6.68


G1 E-3.5 F3600
;WIPE_START
G1 F7200
G1 X126.891 Y116.179 E-.77995
;WIPE_END
G1 E-.72005 F3600
G1 Z6.68 F9000
;AFTER_LAYER_CHANGE
;6.68
G1 X92.256 Y103.638
G1 E5 F2400
;TYPE:Perimeter
;WIDTH:0.705574
G1 F900
G1 X92.25 Y103.509 E.00296
;WIDTH:0.694338
G1 X92.25 Y101.75 E.03962
G1 E-3.5 F3600
;WIPE_START
G1 F7200
G1 X92.25 Y103.509 E-.83553
G1 X92.256 Y103.638 E-.06134
;WIPE_END
G1 E-.60313 F3600
G1 X93.454 Y104.546 F9000
G1 E5 F2400
;WIDTH:0.439999
G1 F900
G1 X93.454 Y108.954 E.06199
G1 X92.546 Y108.954 E.01277
G1 X92.546 Y104.397 E.06409
G1 X92.991 Y104.546 E.0066
G1 X93.394 Y104.546 E.00567
G1 X92.562 Y103.94 F9000
;WIDTH:0.484262
G1 F900
G1 X92.623 Y104 E.00133
;WIDTH:0.439999
G1 X92.991 Y104.123 E.00546
G1 X93.877 Y104.123 E.01246
G1 X93.877 Y109.377 E.07389
G1 X92.123 Y109.377 E.02467
G1 X92.123 Y104.25 E.0721
;WIDTH:0.484262
G1 X92.145 Y104.148 E.00162
;WIDTH:0.528524
G1 X92.167 Y104.046 E.00177
;WIDTH:0.572787
G1 X92.189 Y103.944 E.00193
;WIDTH:0.617049
G1 X92.211 Y103.842 E.00208
;WIDTH:0.661312
G1 X92.233 Y103.74 E.00224
;WIDTH:0.705574
G1 X92.256 Y103.638 E.00239
G1 X92.317 Y103.698 E.00196
;WIDTH:0.661312
G1 X92.378 Y103.758 E.00183
;WIDTH:0.617049
G1 X92.439 Y103.819 E.00172
;WIDTH:0.572787
G1 X92.5 Y103.879 E.00158
;WIDTH:0.528524
G1 X92.519 Y103.897 E.00045
G1 X92.856 Y103.64 F9000
;TYPE:External perimeter
;WIDTH:0.419999
G1 F900
G1 X92.871 Y103.67 E.00045
G1 X92.991 Y103.71 E.00169
G1 X94.29 Y103.71 E.0174
G1 X94.29 Y109.79 E.08146
G1 X91.71 Y109.79 E.03457
G1 X91.71 Y101.21 E.11496
G1 X92.79 Y101.21 E.01447
G1 X92.79 Y103.509 E.0308
G1 X92.829 Y103.586 E.00116
G1 X92.83 Y104.786 F9000
;TYPE:Solid infill
;WIDTH:0.357353
G1 F900
G1 X93.17 Y104.83 E.00388
G1 X93.17 Y108.67 E.04345
G1 X92.83 Y108.67 E.00385
G1 X92.83 Y104.998 E.04155
G1 E-3.5 F3600
;WIPE_START
G1 F7200
G1 X92.83 Y108.156 E-1.5
;WIPE_END
G1 X126.546 Y103.954 F9000
G1 E5 F2400
;TYPE:Perimeter
;WIDTH:0.439999
G1 F900
G1 X126.546 Y102.046 E.02683
G1 X127.454 Y102.046 E.01277
G1 X127.454 Y103.954 E.02683
G1 X126.606 Y103.954 E.01193
G1 X126.123 Y104.377 F9000
G1 F900
G1 X126.123 Y101.623 E.03873
G1 X127.877 Y101.623 E.02467
G1 X127.877 Y104.377 E.03873
G1 X126.183 Y104.377 E.02382
G1 X125.71 Y104.79 F9000
;TYPE:External perimeter
;WIDTH:0.419999
G1 F900
G1 X125.71 Y101.21 E.04797
G1 X128.29 Y101.21 E.03457
G1 X128.29 Y104.79 E.04797
G1 X125.77 Y104.79 E.03376
G1 E-3.5 F3600
;WIPE_START
G1 F7200
G1 X125.71 Y104.79 E-.0285
G1 X125.71 Y101.692 E-1.4715
;WIPE_END
G1 X127.17 Y102.33 F9000
G1 E5 F2400
;TYPE:Solid infill
;WIDTH:0.357352
G1 F900
G1 X127.17 Y103.67 E.01516
G1 X126.83 Y103.67 E.00385
G1 X126.83 Y102.33 E.01516
G1 X126.959 Y102.33 E.00146
G1 E-3.5 F3600
;WIPE_START
G1 F7200
G1 X126.83 Y102.33 E-.06128
G1 X126.83 Y103.67 E-.6365
G1 X127.17 Y103.67 E-.1615
G1 X127.17 Y102.33 E-.6365
;WIPE_END
G1 E-.00422 F3600
G1 X126.546 Y116.046 F9000
G1 E5 F2400
;TYPE:Perimeter
;WIDTH:0.439999
G1 F900
G1 X127.454 Y116.046 E.01277
G1 X127.454 Y117.954 E.02683
G1 X126.546 Y117.954 E.01277
G1 X126.546 Y116.106 E.02599
G1 X126.123 Y115.623 F9000
G1 F900
G1 X127.877 Y115.623 E.02467
G1 X127.877 Y118.377 E.03873
G1 X126.123 Y118.377 E.02467
G1 X126.123 Y115.683 E.03789
G1 X125.71 Y115.21 F9000
;TYPE:External perimeter
;WIDTH:0.419999
G1 F900
G1 X128.29 Y115.21 E.03457
G1 X128.29 Y118.79 E.04797
G1 X125.71 Y118.79 E.03457
G1 X125.71 Y115.27 E.04716
G1 X126.83 Y116.33 F9000
;TYPE:Solid infill
;WIDTH:0.357352
G1 F900
G1 X127.17 Y116.33 E.00385
G1 X127.17 Y117.67 E.01516
G1 X126.83 Y117.67 E.00385
G1 X126.83 Y116.541 E.01277
;LAYER_CHANGE
;Z:6.76
;HEIGHT:0.0800004
;BEFORE_LAYER_CHANGE
G92 E0
;6.76


G1 E-3.5 F3600
;WIPE_START
G1 F7200
G1 X126.83 Y117.67 E-.53628
G1 X127.17 Y117.67 E-.1615
G1 X127.17 Y116.33 E-.6365
G1 X126.83 Y116.33 E-.1615
;WIPE_END
G1 E-.00422 F3600
G1 Z6.76 F9000
;AFTER_LAYER_CHANGE
;6.76
G1 X92.256 Y103.638
G1 E5 F2400
;TYPE:Perimeter
;WIDTH:0.705574
G1 F900
G1 X92.25 Y103.509 E.00296
;WIDTH:0.694338
G1 X92.25 Y101.75 E.03962
G1 E-3.5 F3600
;WIPE_START
G1 F7200
G1 X92.25 Y103.509 E-.83553
G1 X92.256 Y103.638 E-.06134
;WIPE_END
G1 E-.60313 F3600
G1 X93.454 Y104.546 F9000
G1 E5 F2400
;WIDTH:0.439999
G1 F900
G1 X93.454 Y108.954 E.06199
G1 X92.546 Y108.954 E.01277
G1 X92.546 Y104.397 E.06409
G1 X92.991 Y104.546 E.0066
G1 X93.394 Y104.546 E.00567
G1 X92.562 Y103.94 F9000
;WIDTH:0.484262
G1 F900
G1 X92.623 Y104 E.00133
;WIDTH:0.439999
G1 X92.991 Y104.123 E.00546
G1 X93.877 Y104.123 E.01246
G1 X93.877 Y109.377 E.07389
G1 X92.123 Y109.377 E.02467
G1 X92.123 Y104.25 E.0721
;WIDTH:0.484262
G1 X92.145 Y104.148 E.00162
;WIDTH:0.528524
G1 X92.167 Y104.046 E.00177
;WIDTH:0.572787
G1 X92.189 Y103.944 E.00193
;WIDTH:0.617049
G1 X92.211 Y103.842 E.00208
;WIDTH:0.661312
G1 X92.233 Y103.74 E.00224
;WIDTH:0.705574
G1 X92.256 Y103.638 E.00239
G1 X92.317 Y103.698 E.00196
;WIDTH:0.661312
G1 X92.378 Y103.758 E.00183
;WIDTH:0.617049
G1 X92.439 Y103.819 E.00172
;WIDTH:0.572787
G1 X92.5 Y103.879 E.00158
;WIDTH:0.528524
G1 X92.519 Y103.897 E.00045
G1 X92.856 Y103.64 F9000
;TYPE:External perimeter
;WIDTH:0.419999
G1 F900
G1 X92.871 Y103.67 E.00045
G1 X92.991 Y103.71 E.00169
G1 X94.29 Y103.71 E.0174
G1 X94.29 Y109.79 E.08146
G1 X91.71 Y109.79 E.03457
G1 X91.71 Y101.21 E.11496
G1 X92.79 Y101.21 E.01447
G1 X92.79 Y103.509 E.0308
G1 X92.829 Y103.586 E.00116
G1 X92.83 Y104.786 F9000
;TYPE:Solid infill
;WIDTH:0.357353
G1 F900
G1 X93.17 Y104.83 E.00388
G1 X93.17 Y108.67 E.04345
G1 X92.83 Y108.67 E.00385
G1 X92.83 Y104.998 E.04155
G1 E-3.5 F3600
;WIPE_START
G1 F7200
G1 X92.83 Y108.156 E-1.5
;WIPE_END
G1 X126.546 Y103.954 F9000
G1 E5 F2400
;TYPE:Perimeter
;WIDTH:0.439999
G1 F900
G1 X126.546 Y102.046 E.02683
G1 X127.454 Y102.046 E.01277
G1 X127.454 Y103.954 E.02683
G1 X126.606 Y103.954 E.01193
G1 X126.123 Y104.377 F9000
G1 F900
G1 X126.123 Y101.623 E.03873
G1 X127.877 Y101.623 E.02467
G1 X127.877 Y104.377 E.03873
G1 X126.183 Y104.377 E.02382
G1 X125.71 Y104.79 F9000
;TYPE:External perimeter
;WIDTH:0.419999
G1 F900
G1 X125.71 Y101.21 E.04797
G1 X128.29 Y101.21 E.03457
G1 X128.29 Y104.79 E.04797
G1 X125.77 Y104.79 E.03376
G1 E-3.5 F3600
;WIPE_START
G1 F7200
G1 X125.71 Y104.79 E-.0285
G1 X125.71 Y101.692 E-1.4715
;WIPE_END
G1 X126.83 Y102.33 F9000
G1 E5 F2400
;TYPE:Solid infill
;WIDTH:0.357352
G1 F900
G1 X127.17 Y102.33 E.00385
G1 X127.17 Y103.67 E.01516
G1 X126.83 Y103.67 E.00385
G1 X126.83 Y102.541 E.01277
G1 E-3.5 F3600
;WIPE_START
G1 F7200
G1 X126.83 Y103.67 E-.53628
G1 X127.17 Y103.67 E-.1615
G1 X127.17 Y102.33 E-.6365
G1 X126.83 Y102.33 E-.1615
;WIPE_END
G1 E-.00422 F3600
G1 X126.546 Y116.046 F9000
G1 E5 F2400
;TYPE:Perimeter
;WIDTH:0.439999
G1 F900
G1 X127.454 Y116.046 E.01277
G1 X127.454 Y117.954 E.02683
G1 X126.546 Y117.954 E.01277
G1 X126.546 Y116.106 E.02599
G1 X126.123 Y115.623 F9000
G1 F900
G1 X127.877 Y115.623 E.02467
G1 X127.877 Y118.377 E.03873
G1 X126.123 Y118.377 E.02467
G1 X126.123 Y115.683 E.03789
G1 X125.71 Y115.21 F9000
;TYPE:External perimeter
;WIDTH:0.419999
G1 F900
G1 X128.29 Y115.21 E.03457
G1 X128.29 Y118.79 E.04797
G1 X125.71 Y118.79 E.03457
G1 X125.71 Y115.27 E.04716
G1 E-3.5 F3600
;WIPE_START
G1 F7200
G1 X125.71 Y115.21 E-.0285
G1 X128.29 Y115.21 E-1.2255
G1 X128.29 Y115.728 E-.246
;WIPE_END
G1 X126.83 Y117.67 F9000
G1 E5 F2400
;TYPE:Solid infill
;WIDTH:0.357354
G1 F900
G1 X126.83 Y116.33 E.01516
G1 X127.17 Y116.33 E.00385
G1 X127.17 Y117.67 E.01516
G1 X127.041 Y117.67 E.00146
;LAYER_CHANGE
;Z:6.84
;HEIGHT:0.0799999
;BEFORE_LAYER_CHANGE
G92 E0
;6.84


G1 E-3.5 F3600
;WIPE_START
G1 F7200
G1 X127.17 Y117.67 E-.06128
G1 X127.17 Y116.33 E-.6365
G1 X126.83 Y116.33 E-.1615
G1 X126.83 Y117.67 E-.6365
;WIPE_END
G1 E-.00422 F3600
G1 Z6.84 F9000
;AFTER_LAYER_CHANGE
;6.84
G1 X92.256 Y103.638
G1 E5 F2400
;TYPE:Perimeter
;WIDTH:0.705574
G1 F900
G1 X92.25 Y103.509 E.00296
;WIDTH:0.694338
G1 X92.25 Y101.75 E.03962
G1 E-3.5 F3600
;WIPE_START
G1 F7200
G1 X92.25 Y103.509 E-.83553
G1 X92.256 Y103.638 E-.06134
;WIPE_END
G1 E-.60313 F3600
G1 X93.454 Y104.546 F9000
G1 E5 F2400
;WIDTH:0.439999
G1 F900
G1 X93.454 Y108.954 E.06199
G1 X92.546 Y108.954 E.01277
G1 X92.546 Y104.397 E.06409
G1 X92.991 Y104.546 E.0066
G1 X93.394 Y104.546 E.00567
G1 X92.562 Y103.94 F9000
;WIDTH:0.484262
G1 F900
G1 X92.623 Y104 E.00133
;WIDTH:0.439999
G1 X92.991 Y104.123 E.00546
G1 X93.877 Y104.123 E.01246
G1 X93.877 Y109.377 E.07389
G1 X92.123 Y109.377 E.02467
G1 X92.123 Y104.25 E.0721
;WIDTH:0.484262
G1 X92.145 Y104.148 E.00162
;WIDTH:0.528524
G1 X92.167 Y104.046 E.00177
;WIDTH:0.572787
G1 X92.189 Y103.944 E.00193
;WIDTH:0.617049
G1 X92.211 Y103.842 E.00208
;WIDTH:0.661312
G1 X92.233 Y103.74 E.00224
;WIDTH:0.705574
G1 X92.256 Y103.638 E.00239
G1 X92.317 Y103.698 E.00196
;WIDTH:0.661312
G1 X92.378 Y103.758 E.00183
;WIDTH:0.617049
G1 X92.439 Y103.819 E.00172
;WIDTH:0.572787
G1 X92.5 Y103.879 E.00158
;WIDTH:0.528524
G1 X92.519 Y103.897 E.00045
G1 X92.856 Y103.64 F9000
;TYPE:External perimeter
;WIDTH:0.419999
G1 F900
G1 X92.871 Y103.67 E.00045
G1 X92.991 Y103.71 E.00169
G1 X94.29 Y103.71 E.0174
G1 X94.29 Y109.79 E.08146
G1 X91.71 Y109.79 E.03457
G1 X91.71 Y101.21 E.11496
G1 X92.79 Y101.21 E.01447
G1 X92.79 Y103.509 E.0308
G1 X92.829 Y103.586 E.00116
G1 X92.83 Y104.786 F9000
;TYPE:Solid infill
;WIDTH:0.357353
G1 F900
G1 X93.17 Y104.83 E.00388
G1 X93.17 Y108.67 E.04345
G1 X92.83 Y108.67 E.00385
G1 X92.83 Y104.998 E.04155
G1 E-3.5 F3600
;WIPE_START
G1 F7200
G1 X92.83 Y108.156 E-1.5
;WIPE_END
G1 X126.546 Y103.954 F9000
G1 E5 F2400
;TYPE:Perimeter
;WIDTH:0.439999
G1 F900
G1 X126.546 Y102.046 E.02683
G1 X127.454 Y102.046 E.01277
G1 X127.454 Y103.954 E.02683
G1 X126.606 Y103.954 E.01193
G1 X126.123 Y104.377 F9000
G1 F900
G1 X126.123 Y101.623 E.03873
G1 X127.877 Y101.623 E.02467
G1 X127.877 Y104.377 E.03873
G1 X126.183 Y104.377 E.02382
G1 X125.71 Y104.79 F9000
;TYPE:External perimeter
;WIDTH:0.419999
G1 F900
G1 X125.71 Y101.21 E.04797
G1 X128.29 Y101.21 E.03457
G1 X128.29 Y104.79 E.04797
G1 X125.77 Y104.79 E.03376
G1 E-3.5 F3600
;WIPE_START
G1 F7200
G1 X125.71 Y104.79 E-.0285
G1 X125.71 Y101.692 E-1.4715
;WIPE_END
G1 X127.17 Y102.33 F9000
G1 E5 F2400
;TYPE:Solid infill
;WIDTH:0.357352
G1 F900
G1 X127.17 Y103.67 E.01516
G1 X126.83 Y103.67 E.00385
G1 X126.83 Y102.33 E.01516
G1 X126.959 Y102.33 E.00146
G1 E-3.5 F3600
;WIPE_START
G1 F7200
G1 X126.83 Y102.33 E-.06128
G1 X126.83 Y103.67 E-.6365
G1 X127.17 Y103.67 E-.1615
G1 X127.17 Y102.33 E-.6365
;WIPE_END
G1 E-.00422 F3600
G1 X126.546 Y116.046 F9000
G1 E5 F2400
;TYPE:Perimeter
;WIDTH:0.439999
G1 F900
G1 X127.454 Y116.046 E.01277
G1 X127.454 Y117.954 E.02683
G1 X126.546 Y117.954 E.01277
G1 X126.546 Y116.106 E.02599
G1 X126.123 Y115.623 F9000
G1 F900
G1 X127.877 Y115.623 E.02467
G1 X127.877 Y118.377 E.03873
G1 X126.123 Y118.377 E.02467
G1 X126.123 Y115.683 E.03789
G1 X125.71 Y115.21 F9000
;TYPE:External perimeter
;WIDTH:0.419999
G1 F900
G1 X128.29 Y115.21 E.03457
G1 X128.29 Y118.79 E.04797
G1 X125.71 Y118.79 E.03457
G1 X125.71 Y115.27 E.04716
G1 X126.83 Y116.33 F9000
;TYPE:Solid infill
;WIDTH:0.357352
G1 F900
G1 X127.17 Y116.33 E.00385
G1 X127.17 Y117.67 E.01516
G1 X126.83 Y117.67 E.00385
G1 X126.83 Y116.541 E.01277
;LAYER_CHANGE
;Z:6.92
;HEIGHT:0.0799999
;BEFORE_LAYER_CHANGE
G92 E0
;6.92


G1 E-3.5 F3600
;WIPE_START
G1 F7200
G1 X126.83 Y117.67 E-.53628
G1 X127.17 Y117.67 E-.1615
G1 X127.17 Y116.33 E-.6365
G1 X126.83 Y116.33 E-.1615
;WIPE_END
G1 E-.00422 F3600
G1 Z6.92 F9000
;AFTER_LAYER_CHANGE
;6.92
G1 X92.256 Y103.638
G1 E5 F2400
;TYPE:Perimeter
;WIDTH:0.705574
G1 F900
G1 X92.25 Y103.509 E.00296
;WIDTH:0.694338
G1 X92.25 Y101.75 E.03962
G1 E-3.5 F3600
;WIPE_START
G1 F7200
G1 X92.25 Y103.509 E-.83553
G1 X92.256 Y103.638 E-.06134
;WIPE_END
G1 E-.60313 F3600
G1 X93.454 Y104.546 F9000
G1 E5 F2400
;WIDTH:0.439999
G1 F900
G1 X93.454 Y108.954 E.06199
G1 X92.546 Y108.954 E.01277
G1 X92.546 Y104.397 E.06409
G1 X92.991 Y104.546 E.0066
G1 X93.394 Y104.546 E.00567
G1 X92.562 Y103.94 F9000
;WIDTH:0.484262
G1 F900
G1 X92.623 Y104 E.00133
;WIDTH:0.439999
G1 X92.991 Y104.123 E.00546
G1 X93.877 Y104.123 E.01246
G1 X93.877 Y109.377 E.07389
G1 X92.123 Y109.377 E.02467
G1 X92.123 Y104.25 E.0721
;WIDTH:0.484262
G1 X92.145 Y104.148 E.00162
;WIDTH:0.528524
G1 X92.167 Y104.046 E.00177
;WIDTH:0.572787
G1 X92.189 Y103.944 E.00193
;WIDTH:0.617049
G1 X92.211 Y103.842 E.00208
;WIDTH:0.661312
G1 X92.233 Y103.74 E.00224
;WIDTH:0.705574
G1 X92.256 Y103.638 E.00239
G1 X92.317 Y103.698 E.00196
;WIDTH:0.661312
G1 X92.378 Y103.758 E.00183
;WIDTH:0.617049
G1 X92.439 Y103.819 E.00172
;WIDTH:0.572787
G1 X92.5 Y103.879 E.00158
;WIDTH:0.528524
G1 X92.519 Y103.897 E.00045
G1 X92.856 Y103.64 F9000
;TYPE:External perimeter
;WIDTH:0.419999
G1 F900
G1 X92.871 Y103.67 E.00045
G1 X92.991 Y103.71 E.00169
G1 X94.29 Y103.71 E.0174
G1 X94.29 Y109.79 E.08146
G1 X91.71 Y109.79 E.03457
G1 X91.71 Y101.21 E.11496
G1 X92.79 Y101.21 E.01447
G1 X92.79 Y103.509 E.0308
G1 X92.829 Y103.586 E.00116
G1 X92.83 Y104.786 F9000
;TYPE:Solid infill
;WIDTH:0.357353
G1 F900
G1 X93.17 Y104.83 E.00388
G1 X93.17 Y108.67 E.04345
G1 X92.83 Y108.67 E.00385
G1 X92.83 Y104.998 E.04155
G1 E-3.5 F3600
;WIPE_START
G1 F7200
G1 X92.83 Y108.156 E-1.5
;WIPE_END
G1 X126.546 Y103.954 F9000
G1 E5 F2400
;TYPE:Perimeter
;WIDTH:0.439999
G1 F900
G1 X126.546 Y102.046 E.02683
G1 X127.454 Y102.046 E.01277
G1 X127.454 Y103.954 E.02683
G1 X126.606 Y103.954 E.01193
G1 X126.123 Y104.377 F9000
G1 F900
G1 X126.123 Y101.623 E.03873
G1 X127.877 Y101.623 E.02467
G1 X127.877 Y104.377 E.03873
G1 X126.183 Y104.377 E.02382
G1 X125.71 Y104.79 F9000
;TYPE:External perimeter
;WIDTH:0.419999
G1 F900
G1 X125.71 Y101.21 E.04797
G1 X128.29 Y101.21 E.03457
G1 X128.29 Y104.79 E.04797
G1 X125.77 Y104.79 E.03376
G1 E-3.5 F3600
;WIPE_START
G1 F7200
G1 X125.71 Y104.79 E-.0285
G1 X125.71 Y101.692 E-1.4715
;WIPE_END
G1 X126.83 Y102.33 F9000
G1 E5 F2400
;TYPE:Solid infill
;WIDTH:0.357352
G1 F900
G1 X127.17 Y102.33 E.00385
G1 X127.17 Y103.67 E.01516
G1 X126.83 Y103.67 E.00385
G1 X126.83 Y102.541 E.01277
G1 E-3.5 F3600
;WIPE_START
G1 F7200
G1 X126.83 Y103.67 E-.53628
G1 X127.17 Y103.67 E-.1615
G1 X127.17 Y102.33 E-.6365
G1 X126.83 Y102.33 E-.1615
;WIPE_END
G1 E-.00422 F3600
G1 X126.546 Y116.046 F9000
G1 E5 F2400
;TYPE:Perimeter
;WIDTH:0.439999
G1 F900
G1 X127.454 Y116.046 E.01277
G1 X127.454 Y117.954 E.02683
G1 X126.546 Y117.954 E.01277
G1 X126.546 Y116.106 E.02599
G1 X126.123 Y115.623 F9000
G1 F900
G1 X127.877 Y115.623 E.02467
G1 X127.877 Y118.377 E.03873
G1 X126.123 Y118.377 E.02467
G1 X126.123 Y115.683 E.03789
G1 X125.71 Y115.21 F9000
;TYPE:External perimeter
;WIDTH:0.419999
G1 F900
G1 X128.29 Y115.21 E.03457
G1 X128.29 Y118.79 E.04797
G1 X125.71 Y118.79 E.03457
G1 X125.71 Y115.27 E.04716
G1 E-3.5 F3600
;WIPE_START
G1 F7200
G1 X125.71 Y115.21 E-.0285
G1 X128.29 Y115.21 E-1.2255
G1 X128.29 Y115.728 E-.246
;WIPE_END
G1 X126.83 Y117.67 F9000
G1 E5 F2400
;TYPE:Solid infill
;WIDTH:0.357354
G1 F900
G1 X126.83 Y116.33 E.01516
G1 X127.17 Y116.33 E.00385
G1 X127.17 Y117.67 E.01516
G1 X127.041 Y117.67 E.00146
;LAYER_CHANGE
;Z:7
;HEIGHT:0.0799999
;BEFORE_LAYER_CHANGE
G92 E0
;7


G1 E-3.5 F3600
;WIPE_START
G1 F7200
G1 X127.17 Y117.67 E-.06128
G1 X127.17 Y116.33 E-.6365
G1 X126.83 Y116.33 E-.1615
G1 X126.83 Y117.67 E-.6365
;WIPE_END
G1 E-.00422 F3600
G1 Z7 F9000
;AFTER_LAYER_CHANGE
;7
G1 X92.256 Y103.638
G1 E5 F2400
;TYPE:Perimeter
;WIDTH:0.705574
G1 F900
G1 X92.25 Y103.509 E.00296
;WIDTH:0.694338
G1 X92.25 Y101.75 E.03962
G1 E-3.5 F3600
;WIPE_START
G1 F7200
G1 X92.25 Y103.509 E-.83553
G1 X92.256 Y103.638 E-.06134
;WIPE_END
G1 E-.60313 F3600
G1 X93.454 Y104.546 F9000
G1 E5 F2400
;WIDTH:0.439999
G1 F900
G1 X93.454 Y108.954 E.06199
G1 X92.546 Y108.954 E.01277
G1 X92.546 Y104.397 E.06409
G1 X92.991 Y104.546 E.0066
G1 X93.394 Y104.546 E.00567
G1 X92.562 Y103.94 F9000
;WIDTH:0.484262
G1 F900
G1 X92.623 Y104 E.00133
;WIDTH:0.439999
G1 X92.991 Y104.123 E.00546
G1 X93.877 Y104.123 E.01246
G1 X93.877 Y109.377 E.07389
G1 X92.123 Y109.377 E.02467
G1 X92.123 Y104.25 E.0721
;WIDTH:0.484262
G1 X92.145 Y104.148 E.00162
;WIDTH:0.528524
G1 X92.167 Y104.046 E.00177
;WIDTH:0.572787
G1 X92.189 Y103.944 E.00193
;WIDTH:0.617049
G1 X92.211 Y103.842 E.00208
;WIDTH:0.661312
G1 X92.233 Y103.74 E.00224
;WIDTH:0.705574
G1 X92.256 Y103.638 E.00239
G1 X92.317 Y103.698 E.00196
;WIDTH:0.661312
G1 X92.378 Y103.758 E.00183
;WIDTH:0.617049
G1 X92.439 Y103.819 E.00172
;WIDTH:0.572787
G1 X92.5 Y103.879 E.00158
;WIDTH:0.528524
G1 X92.519 Y103.897 E.00045
G1 X92.856 Y103.64 F9000
;TYPE:External perimeter
;WIDTH:0.419999
G1 F900
G1 X92.871 Y103.67 E.00045
G1 X92.991 Y103.71 E.00169
G1 X94.29 Y103.71 E.0174
G1 X94.29 Y109.79 E.08146
G1 X91.71 Y109.79 E.03457
G1 X91.71 Y101.21 E.11496
G1 X92.79 Y101.21 E.01447
G1 X92.79 Y103.509 E.0308
G1 X92.829 Y103.586 E.00116
G1 X92.83 Y104.786 F9000
;TYPE:Solid infill
;WIDTH:0.357353
G1 F900
G1 X93.17 Y104.83 E.00388
G1 X93.17 Y108.67 E.04345
G1 X92.83 Y108.67 E.00385
G1 X92.83 Y104.998 E.04155
G1 E-3.5 F3600
;WIPE_START
G1 F7200
G1 X92.83 Y108.156 E-1.5
;WIPE_END
G1 X126.546 Y103.954 F9000
G1 E5 F2400
;TYPE:Perimeter
;WIDTH:0.439999
G1 F900
G1 X126.546 Y102.046 E.02683
G1 X127.454 Y102.046 E.01277
G1 X127.454 Y103.954 E.02683
G1 X126.606 Y103.954 E.01193
G1 X126.123 Y104.377 F9000
G1 F900
G1 X126.123 Y101.623 E.03873
G1 X127.877 Y101.623 E.02467
G1 X127.877 Y104.377 E.03873
G1 X126.183 Y104.377 E.02382
G1 X125.71 Y104.79 F9000
;TYPE:External perimeter
;WIDTH:0.419999
G1 F900
G1 X125.71 Y101.21 E.04797
G1 X128.29 Y101.21 E.03457
G1 X128.29 Y104.79 E.04797
G1 X125.77 Y104.79 E.03376
G1 E-3.5 F3600
;WIPE_START
G1 F7200
G1 X125.71 Y104.79 E-.0285
G1 X125.71 Y101.692 E-1.4715
;WIPE_END
G1 X127.17 Y102.33 F9000
G1 E5 F2400
;TYPE:Solid infill
;WIDTH:0.357352
G1 F900
G1 X127.17 Y103.67 E.01516
G1 X126.83 Y103.67 E.00385
G1 X126.83 Y102.33 E.01516
G1 X126.959 Y102.33 E.00146
G1 E-3.5 F3600
;WIPE_START
G1 F7200
G1 X126.83 Y102.33 E-.06128
G1 X126.83 Y103.67 E-.6365
G1 X127.17 Y103.67 E-.1615
G1 X127.17 Y102.33 E-.6365
;WIPE_END
G1 E-.00422 F3600
G1 X126.546 Y116.046 F9000
G1 E5 F2400
;TYPE:Perimeter
;WIDTH:0.439999
G1 F900
G1 X127.454 Y116.046 E.01277
G1 X127.454 Y117.954 E.02683
G1 X126.546 Y117.954 E.01277
G1 X126.546 Y116.106 E.02599
G1 X126.123 Y115.623 F9000
G1 F900
G1 X127.877 Y115.623 E.02467
G1 X127.877 Y118.377 E.03873
G1 X126.123 Y118.377 E.02467
G1 X126.123 Y115.683 E.03789
G1 X125.71 Y115.21 F9000
;TYPE:External perimeter
;WIDTH:0.419999
G1 F900
G1 X128.29 Y115.21 E.03457
G1 X128.29 Y118.79 E.04797
G1 X125.71 Y118.79 E.03457
G1 X125.71 Y115.27 E.04716
G1 X126.83 Y116.33 F9000
;TYPE:Solid infill
;WIDTH:0.357352
G1 F900
G1 X127.17 Y116.33 E.00385
G1 X127.17 Y117.67 E.01516
G1 X126.83 Y117.67 E.00385
G1 X126.83 Y116.541 E.01277
;LAYER_CHANGE
;Z:7.08
;HEIGHT:0.0799999
;BEFORE_LAYER_CHANGE
G92 E0
;7.08


G1 E-3.5 F3600
;WIPE_START
G1 F7200
G1 X126.83 Y117.67 E-.53628
G1 X127.17 Y117.67 E-.1615
G1 X127.17 Y116.33 E-.6365
G1 X126.83 Y116.33 E-.1615
;WIPE_END
G1 E-.00422 F3600
G1 Z7.08 F9000
;AFTER_LAYER_CHANGE
;7.08
G1 X92.256 Y103.638
G1 E5 F2400
;TYPE:Perimeter
;WIDTH:0.705574
G1 F900
G1 X92.25 Y103.509 E.00296
;WIDTH:0.694338
G1 X92.25 Y101.75 E.03962
G1 E-3.5 F3600
;WIPE_START
G1 F7200
G1 X92.25 Y103.509 E-.83553
G1 X92.256 Y103.638 E-.06134
;WIPE_END
G1 E-.60313 F3600
G1 X93.454 Y104.546 F9000
G1 E5 F2400
;WIDTH:0.439999
G1 F900
G1 X93.454 Y108.954 E.06199
G1 X92.546 Y108.954 E.01277
G1 X92.546 Y104.397 E.06409
G1 X92.991 Y104.546 E.0066
G1 X93.394 Y104.546 E.00567
G1 X92.562 Y103.94 F9000
;WIDTH:0.484262
G1 F900
G1 X92.623 Y104 E.00133
;WIDTH:0.439999
G1 X92.991 Y104.123 E.00546
G1 X93.877 Y104.123 E.01246
G1 X93.877 Y109.377 E.07389
G1 X92.123 Y109.377 E.02467
G1 X92.123 Y104.25 E.0721
;WIDTH:0.484262
G1 X92.145 Y104.148 E.00162
;WIDTH:0.528524
G1 X92.167 Y104.046 E.00177
;WIDTH:0.572787
G1 X92.189 Y103.944 E.00193
;WIDTH:0.617049
G1 X92.211 Y103.842 E.00208
;WIDTH:0.661312
G1 X92.233 Y103.74 E.00224
;WIDTH:0.705574
G1 X92.256 Y103.638 E.00239
G1 X92.317 Y103.698 E.00196
;WIDTH:0.661312
G1 X92.378 Y103.758 E.00183
;WIDTH:0.617049
G1 X92.439 Y103.819 E.00172
;WIDTH:0.572787
G1 X92.5 Y103.879 E.00158
;WIDTH:0.528524
G1 X92.519 Y103.897 E.00045
G1 X92.856 Y103.64 F9000
;TYPE:External perimeter
;WIDTH:0.419999
G1 F900
G1 X92.871 Y103.67 E.00045
G1 X92.991 Y103.71 E.00169
G1 X94.29 Y103.71 E.0174
G1 X94.29 Y109.79 E.08146
G1 X91.71 Y109.79 E.03457
G1 X91.71 Y101.21 E.11496
G1 X92.79 Y101.21 E.01447
G1 X92.79 Y103.509 E.0308
G1 X92.829 Y103.586 E.00116
G1 X92.83 Y104.786 F9000
;TYPE:Solid infill
;WIDTH:0.357353
G1 F900
G1 X93.17 Y104.83 E.00388
G1 X93.17 Y108.67 E.04345
G1 X92.83 Y108.67 E.00385
G1 X92.83 Y104.998 E.04155
G1 E-3.5 F3600
;WIPE_START
G1 F7200
G1 X92.83 Y108.156 E-1.5
;WIPE_END
G1 X126.546 Y103.954 F9000
G1 E5 F2400
;TYPE:Perimeter
;WIDTH:0.439999
G1 F900
G1 X126.546 Y102.046 E.02683
G1 X127.454 Y102.046 E.01277
G1 X127.454 Y103.954 E.02683
G1 X126.606 Y103.954 E.01193
G1 X126.123 Y104.377 F9000
G1 F900
G1 X126.123 Y101.623 E.03873
G1 X127.877 Y101.623 E.02467
G1 X127.877 Y104.377 E.03873
G1 X126.183 Y104.377 E.02382
G1 X125.71 Y104.79 F9000
;TYPE:External perimeter
;WIDTH:0.419999
G1 F900
G1 X125.71 Y101.21 E.04797
G1 X128.29 Y101.21 E.03457
G1 X128.29 Y104.79 E.04797
G1 X125.77 Y104.79 E.03376
G1 E-3.5 F3600
;WIPE_START
G1 F7200
G1 X125.71 Y104.79 E-.0285
G1 X125.71 Y101.692 E-1.4715
;WIPE_END
G1 X126.83 Y102.33 F9000
G1 E5 F2400
;TYPE:Solid infill
;WIDTH:0.357352
G1 F900
G1 X127.17 Y102.33 E.00385
G1 X127.17 Y103.67 E.01516
G1 X126.83 Y103.67 E.00385
G1 X126.83 Y102.541 E.01277
G1 E-3.5 F3600
;WIPE_START
G1 F7200
G1 X126.83 Y103.67 E-.53628
G1 X127.17 Y103.67 E-.1615
G1 X127.17 Y102.33 E-.6365
G1 X126.83 Y102.33 E-.1615
;WIPE_END
G1 E-.00422 F3600
G1 X126.546 Y116.046 F9000
G1 E5 F2400
;TYPE:Perimeter
;WIDTH:0.439999
G1 F900
G1 X127.454 Y116.046 E.01277
G1 X127.454 Y117.954 E.02683
G1 X126.546 Y117.954 E.01277
G1 X126.546 Y116.106 E.02599
G1 X126.123 Y115.623 F9000
G1 F900
G1 X127.877 Y115.623 E.02467
G1 X127.877 Y118.377 E.03873
G1 X126.123 Y118.377 E.02467
G1 X126.123 Y115.683 E.03789
G1 X125.71 Y115.21 F9000
;TYPE:External perimeter
;WIDTH:0.419999
G1 F900
G1 X128.29 Y115.21 E.03457
G1 X128.29 Y118.79 E.04797
G1 X125.71 Y118.79 E.03457
G1 X125.71 Y115.27 E.04716
G1 E-3.5 F3600
;WIPE_START
G1 F7200
G1 X125.71 Y115.21 E-.0285
G1 X128.29 Y115.21 E-1.2255
G1 X128.29 Y115.728 E-.246
;WIPE_END
G1 X126.83 Y117.67 F9000
G1 E5 F2400
;TYPE:Solid infill
;WIDTH:0.357354
G1 F900
G1 X126.83 Y116.33 E.01516
G1 X127.17 Y116.33 E.00385
G1 X127.17 Y117.67 E.01516
G1 X127.041 Y117.67 E.00146
;LAYER_CHANGE
;Z:7.16
;HEIGHT:0.0799999
;BEFORE_LAYER_CHANGE
G92 E0
;7.16


G1 E-3.5 F3600
;WIPE_START
G1 F7200
G1 X127.17 Y117.67 E-.06128
G1 X127.17 Y116.33 E-.6365
G1 X126.83 Y116.33 E-.1615
G1 X126.83 Y117.67 E-.6365
;WIPE_END
G1 E-.00422 F3600
G1 Z7.16 F9000
;AFTER_LAYER_CHANGE
;7.16
G1 X92.256 Y103.638
G1 E5 F2400
;TYPE:Perimeter
;WIDTH:0.705574
G1 F900
G1 X92.25 Y103.509 E.00296
;WIDTH:0.694338
G1 X92.25 Y101.75 E.03962
G1 E-3.5 F3600
;WIPE_START
G1 F7200
G1 X92.25 Y103.509 E-.83553
G1 X92.256 Y103.638 E-.06134
;WIPE_END
G1 E-.60313 F3600
G1 X93.454 Y104.546 F9000
G1 E5 F2400
;WIDTH:0.439999
G1 F900
G1 X93.454 Y108.954 E.06199
G1 X92.546 Y108.954 E.01277
G1 X92.546 Y104.397 E.06409
G1 X92.991 Y104.546 E.0066
G1 X93.394 Y104.546 E.00567
G1 X92.562 Y103.94 F9000
;WIDTH:0.484262
G1 F900
G1 X92.623 Y104 E.00133
;WIDTH:0.439999
G1 X92.991 Y104.123 E.00546
G1 X93.877 Y104.123 E.01246
G1 X93.877 Y109.377 E.07389
G1 X92.123 Y109.377 E.02467
G1 X92.123 Y104.25 E.0721
;WIDTH:0.484262
G1 X92.145 Y104.148 E.00162
;WIDTH:0.528524
G1 X92.167 Y104.046 E.00177
;WIDTH:0.572787
G1 X92.189 Y103.944 E.00193
;WIDTH:0.617049
G1 X92.211 Y103.842 E.00208
;WIDTH:0.661312
G1 X92.233 Y103.74 E.00224
;WIDTH:0.705574
G1 X92.256 Y103.638 E.00239
G1 X92.317 Y103.698 E.00196
;WIDTH:0.661312
G1 X92.378 Y103.758 E.00183
;WIDTH:0.617049
G1 X92.439 Y103.819 E.00172
;WIDTH:0.572787
G1 X92.5 Y103.879 E.00158
;WIDTH:0.528524
G1 X92.519 Y103.897 E.00045
G1 X92.856 Y103.64 F9000
;TYPE:External perimeter
;WIDTH:0.419999
G1 F900
G1 X92.871 Y103.67 E.00045
G1 X92.991 Y103.71 E.00169
G1 X94.29 Y103.71 E.0174
G1 X94.29 Y109.79 E.08146
G1 X91.71 Y109.79 E.03457
G1 X91.71 Y101.21 E.11496
G1 X92.79 Y101.21 E.01447
G1 X92.79 Y103.509 E.0308
G1 X92.829 Y103.586 E.00116
G1 X92.83 Y104.786 F9000
;TYPE:Solid infill
;WIDTH:0.357353
G1 F900
G1 X93.17 Y104.83 E.00388
G1 X93.17 Y108.67 E.04345
G1 X92.83 Y108.67 E.00385
G1 X92.83 Y104.998 E.04155
G1 E-3.5 F3600
;WIPE_START
G1 F7200
G1 X92.83 Y108.156 E-1.5
;WIPE_END
G1 X126.546 Y103.954 F9000
G1 E5 F2400
;TYPE:Perimeter
;WIDTH:0.439999
G1 F900
G1 X126.546 Y102.046 E.02683
G1 X127.454 Y102.046 E.01277
G1 X127.454 Y103.954 E.02683
G1 X126.606 Y103.954 E.01193
G1 X126.123 Y104.377 F9000
G1 F900
G1 X126.123 Y101.623 E.03873
G1 X127.877 Y101.623 E.02467
G1 X127.877 Y104.377 E.03873
G1 X126.183 Y104.377 E.02382
G1 X125.71 Y104.79 F9000
;TYPE:External perimeter
;WIDTH:0.419999
G1 F900
G1 X125.71 Y101.21 E.04797
G1 X128.29 Y101.21 E.03457
G1 X128.29 Y104.79 E.04797
G1 X125.77 Y104.79 E.03376
G1 E-3.5 F3600
;WIPE_START
G1 F7200
G1 X125.71 Y104.79 E-.0285
G1 X125.71 Y101.692 E-1.4715
;WIPE_END
G1 X127.17 Y102.33 F9000
G1 E5 F2400
;TYPE:Solid infill
;WIDTH:0.357352
G1 F900
G1 X127.17 Y103.67 E.01516
G1 X126.83 Y103.67 E.00385
G1 X126.83 Y102.33 E.01516
G1 X126.959 Y102.33 E.00146
G1 E-3.5 F3600
;WIPE_START
G1 F7200
G1 X126.83 Y102.33 E-.06128
G1 X126.83 Y103.67 E-.6365
G1 X127.17 Y103.67 E-.1615
G1 X127.17 Y102.33 E-.6365
;WIPE_END
G1 E-.00422 F3600
G1 X126.546 Y116.046 F9000
G1 E5 F2400
;TYPE:Perimeter
;WIDTH:0.439999
G1 F900
G1 X127.454 Y116.046 E.01277
G1 X127.454 Y117.954 E.02683
G1 X126.546 Y117.954 E.01277
G1 X126.546 Y116.106 E.02599
G1 X126.123 Y115.623 F9000
G1 F900
G1 X127.877 Y115.623 E.02467
G1 X127.877 Y118.377 E.03873
G1 X126.123 Y118.377 E.02467
G1 X126.123 Y115.683 E.03789
G1 X125.71 Y115.21 F9000
;TYPE:External perimeter
;WIDTH:0.419999
G1 F900
G1 X128.29 Y115.21 E.03457
G1 X128.29 Y118.79 E.04797
G1 X125.71 Y118.79 E.03457
G1 X125.71 Y115.27 E.04716
G1 X126.83 Y116.33 F9000
;TYPE:Solid infill
;WIDTH:0.357352
G1 F900
G1 X127.17 Y116.33 E.00385
G1 X127.17 Y117.67 E.01516
G1 X126.83 Y117.67 E.00385
G1 X126.83 Y116.541 E.01277
;LAYER_CHANGE
;Z:7.24
;HEIGHT:0.0799999
;BEFORE_LAYER_CHANGE
G92 E0
;7.24


G1 E-3.5 F3600
;WIPE_START
G1 F7200
G1 X126.83 Y117.67 E-.53628
G1 X127.17 Y117.67 E-.1615
G1 X127.17 Y116.33 E-.6365
G1 X126.83 Y116.33 E-.1615
;WIPE_END
G1 E-.00422 F3600
G1 Z7.24 F9000
;AFTER_LAYER_CHANGE
;7.24
G1 X92.256 Y103.638
G1 E5 F2400
;TYPE:Perimeter
;WIDTH:0.705574
G1 F900
G1 X92.25 Y103.509 E.00296
;WIDTH:0.694338
G1 X92.25 Y101.75 E.03962
G1 E-3.5 F3600
;WIPE_START
G1 F7200
G1 X92.25 Y103.509 E-.83553
G1 X92.256 Y103.638 E-.06134
;WIPE_END
G1 E-.60313 F3600
G1 X93.454 Y104.546 F9000
G1 E5 F2400
;WIDTH:0.439999
G1 F900
G1 X93.454 Y108.954 E.06199
G1 X92.546 Y108.954 E.01277
G1 X92.546 Y104.397 E.06409
G1 X92.991 Y104.546 E.0066
G1 X93.394 Y104.546 E.00567
G1 X92.562 Y103.94 F9000
;WIDTH:0.484262
G1 F900
G1 X92.623 Y104 E.00133
;WIDTH:0.439999
G1 X92.991 Y104.123 E.00546
G1 X93.877 Y104.123 E.01246
G1 X93.877 Y109.377 E.07389
G1 X92.123 Y109.377 E.02467
G1 X92.123 Y104.25 E.0721
;WIDTH:0.484262
G1 X92.145 Y104.148 E.00162
;WIDTH:0.528524
G1 X92.167 Y104.046 E.00177
;WIDTH:0.572787
G1 X92.189 Y103.944 E.00193
;WIDTH:0.617049
G1 X92.211 Y103.842 E.00208
;WIDTH:0.661312
G1 X92.233 Y103.74 E.00224
;WIDTH:0.705574
G1 X92.256 Y103.638 E.00239
G1 X92.317 Y103.698 E.00196
;WIDTH:0.661312
G1 X92.378 Y103.758 E.00183
;WIDTH:0.617049
G1 X92.439 Y103.819 E.00172
;WIDTH:0.572787
G1 X92.5 Y103.879 E.00158
;WIDTH:0.528524
G1 X92.519 Y103.897 E.00045
G1 X92.856 Y103.64 F9000
;TYPE:External perimeter
;WIDTH:0.419999
G1 F900
G1 X92.871 Y103.67 E.00045
G1 X92.991 Y103.71 E.00169
G1 X94.29 Y103.71 E.0174
G1 X94.29 Y109.79 E.08146
G1 X91.71 Y109.79 E.03457
G1 X91.71 Y101.21 E.11496
G1 X92.79 Y101.21 E.01447
G1 X92.79 Y103.509 E.0308
G1 X92.829 Y103.586 E.00116
G1 X92.83 Y104.786 F9000
;TYPE:Solid infill
;WIDTH:0.357353
G1 F900
G1 X93.17 Y104.83 E.00388
G1 X93.17 Y108.67 E.04345
G1 X92.83 Y108.67 E.00385
G1 X92.83 Y104.998 E.04155
G1 E-3.5 F3600
;WIPE_START
G1 F7200
G1 X92.83 Y108.156 E-1.5
;WIPE_END
G1 X126.546 Y103.954 F9000
G1 E5 F2400
;TYPE:Perimeter
;WIDTH:0.439999
G1 F900
G1 X126.546 Y102.046 E.02683
G1 X127.454 Y102.046 E.01277
G1 X127.454 Y103.954 E.02683
G1 X126.606 Y103.954 E.01193
G1 X126.123 Y104.377 F9000
G1 F900
G1 X126.123 Y101.623 E.03873
G1 X127.877 Y101.623 E.02467
G1 X127.877 Y104.377 E.03873
G1 X126.183 Y104.377 E.02382
G1 X125.71 Y104.79 F9000
;TYPE:External perimeter
;WIDTH:0.419999
G1 F900
G1 X125.71 Y101.21 E.04797
G1 X128.29 Y101.21 E.03457
G1 X128.29 Y104.79 E.04797
G1 X125.77 Y104.79 E.03376
G1 E-3.5 F3600
;WIPE_START
G1 F7200
G1 X125.71 Y104.79 E-.0285
G1 X125.71 Y101.692 E-1.4715
;WIPE_END
G1 X126.83 Y102.33 F9000
G1 E5 F2400
;TYPE:Solid infill
;WIDTH:0.357352
G1 F900
G1 X127.17 Y102.33 E.00385
G1 X127.17 Y103.67 E.01516
G1 X126.83 Y103.67 E.00385
G1 X126.83 Y102.541 E.01277
G1 E-3.5 F3600
;WIPE_START
G1 F7200
G1 X126.83 Y103.67 E-.53628
G1 X127.17 Y103.67 E-.1615
G1 X127.17 Y102.33 E-.6365
G1 X126.83 Y102.33 E-.1615
;WIPE_END
G1 E-.00422 F3600
G1 X126.546 Y116.046 F9000
G1 E5 F2400
;TYPE:Perimeter
;WIDTH:0.439999
G1 F900
G1 X127.454 Y116.046 E.01277
G1 X127.454 Y117.954 E.02683
G1 X126.546 Y117.954 E.01277
G1 X126.546 Y116.106 E.02599
G1 X126.123 Y115.623 F9000
G1 F900
G1 X127.877 Y115.623 E.02467
G1 X127.877 Y118.377 E.03873
G1 X126.123 Y118.377 E.02467
G1 X126.123 Y115.683 E.03789
G1 X125.71 Y115.21 F9000
;TYPE:External perimeter
;WIDTH:0.419999
G1 F900
G1 X128.29 Y115.21 E.03457
G1 X128.29 Y118.79 E.04797
G1 X125.71 Y118.79 E.03457
G1 X125.71 Y115.27 E.04716
G1 E-3.5 F3600
;WIPE_START
G1 F7200
G1 X125.71 Y115.21 E-.0285
G1 X128.29 Y115.21 E-1.2255
G1 X128.29 Y115.728 E-.246
;WIPE_END
G1 X126.83 Y117.67 F9000
G1 E5 F2400
;TYPE:Solid infill
;WIDTH:0.357354
G1 F900
G1 X126.83 Y116.33 E.01516
G1 X127.17 Y116.33 E.00385
G1 X127.17 Y117.67 E.01516
G1 X127.041 Y117.67 E.00146
;LAYER_CHANGE
;Z:7.32
;HEIGHT:0.0800004
;BEFORE_LAYER_CHANGE
G92 E0
;7.32


G1 E-3.5 F3600
;WIPE_START
G1 F7200
G1 X127.17 Y117.67 E-.06128
G1 X127.17 Y116.33 E-.6365
G1 X126.83 Y116.33 E-.1615
G1 X126.83 Y117.67 E-.6365
;WIPE_END
G1 E-.00422 F3600
G1 Z7.32 F9000
;AFTER_LAYER_CHANGE
;7.32
G1 X92.256 Y103.638
G1 E5 F2400
;TYPE:Perimeter
;WIDTH:0.705574
G1 F900
G1 X92.25 Y103.509 E.00296
;WIDTH:0.694338
G1 X92.25 Y101.75 E.03962
G1 E-3.5 F3600
;WIPE_START
G1 F7200
G1 X92.25 Y103.509 E-.83553
G1 X92.256 Y103.638 E-.06134
;WIPE_END
G1 E-.60313 F3600
G1 X93.454 Y104.546 F9000
G1 E5 F2400
;WIDTH:0.439999
G1 F900
G1 X93.454 Y108.954 E.06199
G1 X92.546 Y108.954 E.01277
G1 X92.546 Y104.397 E.06409
G1 X92.991 Y104.546 E.0066
G1 X93.394 Y104.546 E.00567
G1 X92.562 Y103.94 F9000
;WIDTH:0.484262
G1 F900
G1 X92.623 Y104 E.00133
;WIDTH:0.439999
G1 X92.991 Y104.123 E.00546
G1 X93.877 Y104.123 E.01246
G1 X93.877 Y109.377 E.07389
G1 X92.123 Y109.377 E.02467
G1 X92.123 Y104.25 E.0721
;WIDTH:0.484262
G1 X92.145 Y104.148 E.00162
;WIDTH:0.528524
G1 X92.167 Y104.046 E.00177
;WIDTH:0.572787
G1 X92.189 Y103.944 E.00193
;WIDTH:0.617049
G1 X92.211 Y103.842 E.00208
;WIDTH:0.661312
G1 X92.233 Y103.74 E.00224
;WIDTH:0.705574
G1 X92.256 Y103.638 E.00239
G1 X92.317 Y103.698 E.00196
;WIDTH:0.661312
G1 X92.378 Y103.758 E.00183
;WIDTH:0.617049
G1 X92.439 Y103.819 E.00172
;WIDTH:0.572787
G1 X92.5 Y103.879 E.00158
;WIDTH:0.528524
G1 X92.519 Y103.897 E.00045
G1 X92.856 Y103.64 F9000
;TYPE:External perimeter
;WIDTH:0.419999
G1 F900
G1 X92.871 Y103.67 E.00045
G1 X92.991 Y103.71 E.00169
G1 X94.29 Y103.71 E.0174
G1 X94.29 Y109.79 E.08146
G1 X91.71 Y109.79 E.03457
G1 X91.71 Y101.21 E.11496
G1 X92.79 Y101.21 E.01447
G1 X92.79 Y103.509 E.0308
G1 X92.829 Y103.586 E.00116
G1 X92.83 Y104.786 F9000
;TYPE:Solid infill
;WIDTH:0.357353
G1 F900
G1 X93.17 Y104.83 E.00388
G1 X93.17 Y108.67 E.04345
G1 X92.83 Y108.67 E.00385
G1 X92.83 Y104.998 E.04155
G1 E-3.5 F3600
;WIPE_START
G1 F7200
G1 X92.83 Y108.156 E-1.5
;WIPE_END
G1 X126.546 Y103.954 F9000
G1 E5 F2400
;TYPE:Perimeter
;WIDTH:0.439999
G1 F900
G1 X126.546 Y102.046 E.02683
G1 X127.454 Y102.046 E.01277
G1 X127.454 Y103.954 E.02683
G1 X126.606 Y103.954 E.01193
G1 X126.123 Y104.377 F9000
G1 F900
G1 X126.123 Y101.623 E.03873
G1 X127.877 Y101.623 E.02467
G1 X127.877 Y104.377 E.03873
G1 X126.183 Y104.377 E.02382
G1 X125.71 Y104.79 F9000
;TYPE:External perimeter
;WIDTH:0.419999
G1 F900
G1 X125.71 Y101.21 E.04797
G1 X128.29 Y101.21 E.03457
G1 X128.29 Y104.79 E.04797
G1 X125.77 Y104.79 E.03376
G1 E-3.5 F3600
;WIPE_START
G1 F7200
G1 X125.71 Y104.79 E-.0285
G1 X125.71 Y101.692 E-1.4715
;WIPE_END
G1 X127.17 Y102.33 F9000
G1 E5 F2400
;TYPE:Solid infill
;WIDTH:0.357352
G1 F900
G1 X127.17 Y103.67 E.01516
G1 X126.83 Y103.67 E.00385
G1 X126.83 Y102.33 E.01516
G1 X126.959 Y102.33 E.00146
G1 E-3.5 F3600
;WIPE_START
G1 F7200
G1 X126.83 Y102.33 E-.06128
G1 X126.83 Y103.67 E-.6365
G1 X127.17 Y103.67 E-.1615
G1 X127.17 Y102.33 E-.6365
;WIPE_END
G1 E-.00422 F3600
G1 X126.546 Y116.046 F9000
G1 E5 F2400
;TYPE:Perimeter
;WIDTH:0.439999
G1 F900
G1 X127.454 Y116.046 E.01277
G1 X127.454 Y117.954 E.02683
G1 X126.546 Y117.954 E.01277
G1 X126.546 Y116.106 E.02599
G1 X126.123 Y115.623 F9000
G1 F900
G1 X127.877 Y115.623 E.02467
G1 X127.877 Y118.377 E.03873
G1 X126.123 Y118.377 E.02467
G1 X126.123 Y115.683 E.03789
G1 X125.71 Y115.21 F9000
;TYPE:External perimeter
;WIDTH:0.419999
G1 F900
G1 X128.29 Y115.21 E.03457
G1 X128.29 Y118.79 E.04797
G1 X125.71 Y118.79 E.03457
G1 X125.71 Y115.27 E.04716
G1 X126.83 Y116.33 F9000
;TYPE:Solid infill
;WIDTH:0.357352
G1 F900
G1 X127.17 Y116.33 E.00385
G1 X127.17 Y117.67 E.01516
G1 X126.83 Y117.67 E.00385
G1 X126.83 Y116.541 E.01277
;LAYER_CHANGE
;Z:7.4
;HEIGHT:0.0799999
;BEFORE_LAYER_CHANGE
G92 E0
;7.4


G1 E-3.5 F3600
;WIPE_START
G1 F7200
G1 X126.83 Y117.67 E-.53628
G1 X127.17 Y117.67 E-.1615
G1 X127.17 Y116.33 E-.6365
G1 X126.83 Y116.33 E-.1615
;WIPE_END
G1 E-.00422 F3600
G1 Z7.4 F9000
;AFTER_LAYER_CHANGE
;7.4
G1 X92.256 Y103.638
G1 E5 F2400
;TYPE:Perimeter
;WIDTH:0.705574
G1 F900
G1 X92.25 Y103.509 E.00296
;WIDTH:0.694338
G1 X92.25 Y101.75 E.03962
G1 E-3.5 F3600
;WIPE_START
G1 F7200
G1 X92.25 Y103.509 E-.83553
G1 X92.256 Y103.638 E-.06134
;WIPE_END
G1 E-.60313 F3600
G1 X93.454 Y104.546 F9000
G1 E5 F2400
;WIDTH:0.439999
G1 F900
G1 X93.454 Y108.954 E.06199
G1 X92.546 Y108.954 E.01277
G1 X92.546 Y104.397 E.06409
G1 X92.991 Y104.546 E.0066
G1 X93.394 Y104.546 E.00567
G1 X92.562 Y103.94 F9000
;WIDTH:0.484262
G1 F900
G1 X92.623 Y104 E.00133
;WIDTH:0.439999
G1 X92.991 Y104.123 E.00546
G1 X93.877 Y104.123 E.01246
G1 X93.877 Y109.377 E.07389
G1 X92.123 Y109.377 E.02467
G1 X92.123 Y104.25 E.0721
;WIDTH:0.484262
G1 X92.145 Y104.148 E.00162
;WIDTH:0.528524
G1 X92.167 Y104.046 E.00177
;WIDTH:0.572787
G1 X92.189 Y103.944 E.00193
;WIDTH:0.617049
G1 X92.211 Y103.842 E.00208
;WIDTH:0.661312
G1 X92.233 Y103.74 E.00224
;WIDTH:0.705574
G1 X92.256 Y103.638 E.00239
G1 X92.317 Y103.698 E.00196
;WIDTH:0.661312
G1 X92.378 Y103.758 E.00183
;WIDTH:0.617049
G1 X92.439 Y103.819 E.00172
;WIDTH:0.572787
G1 X92.5 Y103.879 E.00158
;WIDTH:0.528524
G1 X92.519 Y103.897 E.00045
G1 X92.856 Y103.64 F9000
;TYPE:External perimeter
;WIDTH:0.419999
G1 F900
G1 X92.871 Y103.67 E.00045
G1 X92.991 Y103.71 E.00169
G1 X94.29 Y103.71 E.0174
G1 X94.29 Y109.79 E.08146
G1 X91.71 Y109.79 E.03457
G1 X91.71 Y101.21 E.11496
G1 X92.79 Y101.21 E.01447
G1 X92.79 Y103.509 E.0308
G1 X92.829 Y103.586 E.00116
G1 X92.83 Y104.786 F9000
;TYPE:Solid infill
;WIDTH:0.357353
G1 F900
G1 X93.17 Y104.83 E.00388
G1 X93.17 Y108.67 E.04345
G1 X92.83 Y108.67 E.00385
G1 X92.83 Y104.998 E.04155
G1 E-3.5 F3600
;WIPE_START
G1 F7200
G1 X92.83 Y108.156 E-1.5
;WIPE_END
G1 X126.546 Y103.954 F9000
G1 E5 F2400
;TYPE:Perimeter
;WIDTH:0.439999
G1 F900
G1 X126.546 Y102.046 E.02683
G1 X127.454 Y102.046 E.01277
G1 X127.454 Y103.954 E.02683
G1 X126.606 Y103.954 E.01193
G1 X126.123 Y104.377 F9000
G1 F900
G1 X126.123 Y101.623 E.03873
G1 X127.877 Y101.623 E.02467
G1 X127.877 Y104.377 E.03873
G1 X126.183 Y104.377 E.02382
G1 X125.71 Y104.79 F9000
;TYPE:External perimeter
;WIDTH:0.419999
G1 F900
G1 X125.71 Y101.21 E.04797
G1 X128.29 Y101.21 E.03457
G1 X128.29 Y104.79 E.04797
G1 X125.77 Y104.79 E.03376
G1 E-3.5 F3600
;WIPE_START
G1 F7200
G1 X125.71 Y104.79 E-.0285
G1 X125.71 Y101.692 E-1.4715
;WIPE_END
G1 X126.83 Y102.33 F9000
G1 E5 F2400
;TYPE:Solid infill
;WIDTH:0.357352
G1 F900
G1 X127.17 Y102.33 E.00385
G1 X127.17 Y103.67 E.01516
G1 X126.83 Y103.67 E.00385
G1 X126.83 Y102.541 E.01277
G1 E-3.5 F3600
;WIPE_START
G1 F7200
G1 X126.83 Y103.67 E-.53628
G1 X127.17 Y103.67 E-.1615
G1 X127.17 Y102.33 E-.6365
G1 X126.83 Y102.33 E-.1615
;WIPE_END
G1 E-.00422 F3600
G1 X126.546 Y116.046 F9000
G1 E5 F2400
;TYPE:Perimeter
;WIDTH:0.439999
G1 F900
G1 X127.454 Y116.046 E.01277
G1 X127.454 Y117.954 E.02683
G1 X126.546 Y117.954 E.01277
G1 X126.546 Y116.106 E.02599
G1 X126.123 Y115.623 F9000
G1 F900
G1 X127.877 Y115.623 E.02467
G1 X127.877 Y118.377 E.03873
G1 X126.123 Y118.377 E.02467
G1 X126.123 Y115.683 E.03789
G1 X125.71 Y115.21 F9000
;TYPE:External perimeter
;WIDTH:0.419999
G1 F900
G1 X128.29 Y115.21 E.03457
G1 X128.29 Y118.79 E.04797
G1 X125.71 Y118.79 E.03457
G1 X125.71 Y115.27 E.04716
G1 E-3.5 F3600
;WIPE_START
G1 F7200
G1 X125.71 Y115.21 E-.0285
G1 X128.29 Y115.21 E-1.2255
G1 X128.29 Y115.728 E-.246
;WIPE_END
G1 X126.83 Y117.67 F9000
G1 E5 F2400
;TYPE:Solid infill
;WIDTH:0.357354
G1 F900
G1 X126.83 Y116.33 E.01516
G1 X127.17 Y116.33 E.00385
G1 X127.17 Y117.67 E.01516
G1 X127.041 Y117.67 E.00146
;LAYER_CHANGE
;Z:7.48
;HEIGHT:0.0799999
;BEFORE_LAYER_CHANGE
G92 E0
;7.48


G1 E-3.5 F3600
;WIPE_START
G1 F7200
G1 X127.17 Y117.67 E-.06128
G1 X127.17 Y116.33 E-.6365
G1 X126.83 Y116.33 E-.1615
G1 X126.83 Y117.67 E-.6365
;WIPE_END
G1 E-.00422 F3600
G1 Z7.48 F9000
;AFTER_LAYER_CHANGE
;7.48
G1 X92.256 Y103.638
G1 E5 F2400
;TYPE:Perimeter
;WIDTH:0.705574
G1 F900
G1 X92.25 Y103.509 E.00296
;WIDTH:0.694338
G1 X92.25 Y101.75 E.03962
G1 E-3.5 F3600
;WIPE_START
G1 F7200
G1 X92.25 Y103.509 E-.83553
G1 X92.256 Y103.638 E-.06134
;WIPE_END
G1 E-.60313 F3600
G1 X93.454 Y104.546 F9000
G1 E5 F2400
;WIDTH:0.439999
G1 F900
G1 X93.454 Y108.954 E.06199
G1 X92.546 Y108.954 E.01277
G1 X92.546 Y104.397 E.06409
G1 X92.991 Y104.546 E.0066
G1 X93.394 Y104.546 E.00567
G1 X92.562 Y103.94 F9000
;WIDTH:0.484262
G1 F900
G1 X92.623 Y104 E.00133
;WIDTH:0.439999
G1 X92.991 Y104.123 E.00546
G1 X93.877 Y104.123 E.01246
G1 X93.877 Y109.377 E.07389
G1 X92.123 Y109.377 E.02467
G1 X92.123 Y104.25 E.0721
;WIDTH:0.484262
G1 X92.145 Y104.148 E.00162
;WIDTH:0.528524
G1 X92.167 Y104.046 E.00177
;WIDTH:0.572787
G1 X92.189 Y103.944 E.00193
;WIDTH:0.617049
G1 X92.211 Y103.842 E.00208
;WIDTH:0.661312
G1 X92.233 Y103.74 E.00224
;WIDTH:0.705574
G1 X92.256 Y103.638 E.00239
G1 X92.317 Y103.698 E.00196
;WIDTH:0.661312
G1 X92.378 Y103.758 E.00183
;WIDTH:0.617049
G1 X92.439 Y103.819 E.00172
;WIDTH:0.572787
G1 X92.5 Y103.879 E.00158
;WIDTH:0.528524
G1 X92.519 Y103.897 E.00045
G1 X92.856 Y103.64 F9000
;TYPE:External perimeter
;WIDTH:0.419999
G1 F900
G1 X92.871 Y103.67 E.00045
G1 X92.991 Y103.71 E.00169
G1 X94.29 Y103.71 E.0174
G1 X94.29 Y109.79 E.08146
G1 X91.71 Y109.79 E.03457
G1 X91.71 Y101.21 E.11496
G1 X92.79 Y101.21 E.01447
G1 X92.79 Y103.509 E.0308
G1 X92.829 Y103.586 E.00116
G1 X92.83 Y104.786 F9000
;TYPE:Solid infill
;WIDTH:0.357353
G1 F900
G1 X93.17 Y104.83 E.00388
G1 X93.17 Y108.67 E.04345
G1 X92.83 Y108.67 E.00385
G1 X92.83 Y104.998 E.04155
G1 E-3.5 F3600
;WIPE_START
G1 F7200
G1 X92.83 Y108.156 E-1.5
;WIPE_END
G1 X126.546 Y103.954 F9000
G1 E5 F2400
;TYPE:Perimeter
;WIDTH:0.439999
G1 F900
G1 X126.546 Y102.046 E.02683
G1 X127.454 Y102.046 E.01277
G1 X127.454 Y103.954 E.02683
G1 X126.606 Y103.954 E.01193
G1 X126.123 Y104.377 F9000
G1 F900
G1 X126.123 Y101.623 E.03873
G1 X127.877 Y101.623 E.02467
G1 X127.877 Y104.377 E.03873
G1 X126.183 Y104.377 E.02382
G1 X125.71 Y104.79 F9000
;TYPE:External perimeter
;WIDTH:0.419999
G1 F900
G1 X125.71 Y101.21 E.04797
G1 X128.29 Y101.21 E.03457
G1 X128.29 Y104.79 E.04797
G1 X125.77 Y104.79 E.03376
G1 E-3.5 F3600
;WIPE_START
G1 F7200
G1 X125.71 Y104.79 E-.0285
G1 X125.71 Y101.692 E-1.4715
;WIPE_END
G1 X127.17 Y102.33 F9000
G1 E5 F2400
;TYPE:Solid infill
;WIDTH:0.357352
G1 F900
G1 X127.17 Y103.67 E.01516
G1 X126.83 Y103.67 E.00385
G1 X126.83 Y102.33 E.01516
G1 X126.959 Y102.33 E.00146
G1 E-3.5 F3600
;WIPE_START
G1 F7200
G1 X126.83 Y102.33 E-.06128
G1 X126.83 Y103.67 E-.6365
G1 X127.17 Y103.67 E-.1615
G1 X127.17 Y102.33 E-.6365
;WIPE_END
G1 E-.00422 F3600
G1 X126.546 Y116.046 F9000
G1 E5 F2400
;TYPE:Perimeter
;WIDTH:0.439999
G1 F900
G1 X127.454 Y116.046 E.01277
G1 X127.454 Y117.954 E.02683
G1 X126.546 Y117.954 E.01277
G1 X126.546 Y116.106 E.02599
G1 X126.123 Y115.623 F9000
G1 F900
G1 X127.877 Y115.623 E.02467
G1 X127.877 Y118.377 E.03873
G1 X126.123 Y118.377 E.02467
G1 X126.123 Y115.683 E.03789
G1 X125.71 Y115.21 F9000
;TYPE:External perimeter
;WIDTH:0.419999
G1 F900
G1 X128.29 Y115.21 E.03457
G1 X128.29 Y118.79 E.04797
G1 X125.71 Y118.79 E.03457
G1 X125.71 Y115.27 E.04716
G1 X126.83 Y116.33 F9000
;TYPE:Solid infill
;WIDTH:0.357352
G1 F900
G1 X127.17 Y116.33 E.00385
G1 X127.17 Y117.67 E.01516
G1 X126.83 Y117.67 E.00385
G1 X126.83 Y116.541 E.01277
;LAYER_CHANGE
;Z:7.56
;HEIGHT:0.0799999
;BEFORE_LAYER_CHANGE
G92 E0
;7.56


G1 E-3.5 F3600
;WIPE_START
G1 F7200
G1 X126.83 Y117.67 E-.53628
G1 X127.17 Y117.67 E-.1615
G1 X127.17 Y116.33 E-.6365
G1 X126.83 Y116.33 E-.1615
;WIPE_END
G1 E-.00422 F3600
G1 Z7.56 F9000
;AFTER_LAYER_CHANGE
;7.56
G1 X92.256 Y103.638
G1 E5 F2400
;TYPE:Perimeter
;WIDTH:0.705574
G1 F900
G1 X92.25 Y103.509 E.00296
;WIDTH:0.694338
G1 X92.25 Y101.75 E.03962
G1 E-3.5 F3600
;WIPE_START
G1 F7200
G1 X92.25 Y103.509 E-.83553
G1 X92.256 Y103.638 E-.06134
;WIPE_END
G1 E-.60313 F3600
G1 X93.454 Y104.546 F9000
G1 E5 F2400
;WIDTH:0.439999
G1 F900
G1 X93.454 Y108.954 E.06199
G1 X92.546 Y108.954 E.01277
G1 X92.546 Y104.397 E.06409
G1 X92.991 Y104.546 E.0066
G1 X93.394 Y104.546 E.00567
G1 X92.562 Y103.94 F9000
;WIDTH:0.484262
G1 F900
G1 X92.623 Y104 E.00133
;WIDTH:0.439999
G1 X92.991 Y104.123 E.00546
G1 X93.877 Y104.123 E.01246
G1 X93.877 Y109.377 E.07389
G1 X92.123 Y109.377 E.02467
G1 X92.123 Y104.25 E.0721
;WIDTH:0.484262
G1 X92.145 Y104.148 E.00162
;WIDTH:0.528524
G1 X92.167 Y104.046 E.00177
;WIDTH:0.572787
G1 X92.189 Y103.944 E.00193
;WIDTH:0.617049
G1 X92.211 Y103.842 E.00208
;WIDTH:0.661312
G1 X92.233 Y103.74 E.00224
;WIDTH:0.705574
G1 X92.256 Y103.638 E.00239
G1 X92.317 Y103.698 E.00196
;WIDTH:0.661312
G1 X92.378 Y103.758 E.00183
;WIDTH:0.617049
G1 X92.439 Y103.819 E.00172
;WIDTH:0.572787
G1 X92.5 Y103.879 E.00158
;WIDTH:0.528524
G1 X92.519 Y103.897 E.00045
G1 X92.856 Y103.64 F9000
;TYPE:External perimeter
;WIDTH:0.419999
G1 F900
G1 X92.871 Y103.67 E.00045
G1 X92.991 Y103.71 E.00169
G1 X94.29 Y103.71 E.0174
G1 X94.29 Y109.79 E.08146
G1 X91.71 Y109.79 E.03457
G1 X91.71 Y101.21 E.11496
G1 X92.79 Y101.21 E.01447
G1 X92.79 Y103.509 E.0308
G1 X92.829 Y103.586 E.00116
G1 X92.83 Y104.786 F9000
;TYPE:Solid infill
;WIDTH:0.357353
G1 F900
G1 X93.17 Y104.83 E.00388
G1 X93.17 Y108.67 E.04345
G1 X92.83 Y108.67 E.00385
G1 X92.83 Y104.998 E.04155
G1 E-3.5 F3600
;WIPE_START
G1 F7200
G1 X92.83 Y108.156 E-1.5
;WIPE_END
G1 X126.546 Y103.954 F9000
G1 E5 F2400
;TYPE:Perimeter
;WIDTH:0.439999
G1 F900
G1 X126.546 Y102.046 E.02683
G1 X127.454 Y102.046 E.01277
G1 X127.454 Y103.954 E.02683
G1 X126.606 Y103.954 E.01193
G1 X126.123 Y104.377 F9000
G1 F900
G1 X126.123 Y101.623 E.03873
G1 X127.877 Y101.623 E.02467
G1 X127.877 Y104.377 E.03873
G1 X126.183 Y104.377 E.02382
G1 X125.71 Y104.79 F9000
;TYPE:External perimeter
;WIDTH:0.419999
G1 F900
G1 X125.71 Y101.21 E.04797
G1 X128.29 Y101.21 E.03457
G1 X128.29 Y104.79 E.04797
G1 X125.77 Y104.79 E.03376
G1 E-3.5 F3600
;WIPE_START
G1 F7200
G1 X125.71 Y104.79 E-.0285
G1 X125.71 Y101.692 E-1.4715
;WIPE_END
G1 X126.83 Y102.33 F9000
G1 E5 F2400
;TYPE:Solid infill
;WIDTH:0.357352
G1 F900
G1 X127.17 Y102.33 E.00385
G1 X127.17 Y103.67 E.01516
G1 X126.83 Y103.67 E.00385
G1 X126.83 Y102.541 E.01277
G1 E-3.5 F3600
;WIPE_START
G1 F7200
G1 X126.83 Y103.67 E-.53628
G1 X127.17 Y103.67 E-.1615
G1 X127.17 Y102.33 E-.6365
G1 X126.83 Y102.33 E-.1615
;WIPE_END
G1 E-.00422 F3600
G1 X126.546 Y116.046 F9000
G1 E5 F2400
;TYPE:Perimeter
;WIDTH:0.439999
G1 F900
G1 X127.454 Y116.046 E.01277
G1 X127.454 Y117.954 E.02683
G1 X126.546 Y117.954 E.01277
G1 X126.546 Y116.106 E.02599
G1 X126.123 Y115.623 F9000
G1 F900
G1 X127.877 Y115.623 E.02467
G1 X127.877 Y118.377 E.03873
G1 X126.123 Y118.377 E.02467
G1 X126.123 Y115.683 E.03789
G1 X125.71 Y115.21 F9000
;TYPE:External perimeter
;WIDTH:0.419999
G1 F900
G1 X128.29 Y115.21 E.03457
G1 X128.29 Y118.79 E.04797
G1 X125.71 Y118.79 E.03457
G1 X125.71 Y115.27 E.04716
G1 E-3.5 F3600
;WIPE_START
G1 F7200
G1 X125.71 Y115.21 E-.0285
G1 X128.29 Y115.21 E-1.2255
G1 X128.29 Y115.728 E-.246
;WIPE_END
G1 X126.83 Y117.67 F9000
G1 E5 F2400
;TYPE:Solid infill
;WIDTH:0.357354
G1 F900
G1 X126.83 Y116.33 E.01516
G1 X127.17 Y116.33 E.00385
G1 X127.17 Y117.67 E.01516
G1 X127.041 Y117.67 E.00146
;LAYER_CHANGE
;Z:7.64
;HEIGHT:0.0799999
;BEFORE_LAYER_CHANGE
G92 E0
;7.64


G1 E-3.5 F3600
;WIPE_START
G1 F7200
G1 X127.17 Y117.67 E-.06128
G1 X127.17 Y116.33 E-.6365
G1 X126.83 Y116.33 E-.1615
G1 X126.83 Y117.67 E-.6365
;WIPE_END
G1 E-.00422 F3600
G1 Z7.64 F9000
;AFTER_LAYER_CHANGE
;7.64
G1 X92.256 Y103.638
G1 E5 F2400
;TYPE:Perimeter
;WIDTH:0.705574
G1 F900
G1 X92.25 Y103.509 E.00296
;WIDTH:0.694338
G1 X92.25 Y101.75 E.03962
G1 E-3.5 F3600
;WIPE_START
G1 F7200
G1 X92.25 Y103.509 E-.83553
G1 X92.256 Y103.638 E-.06134
;WIPE_END
G1 E-.60313 F3600
G1 X93.454 Y104.546 F9000
G1 E5 F2400
;WIDTH:0.439999
G1 F900
G1 X93.454 Y108.954 E.06199
G1 X92.546 Y108.954 E.01277
G1 X92.546 Y104.397 E.06409
G1 X92.991 Y104.546 E.0066
G1 X93.394 Y104.546 E.00567
G1 X92.562 Y103.94 F9000
;WIDTH:0.484262
G1 F900
G1 X92.623 Y104 E.00133
;WIDTH:0.439999
G1 X92.991 Y104.123 E.00546
G1 X93.877 Y104.123 E.01246
G1 X93.877 Y109.377 E.07389
G1 X92.123 Y109.377 E.02467
G1 X92.123 Y104.25 E.0721
;WIDTH:0.484262
G1 X92.145 Y104.148 E.00162
;WIDTH:0.528524
G1 X92.167 Y104.046 E.00177
;WIDTH:0.572787
G1 X92.189 Y103.944 E.00193
;WIDTH:0.617049
G1 X92.211 Y103.842 E.00208
;WIDTH:0.661312
G1 X92.233 Y103.74 E.00224
;WIDTH:0.705574
G1 X92.256 Y103.638 E.00239
G1 X92.317 Y103.698 E.00196
;WIDTH:0.661312
G1 X92.378 Y103.758 E.00183
;WIDTH:0.617049
G1 X92.439 Y103.819 E.00172
;WIDTH:0.572787
G1 X92.5 Y103.879 E.00158
;WIDTH:0.528524
G1 X92.519 Y103.897 E.00045
G1 X92.856 Y103.64 F9000
;TYPE:External perimeter
;WIDTH:0.419999
G1 F900
G1 X92.871 Y103.67 E.00045
G1 X92.991 Y103.71 E.00169
G1 X94.29 Y103.71 E.0174
G1 X94.29 Y109.79 E.08146
G1 X91.71 Y109.79 E.03457
G1 X91.71 Y101.21 E.11496
G1 X92.79 Y101.21 E.01447
G1 X92.79 Y103.509 E.0308
G1 X92.829 Y103.586 E.00116
G1 X92.83 Y104.786 F9000
;TYPE:Solid infill
;WIDTH:0.357353
G1 F900
G1 X93.17 Y104.83 E.00388
G1 X93.17 Y108.67 E.04345
G1 X92.83 Y108.67 E.00385
G1 X92.83 Y104.998 E.04155
G1 E-3.5 F3600
;WIPE_START
G1 F7200
G1 X92.83 Y108.156 E-1.5
;WIPE_END
G1 X126.546 Y103.954 F9000
G1 E5 F2400
;TYPE:Perimeter
;WIDTH:0.439999
G1 F900
G1 X126.546 Y102.046 E.02683
G1 X127.454 Y102.046 E.01277
G1 X127.454 Y103.954 E.02683
G1 X126.606 Y103.954 E.01193
G1 X126.123 Y104.377 F9000
G1 F900
G1 X126.123 Y101.623 E.03873
G1 X127.877 Y101.623 E.02467
G1 X127.877 Y104.377 E.03873
G1 X126.183 Y104.377 E.02382
G1 X125.71 Y104.79 F9000
;TYPE:External perimeter
;WIDTH:0.419999
G1 F900
G1 X125.71 Y101.21 E.04797
G1 X128.29 Y101.21 E.03457
G1 X128.29 Y104.79 E.04797
G1 X125.77 Y104.79 E.03376
G1 E-3.5 F3600
;WIPE_START
G1 F7200
G1 X125.71 Y104.79 E-.0285
G1 X125.71 Y101.692 E-1.4715
;WIPE_END
G1 X127.17 Y102.33 F9000
G1 E5 F2400
;TYPE:Solid infill
;WIDTH:0.357352
G1 F900
G1 X127.17 Y103.67 E.01516
G1 X126.83 Y103.67 E.00385
G1 X126.83 Y102.33 E.01516
G1 X126.959 Y102.33 E.00146
G1 E-3.5 F3600
;WIPE_START
G1 F7200
G1 X126.83 Y102.33 E-.06128
G1 X126.83 Y103.67 E-.6365
G1 X127.17 Y103.67 E-.1615
G1 X127.17 Y102.33 E-.6365
;WIPE_END
G1 E-.00422 F3600
G1 X126.546 Y116.046 F9000
G1 E5 F2400
;TYPE:Perimeter
;WIDTH:0.439999
G1 F900
G1 X127.454 Y116.046 E.01277
G1 X127.454 Y117.954 E.02683
G1 X126.546 Y117.954 E.01277
G1 X126.546 Y116.106 E.02599
G1 X126.123 Y115.623 F9000
G1 F900
G1 X127.877 Y115.623 E.02467
G1 X127.877 Y118.377 E.03873
G1 X126.123 Y118.377 E.02467
G1 X126.123 Y115.683 E.03789
G1 X125.71 Y115.21 F9000
;TYPE:External perimeter
;WIDTH:0.419999
G1 F900
G1 X128.29 Y115.21 E.03457
G1 X128.29 Y118.79 E.04797
G1 X125.71 Y118.79 E.03457
G1 X125.71 Y115.27 E.04716
G1 X126.83 Y116.33 F9000
;TYPE:Solid infill
;WIDTH:0.357352
G1 F900
G1 X127.17 Y116.33 E.00385
G1 X127.17 Y117.67 E.01516
G1 X126.83 Y117.67 E.00385
G1 X126.83 Y116.541 E.01277
;LAYER_CHANGE
;Z:7.72
;HEIGHT:0.0799999
;BEFORE_LAYER_CHANGE
G92 E0
;7.72


G1 E-3.5 F3600
;WIPE_START
G1 F7200
G1 X126.83 Y117.67 E-.53628
G1 X127.17 Y117.67 E-.1615
G1 X127.17 Y116.33 E-.6365
G1 X126.83 Y116.33 E-.1615
;WIPE_END
G1 E-.00422 F3600
G1 Z7.72 F9000
;AFTER_LAYER_CHANGE
;7.72
G1 X92.256 Y103.638
G1 E5 F2400
;TYPE:Perimeter
;WIDTH:0.705574
G1 F900
G1 X92.25 Y103.509 E.00296
;WIDTH:0.694338
G1 X92.25 Y101.75 E.03962
G1 E-3.5 F3600
;WIPE_START
G1 F7200
G1 X92.25 Y103.509 E-.83553
G1 X92.256 Y103.638 E-.06134
;WIPE_END
G1 E-.60313 F3600
G1 X93.454 Y104.546 F9000
G1 E5 F2400
;WIDTH:0.439999
G1 F900
G1 X93.454 Y108.954 E.06199
G1 X92.546 Y108.954 E.01277
G1 X92.546 Y104.397 E.06409
G1 X92.991 Y104.546 E.0066
G1 X93.394 Y104.546 E.00567
G1 X92.562 Y103.94 F9000
;WIDTH:0.484262
G1 F900
G1 X92.623 Y104 E.00133
;WIDTH:0.439999
G1 X92.991 Y104.123 E.00546
G1 X93.877 Y104.123 E.01246
G1 X93.877 Y109.377 E.07389
G1 X92.123 Y109.377 E.02467
G1 X92.123 Y104.25 E.0721
;WIDTH:0.484262
G1 X92.145 Y104.148 E.00162
;WIDTH:0.528524
G1 X92.167 Y104.046 E.00177
;WIDTH:0.572787
G1 X92.189 Y103.944 E.00193
;WIDTH:0.617049
G1 X92.211 Y103.842 E.00208
;WIDTH:0.661312
G1 X92.233 Y103.74 E.00224
;WIDTH:0.705574
G1 X92.256 Y103.638 E.00239
G1 X92.317 Y103.698 E.00196
;WIDTH:0.661312
G1 X92.378 Y103.758 E.00183
;WIDTH:0.617049
G1 X92.439 Y103.819 E.00172
;WIDTH:0.572787
G1 X92.5 Y103.879 E.00158
;WIDTH:0.528524
G1 X92.519 Y103.897 E.00045
G1 X92.856 Y103.64 F9000
;TYPE:External perimeter
;WIDTH:0.419999
G1 F900
G1 X92.871 Y103.67 E.00045
G1 X92.991 Y103.71 E.00169
G1 X94.29 Y103.71 E.0174
G1 X94.29 Y109.79 E.08146
G1 X91.71 Y109.79 E.03457
G1 X91.71 Y101.21 E.11496
G1 X92.79 Y101.21 E.01447
G1 X92.79 Y103.509 E.0308
G1 X92.829 Y103.586 E.00116
G1 X92.83 Y104.786 F9000
;TYPE:Solid infill
;WIDTH:0.357353
G1 F900
G1 X93.17 Y104.83 E.00388
G1 X93.17 Y108.67 E.04345
G1 X92.83 Y108.67 E.00385
G1 X92.83 Y104.998 E.04155
G1 E-3.5 F3600
;WIPE_START
G1 F7200
G1 X92.83 Y108.156 E-1.5
;WIPE_END
G1 X126.546 Y103.954 F9000
G1 E5 F2400
;TYPE:Perimeter
;WIDTH:0.439999
G1 F900
G1 X126.546 Y102.046 E.02683
G1 X127.454 Y102.046 E.01277
G1 X127.454 Y103.954 E.02683
G1 X126.606 Y103.954 E.01193
G1 X126.123 Y104.377 F9000
G1 F900
G1 X126.123 Y101.623 E.03873
G1 X127.877 Y101.623 E.02467
G1 X127.877 Y104.377 E.03873
G1 X126.183 Y104.377 E.02382
G1 X125.71 Y104.79 F9000
;TYPE:External perimeter
;WIDTH:0.419999
G1 F900
G1 X125.71 Y101.21 E.04797
G1 X128.29 Y101.21 E.03457
G1 X128.29 Y104.79 E.04797
G1 X125.77 Y104.79 E.03376
G1 E-3.5 F3600
;WIPE_START
G1 F7200
G1 X125.71 Y104.79 E-.0285
G1 X125.71 Y101.692 E-1.4715
;WIPE_END
G1 X126.83 Y102.33 F9000
G1 E5 F2400
;TYPE:Solid infill
;WIDTH:0.357352
G1 F900
G1 X127.17 Y102.33 E.00385
G1 X127.17 Y103.67 E.01516
G1 X126.83 Y103.67 E.00385
G1 X126.83 Y102.541 E.01277
G1 E-3.5 F3600
;WIPE_START
G1 F7200
G1 X126.83 Y103.67 E-.53628
G1 X127.17 Y103.67 E-.1615
G1 X127.17 Y102.33 E-.6365
G1 X126.83 Y102.33 E-.1615
;WIPE_END
G1 E-.00422 F3600
G1 X126.546 Y116.046 F9000
G1 E5 F2400
;TYPE:Perimeter
;WIDTH:0.439999
G1 F900
G1 X127.454 Y116.046 E.01277
G1 X127.454 Y117.954 E.02683
G1 X126.546 Y117.954 E.01277
G1 X126.546 Y116.106 E.02599
G1 X126.123 Y115.623 F9000
G1 F900
G1 X127.877 Y115.623 E.02467
G1 X127.877 Y118.377 E.03873
G1 X126.123 Y118.377 E.02467
G1 X126.123 Y115.683 E.03789
G1 X125.71 Y115.21 F9000
;TYPE:External perimeter
;WIDTH:0.419999
G1 F900
G1 X128.29 Y115.21 E.03457
G1 X128.29 Y118.79 E.04797
G1 X125.71 Y118.79 E.03457
G1 X125.71 Y115.27 E.04716
G1 E-3.5 F3600
;WIPE_START
G1 F7200
G1 X125.71 Y115.21 E-.0285
G1 X128.29 Y115.21 E-1.2255
G1 X128.29 Y115.728 E-.246
;WIPE_END
G1 X126.83 Y117.67 F9000
G1 E5 F2400
;TYPE:Solid infill
;WIDTH:0.357354
G1 F900
G1 X126.83 Y116.33 E.01516
G1 X127.17 Y116.33 E.00385
G1 X127.17 Y117.67 E.01516
G1 X127.041 Y117.67 E.00146
;LAYER_CHANGE
;Z:7.8
;HEIGHT:0.0800004
;BEFORE_LAYER_CHANGE
G92 E0
;7.8


G1 E-3.5 F3600
;WIPE_START
G1 F7200
G1 X127.17 Y117.67 E-.06128
G1 X127.17 Y116.33 E-.6365
G1 X126.83 Y116.33 E-.1615
G1 X126.83 Y117.67 E-.6365
;WIPE_END
G1 E-.00422 F3600
G1 Z7.8 F9000
;AFTER_LAYER_CHANGE
;7.8
G1 X92.256 Y103.638
G1 E5 F2400
;TYPE:Perimeter
;WIDTH:0.705574
G1 F900
G1 X92.25 Y103.509 E.00296
;WIDTH:0.694338
G1 X92.25 Y101.75 E.03962
G1 E-3.5 F3600
;WIPE_START
G1 F7200
G1 X92.25 Y103.509 E-.83553
G1 X92.256 Y103.638 E-.06134
;WIPE_END
G1 E-.60313 F3600
G1 X93.454 Y104.546 F9000
G1 E5 F2400
;WIDTH:0.439999
G1 F900
G1 X93.454 Y108.954 E.06199
G1 X92.546 Y108.954 E.01277
G1 X92.546 Y104.397 E.06409
G1 X92.991 Y104.546 E.0066
G1 X93.394 Y104.546 E.00567
G1 X92.562 Y103.94 F9000
;WIDTH:0.484262
G1 F900
G1 X92.623 Y104 E.00133
;WIDTH:0.439999
G1 X92.991 Y104.123 E.00546
G1 X93.877 Y104.123 E.01246
G1 X93.877 Y109.377 E.07389
G1 X92.123 Y109.377 E.02467
G1 X92.123 Y104.25 E.0721
;WIDTH:0.484262
G1 X92.145 Y104.148 E.00162
;WIDTH:0.528524
G1 X92.167 Y104.046 E.00177
;WIDTH:0.572787
G1 X92.189 Y103.944 E.00193
;WIDTH:0.617049
G1 X92.211 Y103.842 E.00208
;WIDTH:0.661312
G1 X92.233 Y103.74 E.00224
;WIDTH:0.705574
G1 X92.256 Y103.638 E.00239
G1 X92.317 Y103.698 E.00196
;WIDTH:0.661312
G1 X92.378 Y103.758 E.00183
;WIDTH:0.617049
G1 X92.439 Y103.819 E.00172
;WIDTH:0.572787
G1 X92.5 Y103.879 E.00158
;WIDTH:0.528524
G1 X92.519 Y103.897 E.00045
G1 X92.856 Y103.64 F9000
;TYPE:External perimeter
;WIDTH:0.419999
G1 F900
G1 X92.871 Y103.67 E.00045
G1 X92.991 Y103.71 E.00169
G1 X94.29 Y103.71 E.0174
G1 X94.29 Y109.79 E.08146
G1 X91.71 Y109.79 E.03457
G1 X91.71 Y101.21 E.11496
G1 X92.79 Y101.21 E.01447
G1 X92.79 Y103.509 E.0308
G1 X92.829 Y103.586 E.00116
G1 X92.83 Y104.786 F9000
;TYPE:Solid infill
;WIDTH:0.357353
G1 F900
G1 X93.17 Y104.83 E.00388
G1 X93.17 Y108.67 E.04345
G1 X92.83 Y108.67 E.00385
G1 X92.83 Y104.998 E.04155
G1 E-3.5 F3600
;WIPE_START
G1 F7200
G1 X92.83 Y108.156 E-1.5
;WIPE_END
G1 X126.546 Y103.954 F9000
G1 E5 F2400
;TYPE:Perimeter
;WIDTH:0.439999
G1 F900
G1 X126.546 Y102.046 E.02683
G1 X127.454 Y102.046 E.01277
G1 X127.454 Y103.954 E.02683
G1 X126.606 Y103.954 E.01193
G1 X126.123 Y104.377 F9000
G1 F900
G1 X126.123 Y101.623 E.03873
G1 X127.877 Y101.623 E.02467
G1 X127.877 Y104.377 E.03873
G1 X126.183 Y104.377 E.02382
G1 X125.71 Y104.79 F9000
;TYPE:External perimeter
;WIDTH:0.419999
G1 F900
G1 X125.71 Y101.21 E.04797
G1 X128.29 Y101.21 E.03457
G1 X128.29 Y104.79 E.04797
G1 X125.77 Y104.79 E.03376
G1 E-3.5 F3600
;WIPE_START
G1 F7200
G1 X125.71 Y104.79 E-.0285
G1 X125.71 Y101.692 E-1.4715
;WIPE_END
G1 X127.17 Y102.33 F9000
G1 E5 F2400
;TYPE:Solid infill
;WIDTH:0.357352
G1 F900
G1 X127.17 Y103.67 E.01516
G1 X126.83 Y103.67 E.00385
G1 X126.83 Y102.33 E.01516
G1 X126.959 Y102.33 E.00146
G1 E-3.5 F3600
;WIPE_START
G1 F7200
G1 X126.83 Y102.33 E-.06128
G1 X126.83 Y103.67 E-.6365
G1 X127.17 Y103.67 E-.1615
G1 X127.17 Y102.33 E-.6365
;WIPE_END
G1 E-.00422 F3600
G1 X126.546 Y116.046 F9000
G1 E5 F2400
;TYPE:Perimeter
;WIDTH:0.439999
G1 F900
G1 X127.454 Y116.046 E.01277
G1 X127.454 Y117.954 E.02683
G1 X126.546 Y117.954 E.01277
G1 X126.546 Y116.106 E.02599
G1 X126.123 Y115.623 F9000
G1 F900
G1 X127.877 Y115.623 E.02467
G1 X127.877 Y118.377 E.03873
G1 X126.123 Y118.377 E.02467
G1 X126.123 Y115.683 E.03789
G1 X125.71 Y115.21 F9000
;TYPE:External perimeter
;WIDTH:0.419999
G1 F900
G1 X128.29 Y115.21 E.03457
G1 X128.29 Y118.79 E.04797
G1 X125.71 Y118.79 E.03457
G1 X125.71 Y115.27 E.04716
G1 X126.83 Y116.33 F9000
;TYPE:Solid infill
;WIDTH:0.357352
G1 F900
G1 X127.17 Y116.33 E.00385
G1 X127.17 Y117.67 E.01516
G1 X126.83 Y117.67 E.00385
G1 X126.83 Y116.541 E.01277
;LAYER_CHANGE
;Z:7.88
;HEIGHT:0.0799999
;BEFORE_LAYER_CHANGE
G92 E0
;7.88


G1 E-3.5 F3600
;WIPE_START
G1 F7200
G1 X126.83 Y117.67 E-.53628
G1 X127.17 Y117.67 E-.1615
G1 X127.17 Y116.33 E-.6365
G1 X126.83 Y116.33 E-.1615
;WIPE_END
G1 E-.00422 F3600
G1 Z7.88 F9000
;AFTER_LAYER_CHANGE
;7.88
G1 X92.256 Y103.638
G1 E5 F2400
;TYPE:Perimeter
;WIDTH:0.705574
G1 F900
G1 X92.25 Y103.509 E.00296
;WIDTH:0.694338
G1 X92.25 Y101.75 E.03962
G1 E-3.5 F3600
;WIPE_START
G1 F7200
G1 X92.25 Y103.509 E-.83553
G1 X92.256 Y103.638 E-.06134
;WIPE_END
G1 E-.60313 F3600
G1 X93.454 Y104.546 F9000
G1 E5 F2400
;WIDTH:0.439999
G1 F900
G1 X93.454 Y108.954 E.06199
G1 X92.546 Y108.954 E.01277
G1 X92.546 Y104.397 E.06409
G1 X92.991 Y104.546 E.0066
G1 X93.394 Y104.546 E.00567
G1 X92.562 Y103.94 F9000
;WIDTH:0.484262
G1 F900
G1 X92.623 Y104 E.00133
;WIDTH:0.439999
G1 X92.991 Y104.123 E.00546
G1 X93.877 Y104.123 E.01246
G1 X93.877 Y109.377 E.07389
G1 X92.123 Y109.377 E.02467
G1 X92.123 Y104.25 E.0721
;WIDTH:0.484262
G1 X92.145 Y104.148 E.00162
;WIDTH:0.528524
G1 X92.167 Y104.046 E.00177
;WIDTH:0.572787
G1 X92.189 Y103.944 E.00193
;WIDTH:0.617049
G1 X92.211 Y103.842 E.00208
;WIDTH:0.661312
G1 X92.233 Y103.74 E.00224
;WIDTH:0.705574
G1 X92.256 Y103.638 E.00239
G1 X92.317 Y103.698 E.00196
;WIDTH:0.661312
G1 X92.378 Y103.758 E.00183
;WIDTH:0.617049
G1 X92.439 Y103.819 E.00172
;WIDTH:0.572787
G1 X92.5 Y103.879 E.00158
;WIDTH:0.528524
G1 X92.519 Y103.897 E.00045
G1 X92.856 Y103.64 F9000
;TYPE:External perimeter
;WIDTH:0.419999
G1 F900
G1 X92.871 Y103.67 E.00045
G1 X92.991 Y103.71 E.00169
G1 X94.29 Y103.71 E.0174
G1 X94.29 Y109.79 E.08146
G1 X91.71 Y109.79 E.03457
G1 X91.71 Y101.21 E.11496
G1 X92.79 Y101.21 E.01447
G1 X92.79 Y103.509 E.0308
G1 X92.829 Y103.586 E.00116
G1 X92.83 Y104.786 F9000
;TYPE:Solid infill
;WIDTH:0.357353
G1 F900
G1 X93.17 Y104.83 E.00388
G1 X93.17 Y108.67 E.04345
G1 X92.83 Y108.67 E.00385
G1 X92.83 Y104.998 E.04155
G1 E-3.5 F3600
;WIPE_START
G1 F7200
G1 X92.83 Y108.156 E-1.5
;WIPE_END
G1 X126.546 Y103.954 F9000
G1 E5 F2400
;TYPE:Perimeter
;WIDTH:0.439999
G1 F900
G1 X126.546 Y102.046 E.02683
G1 X127.454 Y102.046 E.01277
G1 X127.454 Y103.954 E.02683
G1 X126.606 Y103.954 E.01193
G1 X126.123 Y104.377 F9000
G1 F900
G1 X126.123 Y101.623 E.03873
G1 X127.877 Y101.623 E.02467
G1 X127.877 Y104.377 E.03873
G1 X126.183 Y104.377 E.02382
G1 X125.71 Y104.79 F9000
;TYPE:External perimeter
;WIDTH:0.419999
G1 F900
G1 X125.71 Y101.21 E.04797
G1 X128.29 Y101.21 E.03457
G1 X128.29 Y104.79 E.04797
G1 X125.77 Y104.79 E.03376
G1 E-3.5 F3600
;WIPE_START
G1 F7200
G1 X125.71 Y104.79 E-.0285
G1 X125.71 Y101.692 E-1.4715
;WIPE_END
G1 X126.83 Y102.33 F9000
G1 E5 F2400
;TYPE:Solid infill
;WIDTH:0.357352
G1 F900
G1 X127.17 Y102.33 E.00385
G1 X127.17 Y103.67 E.01516
G1 X126.83 Y103.67 E.00385
G1 X126.83 Y102.541 E.01277
G1 E-3.5 F3600
;WIPE_START
G1 F7200
G1 X126.83 Y103.67 E-.53628
G1 X127.17 Y103.67 E-.1615
G1 X127.17 Y102.33 E-.6365
G1 X126.83 Y102.33 E-.1615
;WIPE_END
G1 E-.00422 F3600
G1 X126.546 Y116.046 F9000
G1 E5 F2400
;TYPE:Perimeter
;WIDTH:0.439999
G1 F900
G1 X127.454 Y116.046 E.01277
G1 X127.454 Y117.954 E.02683
G1 X126.546 Y117.954 E.01277
G1 X126.546 Y116.106 E.02599
G1 X126.123 Y115.623 F9000
G1 F900
G1 X127.877 Y115.623 E.02467
G1 X127.877 Y118.377 E.03873
G1 X126.123 Y118.377 E.02467
G1 X126.123 Y115.683 E.03789
G1 X125.71 Y115.21 F9000
;TYPE:External perimeter
;WIDTH:0.419999
G1 F900
G1 X128.29 Y115.21 E.03457
G1 X128.29 Y118.79 E.04797
G1 X125.71 Y118.79 E.03457
G1 X125.71 Y115.27 E.04716
G1 E-3.5 F3600
;WIPE_START
G1 F7200
G1 X125.71 Y115.21 E-.0285
G1 X128.29 Y115.21 E-1.2255
G1 X128.29 Y115.728 E-.246
;WIPE_END
G1 X126.83 Y117.67 F9000
G1 E5 F2400
;TYPE:Solid infill
;WIDTH:0.357354
G1 F900
G1 X126.83 Y116.33 E.01516
G1 X127.17 Y116.33 E.00385
G1 X127.17 Y117.67 E.01516
G1 X127.041 Y117.67 E.00146
;LAYER_CHANGE
;Z:7.96
;HEIGHT:0.0799999
;BEFORE_LAYER_CHANGE
G92 E0
;7.96


G1 E-3.5 F3600
;WIPE_START
G1 F7200
G1 X127.17 Y117.67 E-.06128
G1 X127.17 Y116.33 E-.6365
G1 X126.83 Y116.33 E-.1615
G1 X126.83 Y117.67 E-.6365
;WIPE_END
G1 E-.00422 F3600
G1 Z7.96 F9000
;AFTER_LAYER_CHANGE
;7.96
G1 X92.256 Y103.638
G1 E5 F2400
;TYPE:Perimeter
;WIDTH:0.705574
G1 F900
G1 X92.25 Y103.509 E.00296
;WIDTH:0.694338
G1 X92.25 Y101.75 E.03962
G1 E-3.5 F3600
;WIPE_START
G1 F7200
G1 X92.25 Y103.509 E-.83553
G1 X92.256 Y103.638 E-.06134
;WIPE_END
G1 E-.60313 F3600
G1 X93.454 Y104.546 F9000
G1 E5 F2400
;WIDTH:0.439999
G1 F900
G1 X93.454 Y108.954 E.06199
G1 X92.546 Y108.954 E.01277
G1 X92.546 Y104.397 E.06409
G1 X92.991 Y104.546 E.0066
G1 X93.394 Y104.546 E.00567
G1 X92.562 Y103.94 F9000
;WIDTH:0.484262
G1 F900
G1 X92.623 Y104 E.00133
;WIDTH:0.439999
G1 X92.991 Y104.123 E.00546
G1 X93.877 Y104.123 E.01246
G1 X93.877 Y109.377 E.07389
G1 X92.123 Y109.377 E.02467
G1 X92.123 Y104.25 E.0721
;WIDTH:0.484262
G1 X92.145 Y104.148 E.00162
;WIDTH:0.528524
G1 X92.167 Y104.046 E.00177
;WIDTH:0.572787
G1 X92.189 Y103.944 E.00193
;WIDTH:0.617049
G1 X92.211 Y103.842 E.00208
;WIDTH:0.661312
G1 X92.233 Y103.74 E.00224
;WIDTH:0.705574
G1 X92.256 Y103.638 E.00239
G1 X92.317 Y103.698 E.00196
;WIDTH:0.661312
G1 X92.378 Y103.758 E.00183
;WIDTH:0.617049
G1 X92.439 Y103.819 E.00172
;WIDTH:0.572787
G1 X92.5 Y103.879 E.00158
;WIDTH:0.528524
G1 X92.519 Y103.897 E.00045
G1 X92.856 Y103.64 F9000
;TYPE:External perimeter
;WIDTH:0.419999
G1 F900
G1 X92.871 Y103.67 E.00045
G1 X92.991 Y103.71 E.00169
G1 X94.29 Y103.71 E.0174
G1 X94.29 Y109.79 E.08146
G1 X91.71 Y109.79 E.03457
G1 X91.71 Y101.21 E.11496
G1 X92.79 Y101.21 E.01447
G1 X92.79 Y103.509 E.0308
G1 X92.829 Y103.586 E.00116
G1 E-3.5 F3600
;WIPE_START
G1 F7200
G1 X92.856 Y103.64 E-.02868
G1 X92.871 Y103.67 E-.01593
G1 X92.991 Y103.71 E-.06008
G1 X94.29 Y103.71 E-.61703
G1 X94.29 Y105.348 E-.77828
;WIPE_END
G1 X92.679 Y108.672 F9000
G1 E5 F2400
;TYPE:Top solid infill
;WIDTH:0.408161
G1 F900
G1 X93.149 Y108.202 E.00864
G1 X93.149 Y107.649 E.00719
G1 X92.851 Y107.947 E.00548
G1 X92.851 Y107.394 E.00719
G1 X93.149 Y107.096 E.00548
G1 X93.149 Y106.543 E.00719
G1 X92.851 Y106.841 E.00548
G1 X92.851 Y106.288 E.00719
G1 X93.149 Y105.99 E.00548
G1 X93.149 Y105.437 E.00719
G1 X92.851 Y105.735 E.00548
G1 X92.851 Y105.182 E.00719
G1 X93.321 Y104.712 E.00864
G1 E-3.5 F3600
;WIPE_START
G1 F7200
G1 X92.851 Y105.182 E-.31572
G1 X92.851 Y105.735 E-.26267
G1 X93.149 Y105.437 E-.20018
G1 X93.149 Y105.99 E-.26268
G1 X92.851 Y106.288 E-.20018
G1 X92.851 Y106.832 E-.25857
;WIPE_END
G1 X126.546 Y103.954 F9000
G1 E5 F2400
;TYPE:Perimeter
;WIDTH:0.439999
G1 F900
G1 X126.546 Y102.046 E.02683
G1 X127.454 Y102.046 E.01277
G1 X127.454 Y103.954 E.02683
G1 X126.606 Y103.954 E.01193
G1 X126.123 Y104.377 F9000
G1 F900
G1 X126.123 Y101.623 E.03873
G1 X127.877 Y101.623 E.02467
G1 X127.877 Y104.377 E.03873
G1 X126.183 Y104.377 E.02382
G1 X125.71 Y104.79 F9000
;TYPE:External perimeter
;WIDTH:0.419999
G1 F900
G1 X125.71 Y101.21 E.04797
G1 X128.29 Y101.21 E.03457
G1 X128.29 Y104.79 E.04797
G1 X125.77 Y104.79 E.03376
G1 X126.679 Y103.616 F9000
;TYPE:Top solid infill
;WIDTH:0.434491
G1 F900
G1 X127.149 Y103.146 E.00923
G1 X127.149 Y102.556 E.00819
G1 X126.679 Y103.026 E.00923
G1 E-3.5 F3600
;WIPE_START
G1 F7200
G1 X127.149 Y102.556 E-.31572
G1 X127.149 Y103.146 E-.28025
G1 X126.679 Y103.616 E-.31572
;WIPE_END
G1 E-.58831 F3600
G1 X126.546 Y116.046 F9000
G1 E5 F2400
;TYPE:Perimeter
;WIDTH:0.439999
G1 F900
G1 X127.454 Y116.046 E.01277
G1 X127.454 Y117.954 E.02683
G1 X126.546 Y117.954 E.01277
G1 X126.546 Y116.106 E.02599
G1 X126.123 Y115.623 F9000
G1 F900
G1 X127.877 Y115.623 E.02467
G1 X127.877 Y118.377 E.03873
G1 X126.123 Y118.377 E.02467
G1 X126.123 Y115.683 E.03789
G1 X125.71 Y115.21 F9000
;TYPE:External perimeter
;WIDTH:0.419999
G1 F900
G1 X128.29 Y115.21 E.03457
G1 X128.29 Y118.79 E.04797
G1 X125.71 Y118.79 E.03457
G1 X125.71 Y115.27 E.04716
G1 E-3.5 F3600
;WIPE_START
G1 F7200
G1 X125.71 Y115.21 E-.0285
G1 X128.29 Y115.21 E-1.2255
G1 X128.29 Y115.728 E-.246
;WIPE_END
G1 X126.679 Y117.616 F9000
G1 E5 F2400
;TYPE:Top solid infill
;WIDTH:0.434491
G1 F900
G1 X127.149 Y117.146 E.00923
G1 X127.149 Y116.556 E.00819
G1 X126.679 Y117.026 E.00923
; stop printing object pro_micro_cover.stl id:0 copy 0
G1 E-3.5 F3600
;WIPE_START
G1 F7200;_WIPE
G1 X127.149 Y116.556 E-.31572
G1 X127.149 Y117.146 E-.28025
G1 X126.679 Y117.616 E-.31572
;WIPE_END
G1 E-.58831 F3600
M107
;TYPE:Custom
; Filament-specific end gcode 
;END gcode for filament
G1 Z9.96 F600 ; Move print head up
G1 X5 Y187 F9000 ; present print
G1 Z77.96 F600 ; Move print head further up
G1 Z150 F600 ; Move print head further up
M140 S0 ; turn off heatbed
M104 S0 ; turn off temperature
M107 ; turn off fan
M84 X Y E ; disable motors
; objects_info = {"objects":[{"name":"pro_micro_cover.stl id:0 copy 0","polygon":[[128.500,105.000],[127.000,105.000],[127.000,115.000],[128.500,115.000],[128.500,119.000],[93.000,119.000],[93.000,110.000],[91.500,110.000],[91.500,101.000],[128.500,101.000]]}]}
; filament used [mm] = 545.59
; filament used [cm3] = 1.31
; filament used [g] = 1.67
; filament cost = 0.05
; total filament used [g] = 1.67
; total filament cost = 0.05
; total filament used for wipe tower [g] = 0.00
; estimated printing time (normal mode) = 28m 26s
; estimated first layer printing time (normal mode) = 2m 29s

; prusaslicer_config = begin
; arc_fitting = disabled
; autoemit_temperature_commands = 1
; automatic_extrusion_widths = 0
; automatic_infill_combination = 0
; automatic_infill_combination_max_layer_height = 100%
; avoid_crossing_curled_overhangs = 0
; avoid_crossing_perimeters = 0
; avoid_crossing_perimeters_max_detour = 0
; bed_custom_model = 
; bed_custom_texture = 
; bed_shape = 5x0,215x0,215x220,5x220
; bed_temperature = 70
; bed_temperature_extruder = 0
; before_layer_gcode = ;BEFORE_LAYER_CHANGE\nG92 E0\n;{layer_z}\n\n
; between_objects_gcode = 
; binary_gcode = 0
; bottom_fill_pattern = monotonic
; bottom_solid_layers = 9
; bottom_solid_min_thickness = 0
; bridge_acceleration = 250
; bridge_angle = 0
; bridge_fan_speed = 100
; bridge_flow_ratio = 0.7
; bridge_speed = 25
; brim_separation = 0
; brim_type = outer_only
; brim_width = 0
; chamber_minimal_temperature = 0
; chamber_temperature = 0
; color_change_gcode = M600
; colorprint_heights = 
; compatible_printers_condition_cummulative = "printer_model=~/(ENDER|CR|SERMOON).*/ and nozzle_diameter[0]==0.4";printer_notes=~/.*PRINTER_VENDOR_CREALITY.*/
; complete_objects = 0
; cooling = 1
; cooling_perimeter_transition_distance = 0
; cooling_slowdown_logic = uniform_cooling
; cooling_tube_length = 5
; cooling_tube_retraction = 91.5
; custom_parameters_filament = ""
; custom_parameters_print = 
; custom_parameters_printer = 
; default_acceleration = 500
; default_filament_profile = "Generic PLA @CREALITY"
; default_print_profile = "0.16 mm OPTIMAL (0.4 mm nozzle) @CREALITY"
; deretract_speed = 40
; disable_fan_first_layers = 3
; dont_support_bridges = 1
; draft_shield = disabled
; duplicate_distance = 6
; elefant_foot_compensation = 0.1
; enable_dynamic_fan_speeds = 0
; enable_dynamic_overhang_speeds = 0
; end_filament_gcode = "; Filament-specific end gcode \n;END gcode for filament\n"
; end_gcode = {if max_layer_z < max_print_height}G1 Z{z_offset+min(max_layer_z+2, max_print_height)} F600 ; Move print head up{endif}\nG1 X5 Y{print_bed_max[1]*0.85} F{travel_speed*60} ; present print\n{if max_layer_z < max_print_height-10}G1 Z{z_offset+min(max_layer_z+70, max_print_height-10)} F600 ; Move print head further up{endif}\n{if max_layer_z < max_print_height*0.6}G1 Z{max_print_height*0.6} F600 ; Move print head further up{endif}\nM140 S0 ; turn off heatbed\nM104 S0 ; turn off temperature\nM107 ; turn off fan\nM84 X Y E ; disable motors
; ensure_vertical_shell_thickness = enabled
; external_perimeter_acceleration = 0
; external_perimeter_extrusion_width = 0.42
; external_perimeter_speed = 25
; external_perimeters_first = 0
; extra_loading_move = -2
; extra_perimeters = 0
; extra_perimeters_on_overhangs = 0
; extruder_clearance_height = 25
; extruder_clearance_radius = 55
; extruder_colour = #FCE94F
; extruder_offset = 0x0
; extrusion_axis = E
; extrusion_multiplier = 1
; extrusion_width = 0.44
; fan_always_on = 1
; fan_below_layer_time = 20
; filament_abrasive = 0
; filament_colour = #DDDDDD
; filament_cooling_final_speed = 3.4
; filament_cooling_initial_speed = 2.2
; filament_cooling_moves = 4
; filament_cost = 30
; filament_density = 1.27
; filament_deretract_speed = nil
; filament_diameter = 1.75
; filament_flush_speed = 0
; filament_flush_volume = 0
; filament_infill_max_crossing_speed = 0
; filament_infill_max_speed = 0
; filament_load_time = 0
; filament_loading_speed = 28
; filament_loading_speed_start = 3
; filament_max_volumetric_speed = 8
; filament_minimal_purge_on_wipe_tower = 15
; filament_multitool_ramming = 0
; filament_multitool_ramming_flow = 10
; filament_multitool_ramming_volume = 10
; filament_notes = ""
; filament_purge_multiplier = 100%
; filament_ramming_parameters = "120 100 6.6 6.8 7.2 7.6 7.9 8.2 8.7 9.4 9.9 10.0| 0.05 6.6 0.45 6.8 0.95 7.8 1.45 8.3 1.95 9.7 2.45 10 2.95 7.6 3.45 7.6 3.95 7.6 4.45 7.6 4.95 7.6"
; filament_retract_before_travel = nil
; filament_retract_before_wipe = nil
; filament_retract_layer_change = nil
; filament_retract_length = nil
; filament_retract_length_toolchange = nil
; filament_retract_lift = nil
; filament_retract_lift_above = nil
; filament_retract_lift_below = nil
; filament_retract_restart_extra = nil
; filament_retract_restart_extra_toolchange = nil
; filament_retract_speed = nil
; filament_seam_gap_distance = nil
; filament_settings_id = "Generic PETG @CREALITY"
; filament_shrinkage_compensation_xy = 0%
; filament_shrinkage_compensation_z = 0%
; filament_soluble = 0
; filament_spool_weight = 0
; filament_stamping_distance = 0
; filament_stamping_loading_speed = 20
; filament_toolchange_delay = 0
; filament_travel_lift_before_obstacle = nil
; filament_travel_max_lift = nil
; filament_travel_ramping_lift = nil
; filament_travel_slope = nil
; filament_type = PETG
; filament_unload_time = 0
; filament_unloading_speed = 90
; filament_unloading_speed_start = 100
; filament_vendor = Generic
; filament_wipe = nil
; fill_angle = 45
; fill_density = 40%
; fill_pattern = grid
; first_layer_acceleration = 0
; first_layer_acceleration_over_raft = 0
; first_layer_bed_temperature = 70
; first_layer_extrusion_width = 0.42
; first_layer_height = 0.2
; first_layer_infill_speed = 0
; first_layer_speed = 20
; first_layer_speed_over_raft = 30
; first_layer_temperature = 240
; full_fan_speed_layer = 0
; fuzzy_skin = none
; fuzzy_skin_point_dist = 0.8
; fuzzy_skin_thickness = 0.3
; gap_fill_enabled = 1
; gap_fill_speed = 30
; gcode_comments = 0
; gcode_flavor = marlin
; gcode_label_objects = octoprint
; gcode_resolution = 0.0125
; gcode_substitutions = 
; high_current_on_filament_swap = 0
; host_type = prusalink
; idle_temperature = 160
; infill_acceleration = 0
; infill_anchor = 600%
; infill_anchor_max = 50
; infill_every_layers = 1
; infill_extruder = 1
; infill_extrusion_width = 0.44
; infill_first = 0
; infill_overlap = 23%
; infill_speed = 50
; inherits_cummulative = "0.08 mm SUPERDETAIL (0.4 mm nozzle) @CREALITY";;
; interface_shells = 0
; interlocking_beam = 0
; interlocking_beam_layer_count = 2
; interlocking_beam_width = 0.8
; interlocking_boundary_avoidance = 2
; interlocking_depth = 2
; interlocking_orientation = 22.5
; ironing = 0
; ironing_flowrate = 10%
; ironing_spacing = 0.1
; ironing_speed = 20
; ironing_type = top
; layer_gcode = ;AFTER_LAYER_CHANGE\n;{layer_z}
; layer_height = 0.08
; machine_limits_usage = emit_to_gcode
; machine_max_acceleration_e = 5000
; machine_max_acceleration_extruding = 500
; machine_max_acceleration_retracting = 1000
; machine_max_acceleration_travel = 500
; machine_max_acceleration_x = 500
; machine_max_acceleration_y = 500
; machine_max_acceleration_z = 100
; machine_max_feedrate_e = 60
; machine_max_feedrate_x = 500
; machine_max_feedrate_y = 500
; machine_max_feedrate_z = 10
; machine_max_jerk_e = 5
; machine_max_jerk_x = 8
; machine_max_jerk_y = 8
; machine_max_jerk_z = 0.4
; machine_max_junction_deviation = 0,0
; machine_min_extruding_rate = 0
; machine_min_travel_rate = 0
; max_fan_speed = 50
; max_layer_height = 0.32
; max_print_height = 250
; max_print_speed = 100
; max_volumetric_extrusion_rate_slope_negative = 0
; max_volumetric_extrusion_rate_slope_positive = 0
; max_volumetric_speed = 0
; min_bead_width = 85%
; min_fan_speed = 20
; min_feature_size = 25%
; min_layer_height = 0.06
; min_print_speed = 15
; min_skirt_length = 4
; mmu_segmented_region_interlocking_depth = 0
; mmu_segmented_region_max_width = 0
; multimaterial_purging = 140
; notes = 
; nozzle_diameter = 0.4
; nozzle_high_flow = 0
; only_one_perimeter_first_layer = 0
; only_retract_when_crossing_perimeters = 0
; ooze_prevention = 0
; output_filename_format = {input_filename_base}_{print_time}_{digits(layer_height,1,2)}mm_{temperature[0]}C_{filament_type[0]}_{printer_model}.gcode
; over_bridge_speed = 0
; overhang_fan_speed_0 = 0
; overhang_fan_speed_1 = 0
; overhang_fan_speed_2 = 0
; overhang_fan_speed_3 = 0
; overhang_speed_0 = 15
; overhang_speed_1 = 15
; overhang_speed_2 = 20
; overhang_speed_3 = 25
; overhangs = 1
; parking_pos_retraction = 92
; pause_print_gcode = M25 ; pause print
; perimeter_acceleration = 0
; perimeter_extruder = 1
; perimeter_extrusion_width = 0.44
; perimeter_generator = arachne
; perimeter_speed = 40
; perimeters = 3
; physical_printer_settings_id = 
; post_process = 
; prefer_clockwise_movements = 0
; print_settings_id = 0.08 mm SUPERDETAIL (0.4 mm nozzle) @CREALITY - Copy
; printer_model = ENDER3V2
; printer_notes = Don't remove the following keywords! These keywords are used in the "compatible printer" condition of the print and filament profiles to link the particular print and filament profiles to this printer profile.\nPRINTER_VENDOR_CREALITY\nPRINTER_MODEL_ENDER3V2\nPRINTER_HAS_BOWDEN
; printer_settings_id = Creality Ender-3 V2 (0.4 mm nozzle)
; printer_technology = FFF
; printer_variant = 0.4
; printer_vendor = 
; profile_vendor = Creality
; profile_version = 1.1.0
; raft_contact_distance = 0.1
; raft_expansion = 1.5
; raft_first_layer_density = 90%
; raft_first_layer_expansion = 3
; raft_layers = 0
; remaining_times = 0
; resolution = 0
; retract_before_travel = 2
; retract_before_wipe = 70%
; retract_layer_change = 1
; retract_length = 5
; retract_length_toolchange = 1
; retract_lift = 0
; retract_lift_above = 0.2
; retract_lift_below = 0
; retract_restart_extra = 0
; retract_restart_extra_toolchange = 0
; retract_speed = 60
; scarf_seam_entire_loop = 0
; scarf_seam_length = 20
; scarf_seam_max_segment_length = 1
; scarf_seam_on_inner_perimeters = 0
; scarf_seam_only_on_smooth = 1
; scarf_seam_placement = nowhere
; scarf_seam_start_height = 0%
; seam_gap_distance = 15%
; seam_position = nearest
; silent_mode = 0
; single_extruder_multi_material = 0
; single_extruder_multi_material_priming = 0
; skirt_distance = 3
; skirt_height = 2
; skirts = 1
; slice_closing_radius = 0.049
; slicing_mode = regular
; slowdown_below_layer_time = 20
; small_perimeter_speed = 25
; solid_infill_acceleration = 0
; solid_infill_below_area = 0
; solid_infill_every_layers = 0
; solid_infill_extruder = 1
; solid_infill_extrusion_width = 0.44
; solid_infill_speed = 40
; spiral_vase = 0
; staggered_inner_seams = 0
; standby_temperature_delta = -5
; start_filament_gcode = "; Filament gcode\n"
; start_gcode = G90 ; use absolute coordinates\nM83 ; extruder relative mode\nM104 S{is_nil(idle_temperature[0]) ? 150 : idle_temperature[0]} ; set temporary nozzle temp to prevent oozing during homing\nM140 S{first_layer_bed_temperature[0]} ; set final bed temp\nG4 S30 ; allow partial nozzle warmup\nG28 ; home all axis\nG1 Z50 F240\nG1 X2.0 Y10 F3000\nM104 S{first_layer_temperature[0]} ; set final nozzle temp\nM190 S{first_layer_bed_temperature[0]} ; wait for bed temp to stabilize\nM109 S{first_layer_temperature[0]} ; wait for nozzle temp to stabilize\nG1 Z0.28 F240\nG92 E0\nG1 X2.0 Y140 E10 F1500 ; prime the nozzle\nG1 X2.3 Y140 F5000\nG92 E0\nG1 X2.3 Y10 E10 F1200 ; prime the nozzle\nG92 E0
; support_material = 1
; support_material_angle = 0
; support_material_auto = 1
; support_material_bottom_contact_distance = 0
; support_material_bottom_interface_layers = -1
; support_material_buildplate_only = 0
; support_material_closing_radius = 2
; support_material_contact_distance = 0.15
; support_material_enforce_layers = 0
; support_material_extruder = 0
; support_material_extrusion_width = 0.36
; support_material_interface_contact_loops = 0
; support_material_interface_extruder = 0
; support_material_interface_layers = 2
; support_material_interface_pattern = rectilinear
; support_material_interface_spacing = 0.2
; support_material_interface_speed = 100%
; support_material_pattern = rectilinear
; support_material_spacing = 1
; support_material_speed = 40
; support_material_style = grid
; support_material_synchronize_layers = 0
; support_material_threshold = 40
; support_material_with_sheath = 0
; support_material_xy_spacing = 60%
; support_tree_angle = 40
; support_tree_angle_slow = 25
; support_tree_branch_diameter = 2
; support_tree_branch_diameter_angle = 5
; support_tree_branch_diameter_double_wall = 3
; support_tree_branch_distance = 1
; support_tree_tip_diameter = 0.8
; support_tree_top_rate = 15%
; temperature = 240
; template_custom_gcode = 
; thick_bridges = 1
; thin_walls = 0
; thumbnails = 
; thumbnails_format = PNG
; toolchange_gcode = 
; toolchange_ordering = optimized
; top_fill_pattern = monotonic
; top_infill_extrusion_width = 0.4
; top_one_perimeter_type = none
; top_solid_infill_acceleration = 0
; top_solid_infill_speed = 30
; top_solid_layers = 11
; top_solid_min_thickness = 0
; travel_acceleration = 0
; travel_lift_before_obstacle = 0
; travel_max_lift = 0
; travel_ramping_lift = 0
; travel_short_distance_acceleration = 0
; travel_slope = 0
; travel_speed = 150
; travel_speed_z = 0
; use_firmware_retraction = 0
; use_relative_e_distances = 1
; use_volumetric_e = 0
; variable_layer_height = 1
; wall_distribution_count = 1
; wall_transition_angle = 10
; wall_transition_filter_deviation = 25%
; wall_transition_length = 100%
; wipe = 1
; wipe_into_infill = 0
; wipe_into_objects = 0
; wipe_tower = 0
; wipe_tower_acceleration = 0
; wipe_tower_bridging = 10
; wipe_tower_brim_width = 2
; wipe_tower_cone_angle = 0
; wipe_tower_extra_flow = 100%
; wipe_tower_extra_spacing = 100%
; wipe_tower_extruder = 0
; wipe_tower_no_sparse_layers = 0
; wipe_tower_width = 60
; wiping_volumes_matrix = 0
; wiping_volumes_use_custom_matrix = 0
; xy_size_compensation = 0
; z_offset = 0
; prusaslicer_config = end
